event_index,game_id,created_at,white_id,black_id,white_score,elo_probability,platform_probability,white_rating_before,black_rating_before,white_platform_rating,black_platform_rating,frozen_probability,naive_probability,split,cumulative_log_loss_vs_frozen
0,4yaeTF0r,2025-09-18 18:00:02.352000+00:00,player_6e9cf79428,player_010d476d33,0.0,0.5014391117091528,0.5014391117091528,1681.0,1680.0,1681.0,1680.0,0.5014391117091528,0.5,warmup,
1,6put8qtS,2025-09-18 18:00:02.352000+00:00,player_ea0bb659d0,player_030fe27be7,0.0,0.49568276024494023,0.49568276024494023,1725.0,1728.0,1725.0,1728.0,0.49568276024494023,0.5,warmup,
2,8W2URdJ0,2025-09-18 18:00:02.352000+00:00,player_ad0e8c47f8,player_702cea49a9,1.0,0.48992755307256153,0.48992755307256153,1383.0,1390.0,1383.0,1390.0,0.48992755307256153,0.5,warmup,
3,AkXbDMYb,2025-09-18 18:00:02.352000+00:00,player_1e826fa561,player_2c115abdde,1.0,0.46122190794282847,0.46122190794282847,2291.0,2318.0,2291.0,2318.0,0.46122190794282847,0.5,warmup,
4,BC4gXTtJ,2025-09-18 18:00:02.352000+00:00,player_b05e8aa358,player_527d903e02,1.0,0.4626526828335072,0.4626526828335072,1401.0,1427.0,1401.0,1427.0,0.4626526828335072,0.5,warmup,
5,DLCfLv8Q,2025-09-18 18:00:02.352000+00:00,player_2a2129d64b,player_e588ce01f0,0.0,0.5,0.5,1667.0,1667.0,1667.0,1667.0,0.5,0.5,warmup,
6,ExKei9DE,2025-09-18 18:00:02.352000+00:00,player_4a983ef4e0,player_bc66b2bbef,1.0,0.502878199574811,0.502878199574811,1769.0,1767.0,1769.0,1767.0,0.502878199574811,0.5,warmup,
7,HBPjziKi,2025-09-18 18:00:02.352000+00:00,player_902095847e,player_4827c329e7,1.0,0.596629173305774,0.596629173305774,1377.0,1309.0,1377.0,1309.0,0.596629173305774,0.5,warmup,
8,HnOx1erL,2025-09-18 18:00:02.352000+00:00,player_823eb81e69,player_d1a9c42e72,1.0,0.4971218004251891,0.4971218004251891,2048.0,2050.0,2048.0,2050.0,0.4971218004251891,0.5,warmup,
9,I6MkFYsZ,2025-09-18 18:00:02.352000+00:00,player_7d30d24744,player_fc4855a868,1.0,0.5043172397550598,0.5043172397550598,1736.0,1733.0,1736.0,1733.0,0.5043172397550598,0.5,warmup,
10,J1EwRlq7,2025-09-18 18:00:02.352000+00:00,player_496da5eb68,player_a0325732d5,0.0,0.5043172397550598,0.5043172397550598,2088.0,2085.0,2088.0,2085.0,0.5043172397550598,0.5,warmup,
11,K6JxCW1O,2025-09-18 18:00:02.352000+00:00,player_9d1a5aec58,player_343e0b1ee2,0.0,0.5014391117091528,0.5014391117091528,1804.0,1803.0,1804.0,1803.0,0.5014391117091528,0.5,warmup,
12,KS3TLXU9,2025-09-18 18:00:02.352000+00:00,player_afa0dfd6dc,player_eb7a60a326,1.0,0.49280491829094863,0.49280491829094863,2066.0,2071.0,2066.0,2071.0,0.49280491829094863,0.5,warmup,
13,LZAR5TH0,2025-09-18 18:00:02.352000+00:00,player_754de071a3,player_08e485048d,1.0,0.6049129020079569,0.6049129020079569,1223.0,1149.0,1223.0,1149.0,0.6049129020079569,0.5,warmup,
14,M1TIVuAZ,2025-09-18 18:00:02.352000+00:00,player_84395df0b7,player_dad7fc297e,1.0,0.4985608882908471,0.4985608882908471,1747.0,1748.0,1747.0,1748.0,0.4985608882908471,0.5,warmup,
15,N77uKu0g,2025-09-18 18:00:02.352000+00:00,player_1dad1ad546,player_d77e1042b1,1.0,0.544494573083008,0.544494573083008,1664.0,1633.0,1664.0,1633.0,0.544494573083008,0.5,warmup,
16,OtoWLYLs,2025-09-18 18:00:02.352000+00:00,player_5a637797d0,player_ba9f7eaa62,1.0,0.5043172397550598,0.5043172397550598,1765.0,1762.0,1765.0,1762.0,0.5043172397550598,0.5,warmup,
17,QH44bAJb,2025-09-18 18:00:02.352000+00:00,player_3e7849ca33,player_3bdb40eb4d,1.0,0.5201367220358165,0.5201367220358165,1941.0,1927.0,1941.0,1927.0,0.5201367220358165,0.5,warmup,
18,SCO6Sm4J,2025-09-18 18:00:02.352000+00:00,player_f1367a63fa,player_c88594a5c4,0.0,0.48705085510713625,0.48705085510713625,1694.0,1703.0,1694.0,1703.0,0.48705085510713625,0.5,warmup,
19,STqXzH90,2025-09-18 18:00:02.352000+00:00,player_07a7cd4f02,player_b9e7961f48,0.0,0.4913661641789174,0.4913661641789174,1706.0,1712.0,1706.0,1712.0,0.4913661641789174,0.5,warmup,
20,TRM1xFAF,2025-09-18 18:00:02.352000+00:00,player_f90389e219,player_5f816ee984,0.0,0.5186997779295586,0.5186997779295586,1526.0,1513.0,1526.0,1513.0,0.5186997779295586,0.5,warmup,
21,TvZpvEkE,2025-09-18 18:00:02.352000+00:00,player_15e747c062,player_01c2e33de1,0.0,0.5086338358210827,0.5086338358210827,1794.0,1788.0,1794.0,1788.0,0.5086338358210827,0.5,warmup,
22,Zan7uATI,2025-09-18 18:00:02.352000+00:00,player_2f6a4315e9,player_a34bfe0ed8,1.0,0.48561281583400134,0.48561281583400134,1952.0,1962.0,1952.0,1962.0,0.48561281583400134,0.5,warmup,
23,crV2ibP4,2025-09-18 18:00:02.352000+00:00,player_c95093aca9,player_7f9e1dc20d,0.0,0.49568276024494023,0.49568276024494023,1781.0,1784.0,1781.0,1784.0,0.49568276024494023,0.5,warmup,
24,epSi6dar,2025-09-18 18:00:02.352000+00:00,player_6c4dd897f2,player_ca0d4971ee,1.0,0.48992755307256153,0.48992755307256153,1847.0,1854.0,1847.0,1854.0,0.48992755307256153,0.5,warmup,
25,g4JUnGmv,2025-09-18 18:00:02.352000+00:00,player_84f7ebde81,player_5d7a102645,0.0,0.5186997779295586,0.5186997779295586,1588.0,1575.0,1588.0,1575.0,0.5186997779295586,0.5,warmup,
26,i3pGNtJC,2025-09-18 18:00:02.352000+00:00,player_8e4d0fb748,player_a3dd9c3447,1.0,0.48705085510713625,0.48705085510713625,1898.0,1907.0,1898.0,1907.0,0.48705085510713625,0.5,warmup,
27,jEdEXDhp,2025-09-18 18:00:02.352000+00:00,player_17d22f8ca8,player_c24e843b48,1.0,0.49424379158885506,0.49424379158885506,1920.0,1924.0,1920.0,1924.0,0.49424379158885506,0.5,warmup,
28,kPKUEfjT,2025-09-18 18:00:02.352000+00:00,player_f545c6fb77,player_ed2ab412bd,1.0,0.5516235473109605,0.5516235473109605,1572.0,1536.0,1572.0,1536.0,0.5516235473109605,0.5,warmup,
29,kZFoUXYy,2025-09-18 18:00:02.352000+00:00,player_a2779f665c,player_dfb1644e8d,1.0,0.5071950817090514,0.5071950817090514,1290.0,1285.0,1290.0,1285.0,0.5071950817090514,0.5,warmup,
30,m35a98VN,2025-09-18 18:00:02.352000+00:00,player_fe238bcb8d,player_afaf20a3d5,0.0,0.5244454611206615,0.5244454611206615,1822.0,1805.0,1822.0,1805.0,0.5244454611206615,0.5,warmup,
31,nXTkfix7,2025-09-18 18:00:02.352000+00:00,player_dcbf56325c,player_28fc596757,0.5,0.3075366074204823,0.3075366074204823,2100.0,2241.0,2100.0,2241.0,0.3075366074204823,0.5,warmup,
32,nkQo2dzi,2025-09-18 18:00:02.352000+00:00,player_9e1b7dfac1,player_df3f04be61,0.0,0.49424379158885506,0.49424379158885506,1825.0,1829.0,1825.0,1829.0,0.49424379158885506,0.5,warmup,
33,ofkLKQLA,2025-09-18 18:00:02.352000+00:00,player_085c0b189a,player_a3103c6ebe,0.0,0.5143871841659987,0.5143871841659987,1981.0,1971.0,1981.0,1971.0,0.5143871841659987,0.5,warmup,
34,pgClY5Mw,2025-09-18 18:00:02.352000+00:00,player_6128bf3766,player_fe07396c8e,0.0,0.4985608882908471,0.4985608882908471,1795.0,1796.0,1795.0,1796.0,0.4985608882908471,0.5,warmup,
35,pz7ihz7E,2025-09-18 18:00:02.352000+00:00,player_bf51230720,player_f5a9fa68bd,1.0,0.5186997779295586,0.5186997779295586,1880.0,1867.0,1880.0,1867.0,0.5186997779295586,0.5,warmup,
36,qQ0YhQqO,2025-09-18 18:00:02.352000+00:00,player_7df46c050b,player_08095bbe41,1.0,0.48705085510713625,0.48705085510713625,1618.0,1627.0,1618.0,1627.0,0.48705085510713625,0.5,warmup,
37,tc1Ba9MB,2025-09-18 18:00:02.352000+00:00,player_025ca2fadc,player_3d74b58f44,1.0,0.4712494361077314,0.4712494361077314,1595.0,1615.0,1595.0,1615.0,0.4712494361077314,0.5,warmup,
38,tpl59QyD,2025-09-18 18:00:02.352000+00:00,player_934446d768,player_b078c0ad01,0.0,0.4827374755676238,0.4827374755676238,1880.0,1892.0,1880.0,1892.0,0.4827374755676238,0.5,warmup,
39,uOhHoC8Z,2025-09-18 18:00:02.352000+00:00,player_ec0d3464f8,player_4fb4dbb91a,0.5,0.4540780772195163,0.4540780772195163,1997.0,2029.0,1997.0,2029.0,0.4540780772195163,0.5,warmup,
40,xbITSBwp,2025-09-18 18:00:02.352000+00:00,player_4c945685aa,player_9a41cc173b,0.0,0.49568276024494023,0.49568276024494023,1833.0,1836.0,1833.0,1836.0,0.49568276024494023,0.5,warmup,
41,yIASCz4q,2025-09-18 18:00:02.352000+00:00,player_c13dd34172,player_4d272b524e,1.0,0.515824985264735,0.515824985264735,1997.0,1986.0,1997.0,1986.0,0.515824985264735,0.5,warmup,
42,2l2qVySR,2025-09-18 18:00:43.983000+00:00,player_c96f6f5819,player_b7df88e899,1.0,0.49424379158885506,0.49424379158885506,1783.0,1787.0,1783.0,1787.0,0.49424379158885506,0.5,warmup,
43,3zQR6PBK,2025-09-18 18:00:43.983000+00:00,player_3627829253,player_e52ad2ffed,0.0,0.3854986389914422,0.3854986389914422,1550.0,1631.0,1550.0,1631.0,0.3854986389914422,0.5,warmup,
44,9wpVmLpA,2025-09-18 18:00:43.983000+00:00,player_2b7bd85604,player_4bcd45f7e6,0.0,0.02035029972144683,0.02035029972144683,1502.0,2175.0,1502.0,2175.0,0.02035029972144683,0.5,warmup,
45,DcTqIoBc,2025-09-18 18:00:43.983000+00:00,player_abbe762f0d,player_13482fff35,0.5,0.5043172397550598,0.5043172397550598,1548.0,1545.0,1548.0,1545.0,0.5043172397550598,0.5,warmup,
46,KObhUDe5,2025-09-18 18:00:43.983000+00:00,player_973b18a40d,player_09fe126b7a,1.0,0.5344839447268315,0.5344839447268315,1681.0,1657.0,1681.0,1657.0,0.5344839447268315,0.5,warmup,
47,OoTFJeeH,2025-09-18 18:00:43.983000+00:00,player_257b0330b9,player_93fc09dc1d,0.5,0.515824985264735,0.515824985264735,1760.0,1749.0,1760.0,1749.0,0.515824985264735,0.5,warmup,
48,YIsoHTC2,2025-09-18 18:00:43.983000+00:00,player_4166caa30c,player_7daf8cb2ff,0.0,0.5186997779295586,0.5186997779295586,1895.0,1882.0,1895.0,1882.0,0.5186997779295586,0.5,warmup,
49,Z5Uxjjye,2025-09-18 18:00:43.983000+00:00,player_2164716222,player_1d4ce1a55b,1.0,0.43701527189640416,0.43701527189640416,1953.0,1997.0,1953.0,1997.0,0.43701527189640416,0.5,warmup,
50,amNIsvwH,2025-09-18 18:00:43.983000+00:00,player_3da24b5264,player_0520ceb2e6,0.0,0.2686221421606117,0.2686221421606117,1160.0,1334.0,1160.0,1334.0,0.2686221421606117,0.5,warmup,
51,cHsLNql1,2025-09-18 18:00:43.983000+00:00,player_918f0c414b,player_7b8d0ade12,0.0,0.46122190794282847,0.46122190794282847,1715.0,1742.0,1715.0,1742.0,0.46122190794282847,0.5,warmup,
52,hW8egSVt,2025-09-18 18:00:43.983000+00:00,player_708926c113,player_3b66b065e1,0.5,0.6712405808158318,0.6712405808158318,1519.0,1395.0,1519.0,1395.0,0.6712405808158318,0.5,warmup,
53,japPzxt2,2025-09-18 18:00:43.983000+00:00,player_7ec648723c,player_c216e00a5c,0.0,0.527315973006493,0.527315973006493,1831.0,1812.0,1831.0,1812.0,0.527315973006493,0.5,warmup,
54,nRJ5RaHb,2025-09-18 18:00:43.983000+00:00,player_d2243b1cd1,player_e0cd2caec3,0.0,0.403370826694226,0.403370826694226,1685.0,1753.0,1685.0,1753.0,0.403370826694226,0.5,warmup,
55,sjd6ZBas,2025-09-18 18:00:43.983000+00:00,player_a78c9b1940,player_a9605e77c1,1.0,0.502878199574811,0.502878199574811,1525.0,1523.0,1525.0,1523.0,0.502878199574811,0.5,warmup,
56,xTv3Zg8V,2025-09-18 18:00:43.983000+00:00,player_5a96470b35,player_2a1d044096,1.0,0.5071950817090514,0.5071950817090514,1861.0,1856.0,1861.0,1856.0,0.5071950817090514,0.5,warmup,
57,1i1P5Dcc,2025-09-18 18:01:25.658000+00:00,player_5bd9565a7b,player_04ca60881d,1.0,0.5,0.5,1461.0,1461.0,1461.0,1461.0,0.5,0.5,warmup,
58,7JhTdfNx,2025-09-18 18:01:25.658000+00:00,player_f7fd229828,player_59b7c1a73d,0.0,0.4327711556570478,0.4327711556570478,1571.0,1618.0,1571.0,1618.0,0.4327711556570478,0.5,warmup,
59,CpR8oRQq,2025-09-18 18:01:25.658000+00:00,player_e3e04b27d1,player_cbdf2f2776,1.0,0.03351171054837125,0.03351171054837125,901.0,1485.0,901.0,1485.0,0.03351171054837125,0.5,warmup,
60,CqyBPzm9,2025-09-18 18:01:25.658000+00:00,player_1275bc05b6,player_7f5ab1205b,1.0,0.5244454611206615,0.5244454611206615,1953.0,1936.0,1953.0,1936.0,0.5244454611206615,0.5,warmup,
61,CwqTTs7w,2025-09-18 18:01:25.658000+00:00,player_3430d7eb2d,player_44e465dc84,0.0,0.4285368825916186,0.4285368825916186,1660.0,1710.0,1660.0,1710.0,0.4285368825916186,0.5,warmup,
62,IUwwwVZV,2025-09-18 18:01:25.658000+00:00,player_9d0199cc42,player_06b7b30c6d,0.0,0.38277496909505365,0.38277496909505365,1329.0,1412.0,1329.0,1412.0,0.38277496909505365,0.5,warmup,
63,UEQFk1tr,2025-09-18 18:01:25.658000+00:00,player_dcd177f64f,player_a4af4da67c,0.0,0.4985608882908471,0.4985608882908471,1650.0,1651.0,1650.0,1651.0,0.4985608882908471,0.5,warmup,
64,YYOI3p0r,2025-09-18 18:01:25.658000+00:00,player_9b674ea365,player_d37ba941b7,0.0,0.4726840269935071,0.4726840269935071,1740.0,1759.0,1740.0,1759.0,0.4726840269935071,0.5,warmup,
65,pjrhtUGg,2025-09-18 18:01:25.658000+00:00,player_0dcdf8d9ae,player_87b49152a6,1.0,0.5728722513945045,0.5728722513945045,2160.0,2109.0,2160.0,2109.0,0.5728722513945045,0.5,warmup,
66,sQWrIHh7,2025-09-18 18:01:25.658000+00:00,player_1c4b081d9a,player_c2c41d6ebe,0.0,0.5287505638922686,0.5287505638922686,1979.0,1959.0,1979.0,1959.0,0.5287505638922686,0.5,warmup,
67,yLaMZjGt,2025-09-18 18:01:25.658000+00:00,player_552865c7ee,player_a00eaf66c4,1.0,0.5344839447268315,0.5344839447268315,1902.0,1878.0,1902.0,1878.0,0.5344839447268315,0.5,warmup,
68,10jkPUSY,2025-09-18 18:02:03.504000+00:00,player_d244185209,player_588c963d63,0.0,0.46838170217189273,0.46838170217189273,1921.0,1943.0,1921.0,1943.0,0.46838170217189273,0.5,warmup,
69,PmdIkz8s,2025-09-18 18:02:03.504000+00:00,player_9a41cc173b,player_49679ad487,1.0,0.04791641515607179,0.04252341755604889,1867.7236966556761,2387.0,1846.0,2387.0,0.04024041563137576,0.5,warmup,
70,jT4Y9IGn,2025-09-18 18:02:03.504000+00:00,player_6f1e57fda2,player_09a274f296,0.0,0.5014391117091528,0.5014391117091528,1799.0,1798.0,1799.0,1798.0,0.5014391117091528,0.5,warmup,
71,sV1Dev1P,2025-09-18 18:02:03.504000+00:00,player_a7ac2ec840,player_abefce10be,0.0,0.48992755307256153,0.48992755307256153,1823.0,1830.0,1823.0,1830.0,0.48992755307256153,0.5,warmup,
72,G9ITWuPC,2025-09-18 18:02:03.505000+00:00,player_96f86b9a96,player_4c945685aa,0.0,0.07116216298983073,0.06197471592535801,1355.0,1801.2763033443239,1355.0,1827.0,0.059996961629975955,0.5,warmup,
73,YgTpWNMV,2025-09-18 18:02:03.505000+00:00,player_b68be402f1,player_7e08e33c80,1.0,0.8263535539440318,0.8263535539440318,1305.0,1034.0,1305.0,1034.0,0.8263535539440318,0.5,warmup,
74,iYO53XIU,2025-09-18 18:02:03.505000+00:00,player_6be93d6c3b,player_b2806ec8b0,0.0,0.46551605527316847,0.46551605527316847,1597.0,1621.0,1597.0,1621.0,0.46551605527316847,0.5,warmup,
75,uGljGlIB,2025-09-18 18:02:03.505000+00:00,player_96ccb1c79e,player_8eb5eab493,1.0,0.5301846800039021,0.5301846800039021,1647.0,1626.0,1647.0,1626.0,0.5301846800039021,0.5,warmup,
76,xR3aU5Pt,2025-09-18 18:02:03.505000+00:00,player_a9bad611d6,player_c82858060a,0.0,0.6775605800851006,0.6775605800851006,1591.0,1462.0,1591.0,1462.0,0.6775605800851006,0.5,warmup,
77,0D3QCI6l,2025-09-18 18:02:40.885000+00:00,player_d08187f31f,player_366327a96d,0.0,0.4769904127024377,0.4769904127024377,1596.0,1612.0,1596.0,1612.0,0.4769904127024377,0.5,warmup,
78,3Ij45dCi,2025-09-18 18:02:40.885000+00:00,player_7b52c2713d,player_84577b4a79,0.5,0.5215733330511455,0.5215733330511455,1453.0,1438.0,1453.0,1438.0,0.5215733330511455,0.5,warmup,
79,3bdUJ1qs,2025-09-18 18:02:40.885000+00:00,player_c343e7f336,player_4b2f4de120,1.0,0.44553062597832394,0.44553062597832394,1691.0,1729.0,1691.0,1729.0,0.44553062597832394,0.5,warmup,
80,7Esx4bYW,2025-09-18 18:02:40.885000+00:00,player_43b678c6c0,player_22be57c992,0.0,0.5244454611206615,0.5244454611206615,1768.0,1751.0,1768.0,1751.0,0.5244454611206615,0.5,warmup,
81,KFunVhvD,2025-09-18 18:02:40.885000+00:00,player_bd9b351853,player_7a3692bf8e,0.0,0.49568276024494023,0.49568276024494023,1832.0,1835.0,1832.0,1835.0,0.49568276024494023,0.5,warmup,
82,NwFZFQGy,2025-09-18 18:02:40.885000+00:00,player_b750551803,player_30eeee438d,1.0,0.6007782458900109,0.6007782458900109,1420.0,1349.0,1420.0,1349.0,0.6007782458900109,0.5,warmup,
83,VB1uqlpc,2025-09-18 18:02:40.885000+00:00,player_bb9dd3b7f8,player_70c2931c02,0.0,0.49568276024494023,0.49568276024494023,1738.0,1741.0,1738.0,1741.0,0.49568276024494023,0.5,warmup,
84,apqr2X4y,2025-09-18 18:02:40.885000+00:00,player_410f1de011,player_d2d707e4fa,0.0,0.5143871841659987,0.5143871841659987,1809.0,1799.0,1809.0,1799.0,0.5143871841659987,0.5,warmup,
85,e7uROjId,2025-09-18 18:02:40.885000+00:00,player_adab826f08,player_2345cc39bb,1.0,0.6293885472175023,0.6293885472175023,1594.0,1502.0,1594.0,1502.0,0.6293885472175023,0.5,warmup,
86,fH117K3f,2025-09-18 18:02:40.885000+00:00,player_05ce171ed1,player_cbd7d65897,1.0,0.4061446147638222,0.4061446147638222,1956.0,2022.0,1956.0,2022.0,0.4061446147638222,0.5,warmup,
87,nhHtPreR,2025-09-18 18:02:40.885000+00:00,player_7f6040e3ce,player_cca7cea916,1.0,0.525880930891169,0.525880930891169,1935.0,1917.0,1935.0,1917.0,0.525880930891169,0.5,warmup,
88,nwPRRqt8,2025-09-18 18:02:40.885000+00:00,player_010d476d33,player_f16bc6c29b,0.0,0.09937440532898902,0.08671720584338255,1712.0921031493858,2095.0,1686.0,2095.0,0.08402058726172794,0.5,warmup,
89,xfWyrgfj,2025-09-18 18:02:40.885000+00:00,player_497848644b,player_2656944e3c,0.0,0.48130022207044143,0.48130022207044143,1875.0,1888.0,1875.0,1888.0,0.48130022207044143,0.5,warmup,
90,3awGQAes,2025-09-18 18:03:20.577000+00:00,player_1f9c22288d,player_0cb0ac5f16,0.0,0.4985608882908471,0.4985608882908471,1967.0,1968.0,1967.0,1968.0,0.4985608882908471,0.5,warmup,
91,4XCiGfEl,2025-09-18 18:03:20.577000+00:00,player_df147156b7,player_38ca9183e1,0.0,0.49568276024494023,0.49568276024494023,1903.0,1906.0,1903.0,1906.0,0.49568276024494023,0.5,warmup,
92,7zyC26M3,2025-09-18 18:03:20.577000+00:00,player_928c2e13f3,player_aa9d4464a3,0.0,0.3800586409554767,0.3800586409554767,1785.0,1870.0,1785.0,1870.0,0.3800586409554767,0.5,warmup,
93,BmlMmrA2,2025-09-18 18:03:20.577000+00:00,player_8b532a6414,player_3627829253,0.0,0.02222885029387155,0.019896286889966117,868.0,1525.3280871045476,868.0,1545.0,0.019342707402560264,0.5,warmup,
94,IDHGZZUP,2025-09-18 18:03:20.577000+00:00,player_873f0f698f,player_1eea41f6aa,0.0,0.5186997779295586,0.5186997779295586,1888.0,1875.0,1888.0,1875.0,0.5186997779295586,0.5,warmup,
95,KVp5qTBV,2025-09-18 18:03:20.577000+00:00,player_4039bd1e01,player_1717e4f9fd,0.0,0.5115108912177917,0.5115108912177917,2002.0,1994.0,2002.0,1994.0,0.5115108912177917,0.5,warmup,
96,LNOBvm0W,2025-09-18 18:03:20.577000+00:00,player_d6a20e8582,player_37a20655c3,0.0,0.422907524174671,0.422907524174671,2051.0,2105.0,2051.0,2105.0,0.422907524174671,0.5,warmup,
97,Me31BPXK,2025-09-18 18:03:20.577000+00:00,player_e52ad2ffed,player_a74a9d2f45,0.5,0.042681176356320696,0.038075109632224866,1655.6719128954524,2196.0,1635.0,2196.0,0.03724069065642851,0.5,warmup,
98,XywF2uGQ,2025-09-18 18:03:20.577000+00:00,player_9b69c6cc89,player_c31df2082e,1.0,0.38141587791096926,0.38141587791096926,1494.0,1578.0,1494.0,1578.0,0.38141587791096926,0.5,warmup,
99,aMP9mh1H,2025-09-18 18:03:20.577000+00:00,player_3100c09804,player_9fe45c9cfd,0.0,0.07358755611757352,0.07358755611757352,1231.0,1671.0,1231.0,1671.0,0.07358755611757352,0.5,warmup,
100,bXLYDMQG,2025-09-18 18:03:20.577000+00:00,player_fbc6c3aa67,player_37d63f048e,0.0,0.5201367220358165,0.5201367220358165,1722.0,1708.0,1722.0,1708.0,0.5201367220358165,0.5,warmup,
101,byi4PklM,2025-09-18 18:03:20.577000+00:00,player_2ece99a10a,player_15e747c062,0.0,0.10818258676069276,0.09429462645676252,1395.0,1761.4474345074507,1395.0,1788.0,0.09138595328508632,0.5,warmup,
102,c8uTjVjy,2025-09-18 18:03:20.577000+00:00,player_a0544a86b3,player_3eeb1c5e8a,1.0,0.4271277486054956,0.4271277486054956,1637.0,1688.0,1637.0,1688.0,0.4271277486054956,0.5,warmup,
103,cSZTCqgX,2025-09-18 18:03:20.577000+00:00,player_49bd7dc7cf,player_b6bbb972fd,1.0,0.502878199574811,0.502878199574811,1422.0,1420.0,1422.0,1420.0,0.502878199574811,0.5,warmup,
104,kZDKE7Fd,2025-09-18 18:03:20.577000+00:00,player_01c2e33de1,player_c96f6f5819,1.0,0.5074600640585754,0.5086338358210827,1820.5525654925493,1815.3683973383133,1794.0,1788.0,0.5071950817090514,0.5,warmup,
105,SUiMJnMq,2025-09-18 18:04:00.149000+00:00,player_4bcd45f7e6,player_7df46c050b,1.0,0.9536850916622431,0.9599813179829412,2176.302419182173,1650.8287452731433,2176.0,1624.0,0.9610725312524264,0.5,warmup,
106,aXBkw96Q,2025-09-18 18:04:00.149000+00:00,player_bc4e045a39,player_2b7bd85604,1.0,0.9621985339882975,0.9619248903677752,2063.0,1500.6975808178274,2063.0,1502.0,0.9619248903677752,0.5,warmup,
107,mwmvd5AF,2025-09-18 18:04:00.149000+00:00,player_ffe0c7b6fc,player_9a173dfdda,1.0,0.4827374755676238,0.4827374755676238,1967.0,1979.0,1967.0,1979.0,0.4827374755676238,0.5,warmup,
108,ojmVnr2p,2025-09-18 18:04:00.149000+00:00,player_d2957f5462,player_396dc9ad1d,0.0,0.6131368201531431,0.6131368201531431,1489.0,1409.0,1489.0,1409.0,0.6131368201531431,0.5,warmup,
109,qhEO4Wzr,2025-09-18 18:04:00.149000+00:00,player_e58e10bf17,player_13f2ca33cf,0.0,0.6900062072803139,0.6900062072803139,1674.0,1535.0,1674.0,1535.0,0.6900062072803139,0.5,warmup,
110,rVdjQv13,2025-09-18 18:04:00.149000+00:00,player_39aa036cb7,player_d4212300c7,0.5,0.1899048413952433,0.1899048413952433,1130.0,1382.0,1130.0,1382.0,0.1899048413952433,0.5,warmup,
111,uOcJUmtq,2025-09-18 18:04:00.149000+00:00,player_85112dea04,player_505b184657,1.0,0.5402082283237456,0.5402082283237456,1850.0,1822.0,1850.0,1822.0,0.5402082283237456,0.5,warmup,
112,wPBz7kdZ,2025-09-18 18:04:00.149000+00:00,player_3184b6bd32,player_0b5ecff75a,0.0,0.47555453887933863,0.47555453887933863,1695.0,1712.0,1695.0,1712.0,0.47555453887933863,0.5,warmup,
113,16WCkNYe,2025-09-18 18:04:36.834000+00:00,player_95b5fb3246,player_643d5f83e4,0.0,0.5658152030692333,0.5658152030692333,1884.0,1838.0,1884.0,1838.0,0.5658152030692333,0.5,warmup,
114,3osvP32Z,2025-09-18 18:04:36.834000+00:00,player_f3076c3f1e,player_b52bef3791,0.0,0.49424379158885506,0.49424379158885506,1666.0,1670.0,1666.0,1670.0,0.49424379158885506,0.5,warmup,
115,7A7Qw68c,2025-09-18 18:04:36.834000+00:00,player_f226a787f8,player_4109a84459,1.0,0.5868950233791,0.5868950233791,1826.0,1765.0,1826.0,1765.0,0.5868950233791,0.5,warmup,
116,JOpl842X,2025-09-18 18:04:36.834000+00:00,player_52e310c69a,player_640850f8c9,1.0,0.5115108912177917,0.5115108912177917,1753.0,1745.0,1753.0,1745.0,0.5115108912177917,0.5,warmup,
117,KcFD7eoA,2025-09-18 18:04:36.834000+00:00,player_08095bbe41,player_d244016f29,1.0,0.9862419983916604,0.9882545723943449,1594.1712547268567,852.0,1622.0,852.0,0.9885840099495816,0.5,warmup,
118,MC5rVHnu,2025-09-18 18:04:36.834000+00:00,player_82c26c7ea9,player_3b87eb035d,0.0,0.5459219227804837,0.5459219227804837,1529.0,1497.0,1529.0,1497.0,0.5459219227804837,0.5,warmup,
119,NbCeCVBA,2025-09-18 18:04:36.834000+00:00,player_3eaf061c21,player_206a863fb3,0.5,0.5558909611168531,0.5558909611168531,1646.0,1607.0,1646.0,1607.0,0.5558909611168531,0.5,warmup,
120,YSyDVyU1,2025-09-18 18:04:36.834000+00:00,player_ceb09b75c0,player_95a4f7be7c,0.5,0.581301478368915,0.581301478368915,2093.0,2036.0,2093.0,2036.0,0.581301478368915,0.5,warmup,
121,YcpeUqoU,2025-09-18 18:04:36.834000+00:00,player_6799fbca66,player_ac3dd9df8d,1.0,0.7490830628775357,0.7490830628775357,2339.0,2149.0,2339.0,2149.0,0.7490830628775357,0.5,warmup,
122,ZJCaZJ9W,2025-09-18 18:04:36.834000+00:00,player_98bc215e0f,player_1fadf8584b,1.0,0.5143871841659987,0.5143871841659987,1600.0,1590.0,1600.0,1590.0,0.5143871841659987,0.5,warmup,
123,iSv4iCKV,2025-09-18 18:04:36.834000+00:00,player_eff9cc5540,player_db58a95d01,1.0,0.449800646746463,0.449800646746463,1904.0,1939.0,1904.0,1939.0,0.449800646746463,0.5,warmup,
124,7BraExGC,2025-09-18 18:05:19.878000+00:00,player_17f6c25788,player_2a2129d64b,0.0,0.6185841220890307,0.5827018849642301,1719.0,1635.0,1719.0,1661.0,0.5742802036545245,0.5,warmup,
125,DRdRwNwm,2025-09-18 18:05:19.878000+00:00,player_e588ce01f0,player_b50b13c09a,1.0,0.21111293178984536,0.1872623183634652,1699.0,1928.0,1673.0,1928.0,0.18206236894188432,0.5,warmup,
126,F2uhsz54,2025-09-18 18:05:19.878000+00:00,player_30f0782407,player_85b8b02fa0,0.0,0.5700528235839882,0.5700528235839882,1889.0,1840.0,1889.0,1840.0,0.5700528235839882,0.5,warmup,
127,KjxG8H7y,2025-09-18 18:05:19.878000+00:00,player_bc8f50ef56,player_2fc328febb,0.0,0.5115108912177917,0.5115108912177917,1789.0,1781.0,1789.0,1781.0,0.5115108912177917,0.5,warmup,
128,MH5RAx2x,2025-09-18 18:05:19.878000+00:00,player_4109a84459,player_8155f2258f,0.0,0.938212848698524,0.9449917274674352,1738.5612814962624,1266.0,1760.0,1266.0,0.9464688789594631,0.5,warmup,
129,VJq7E7qv,2025-09-18 18:05:19.878000+00:00,player_7694302c58,player_5e4e64d0cd,0.0,0.502878199574811,0.502878199574811,1920.0,1918.0,1920.0,1918.0,0.502878199574811,0.5,warmup,
130,ZmQwzIcb,2025-09-18 18:05:19.878000+00:00,player_3bdb40eb4d,player_d539a5e529,1.0,0.9325545915352311,0.9409696170394709,1896.2887502102922,1440.0,1921.0,1440.0,0.9428591346675568,0.5,warmup,
131,bjQEfdSB,2025-09-18 18:05:19.878000+00:00,player_552865c7ee,player_a2779f665c,0.0,0.9710526381106876,0.969855570799269,1931.7930275374829,1321.5395147706208,1907.0,1304.0,0.9713339041975821,0.5,warmup,
132,faY5uLzI,2025-09-18 18:05:19.878000+00:00,player_c8dd4feac5,player_51651676ec,0.0,0.49568276024494023,0.49568276024494023,1703.0,1706.0,1703.0,1706.0,0.49568276024494023,0.5,warmup,
133,j3zy6bDi,2025-09-18 18:05:19.878000+00:00,player_a0325732d5,player_f226a787f8,1.0,0.8212042382087912,0.8170788341999742,2117.276303344324,1852.4387185037376,2091.0,1831.0,0.8162168965756028,0.5,warmup,
134,jo1QRHKA,2025-09-18 18:05:19.878000+00:00,player_37c709160f,player_4bca831314,0.0,0.4827374755676238,0.4827374755676238,1800.0,1812.0,1800.0,1812.0,0.4827374755676238,0.5,warmup,
135,pM9D2mPh,2025-09-18 18:05:19.878000+00:00,player_04d2d9b40e,player_043acece90,1.0,0.5,0.5,1501.0,1501.0,1501.0,1501.0,0.5,0.5,warmup,
136,u47py76N,2025-09-18 18:05:19.878000+00:00,player_ff0bf1f885,player_0d374b7141,0.0,0.554469374021676,0.554469374021676,1565.0,1527.0,1565.0,1527.0,0.554469374021676,0.5,warmup,
137,yjokYdvW,2025-09-18 18:05:19.878000+00:00,player_eb4c09fb7b,player_1cb42dae1c,0.0,0.469815319996098,0.469815319996098,1591.0,1612.0,1591.0,1612.0,0.469815319996098,0.5,warmup,
138,2oGLpmuo,2025-09-18 18:06:01.960000+00:00,player_41fb25d2fb,player_acc164288c,0.0,0.49568276024494023,0.49568276024494023,1434.0,1437.0,1434.0,1437.0,0.49568276024494023,0.5,warmup,
139,6bnbHrvW,2025-09-18 18:06:01.960000+00:00,player_8a7f244524,player_62bc107b46,1.0,0.3692697113837977,0.3692697113837977,1890.0,1983.0,1890.0,1983.0,0.3692697113837977,0.5,warmup,
140,6qIAIWdI,2025-09-18 18:06:01.960000+00:00,player_5d2ad3a4ce,player_1931b19050,0.0,0.4827374755676238,0.4827374755676238,1632.0,1644.0,1632.0,1644.0,0.4827374755676238,0.5,warmup,
141,7cUJDZ2U,2025-09-18 18:06:01.960000+00:00,player_1ac8fca1a3,player_0df1235cb9,0.0,0.3186781648336063,0.3186781648336063,1476.0,1608.0,1476.0,1608.0,0.3186781648336063,0.5,warmup,
142,892j9gts,2025-09-18 18:06:01.960000+00:00,player_f71b9e07bb,player_10c062bb3a,1.0,0.5316182978281073,0.5316182978281073,1700.0,1678.0,1700.0,1678.0,0.5316182978281073,0.5,warmup,
143,DpnVEVqg,2025-09-18 18:06:01.960000+00:00,player_ee321dbcaf,player_a7ac2ec840,0.0,0.0617593416117765,0.05353112104053686,1319.0,1791.644636603356,1319.0,1818.0,0.05209144932737488,0.5,warmup,
144,NnlXNTeP,2025-09-18 18:06:01.960000+00:00,player_abefce10be,player_7daf8cb2ff,0.0,0.423130326090476,0.4243130476235704,1861.355363396644,1915.1967857874918,1835.0,1888.0,0.42571979634547563,0.5,warmup,
145,PEvPrnth,2025-09-18 18:06:01.960000+00:00,player_c3be86f485,player_78da7ae66d,1.0,0.5014391117091528,0.5014391117091528,1408.0,1407.0,1408.0,1407.0,0.5014391117091528,0.5,warmup,
146,TJ0oINts,2025-09-18 18:06:01.960000+00:00,player_1c67074439,player_7129444c47,0.0,0.5686413918836677,0.5686413918836677,1814.0,1766.0,1814.0,1766.0,0.5686413918836677,0.5,warmup,
147,TRPSxOjK,2025-09-18 18:06:01.960000+00:00,player_f14a11f9f0,player_708926c113,1.0,0.9670356885216487,0.9653514200696306,2095.0,1508.0406028277869,2095.0,1517.0,0.9649642651680138,0.5,warmup,
148,VVvnnzol,2025-09-18 18:06:01.960000+00:00,player_63cf456876,player_f90389e219,0.0,0.09840219992276704,0.08491088893958132,1108.0,1492.8032142125082,1108.0,1521.0,0.08270102779001329,0.5,warmup,
149,Y0cVyW2S,2025-09-18 18:06:01.960000+00:00,player_a3dd9c3447,player_4166caa30c,1.0,0.517791526428655,0.5172625244323762,1874.1712547268567,1861.8032142125082,1900.0,1888.0,0.5172625244323762,0.5,warmup,
150,b9S6j3xz,2025-09-18 18:06:01.960000+00:00,player_db00527c42,player_8dafc9a9e5,1.0,0.5952430396515719,0.5952430396515719,2077.0,2010.0,2077.0,2010.0,0.5952430396515719,0.5,warmup,
151,kkkY4rgA,2025-09-18 18:06:01.960000+00:00,player_4c9e8f1a44,player_2ee848a5c6,0.0,0.43135860811633236,0.43135860811633236,1821.0,1869.0,1821.0,1869.0,0.43135860811633236,0.5,warmup,
152,uK8vD23Y,2025-09-18 18:06:01.960000+00:00,player_5f816ee984,player_3b66b065e1,1.0,0.6915277305316896,0.6686949563073317,1546.1967857874918,1405.9593971722131,1519.0,1397.0,0.6635740980412955,0.5,warmup,
153,wIhCjSFT,2025-09-18 18:06:01.960000+00:00,player_66f4030e5c,player_7803401627,1.0,0.44268836623770724,0.44268836623770724,1704.0,1744.0,1704.0,1744.0,0.44268836623770724,0.5,warmup,
154,yHfmy8ow,2025-09-18 18:06:01.960000+00:00,player_3e7849ca33,player_8e4d0fb748,0.0,0.558564606126608,0.5615679389736461,1971.7112497897078,1930.8287452731433,1947.0,1904.0,0.5615679389736461,0.5,warmup,
155,2VOlKTEV,2025-09-18 18:06:41.724000+00:00,player_c452fd0eed,player_2565819ed5,0.0,0.581301478368915,0.581301478368915,1839.0,1782.0,1839.0,1782.0,0.581301478368915,0.5,warmup,
156,6x2dVT1O,2025-09-18 18:06:41.724000+00:00,player_cbd7d65897,player_d62b36fee2,1.0,0.9150860942416678,0.9279668414961574,1983.9932553448846,1571.0,2015.0,1571.0,0.9306143375182546,0.5,warmup,
157,8ldVkRYI,2025-09-18 18:06:41.724000+00:00,player_7c681518e9,player_f1367a63fa,0.0,0.05626987559814247,0.048784185889897975,1173.0,1662.8287452731433,1173.0,1689.0,0.04746577633233676,0.5,warmup,
158,9J2h60eW,2025-09-18 18:06:41.724000+00:00,player_b7df88e899,player_c95093aca9,1.0,0.5077062849460181,0.5086338358210827,1754.6316026616867,1749.2763033443239,1781.0,1775.0,0.5086338358210827,0.5,warmup,
159,Fxf2gc2l,2025-09-18 18:06:41.724000+00:00,player_ca0d4971ee,player_9d1a5aec58,1.0,0.5706840248664936,0.5714631174083814,1821.355363396644,1771.9078968506142,1848.0,1798.0,0.5714631174083814,0.5,warmup,
160,Hx13O4yV,2025-09-18 18:06:41.724000+00:00,player_ca628f3059,player_671b85dcda,0.0,0.46122190794282847,0.46122190794282847,1396.0,1423.0,1396.0,1423.0,0.46122190794282847,0.5,warmup,
161,I4xEd3GO,2025-09-18 18:06:41.724000+00:00,player_de4293d0bb,player_c7dd30f403,1.0,0.4640840730548977,0.4640840730548977,1644.0,1669.0,1644.0,1669.0,0.4640840730548977,0.5,warmup,
162,LlNU9fxt,2025-09-18 18:06:41.724000+00:00,player_343e0b1ee2,player_6c4dd897f2,0.0,0.4362328875667878,0.43701527189640416,1835.0921031493858,1879.644636603356,1809.0,1853.0,0.43701527189640416,0.5,warmup,
163,LpJcHEPC,2025-09-18 18:06:41.724000+00:00,player_934446d768,player_497848644b,0.0,0.5070627326808048,0.5057562084111449,1849.104801563672,1844.1967857874918,1874.0,1870.0,0.5071950817090514,0.5,warmup,
164,S0Rp2BCt,2025-09-18 18:06:41.724000+00:00,player_44e465dc84,player_c88594a5c4,1.0,0.5046843366895235,0.5100724469274385,1737.4263604858636,1734.1712547268567,1715.0,1708.0,0.5100724469274385,0.5,warmup,
165,divqfC4x,2025-09-18 18:06:41.724000+00:00,player_8f708d27ce,player_21fb6cb198,1.0,0.49424379158885506,0.49424379158885506,1758.0,1762.0,1758.0,1762.0,0.49424379158885506,0.5,warmup,
166,fPVUodmN,2025-09-18 18:06:41.724000+00:00,player_b078c0ad01,player_2656944e3c,0.0,0.5058885663991896,0.5057562084111449,1922.895198436328,1918.8032142125082,1898.0,1894.0,0.5057562084111449,0.5,warmup,
167,ih6XKuMI,2025-09-18 18:06:41.724000+00:00,player_23ae76dfcb,player_841bcd8983,0.0,0.5756869523764296,0.5756869523764296,1936.0,1883.0,1936.0,1883.0,0.5756869523764296,0.5,warmup,
168,ijApi9kG,2025-09-18 18:06:41.724000+00:00,player_e317a6ae7e,player_21f2010af5,0.0,0.469815319996098,0.469815319996098,1974.0,1995.0,1974.0,1995.0,0.469815319996098,0.5,warmup,
169,ptLgtkjI,2025-09-18 18:06:41.724000+00:00,player_702cea49a9,player_527d903e02,1.0,0.44943824095598334,0.4469531048305375,1357.355363396644,1392.6097717013445,1384.0,1421.0,0.4469531048305375,0.5,warmup,
170,tFt3V37I,2025-09-18 18:06:41.724000+00:00,player_5a96470b35,player_05ce171ed1,0.0,0.35799149378921635,0.3652566649476832,1892.5395147706208,1994.0067446551154,1867.0,1963.0,0.3665922999288324,0.5,warmup,
171,x9o5P6xb,2025-09-18 18:06:41.724000+00:00,player_017017d8a9,player_84f7ebde81,0.0,0.059736728742667625,0.05152588759746676,1076.0,1554.8032142125082,1076.0,1582.0,0.0498638537789762,0.5,warmup,
172,xzHsL9Tr,2025-09-18 18:06:41.724000+00:00,player_5d7a102645,player_a78c9b1940,0.0,0.5734088084477861,0.5714631174083814,1608.1967857874918,1556.815795227212,1581.0,1531.0,0.5714631174083814,0.5,warmup,
173,yY7WjTO5,2025-09-18 18:06:41.724000+00:00,player_ad0e8c47f8,player_b05e8aa358,0.0,0.47161436384739897,0.4712494361077314,1415.644636603356,1435.3902282986555,1388.0,1408.0,0.4741190691088309,0.5,warmup,
174,OA30GUCO,2025-09-18 18:07:19.442000+00:00,player_e0cd2caec3,player_4bcd45f7e6,0.0,0.09069483536188531,0.08313877240427012,1778.8157329084304,2179.266573315789,1759.0,2176.0,0.08097095080544864,0.5,warmup,
175,1LkoJMIn,2025-09-18 18:07:19.443000+00:00,player_bf51230720,player_1e826fa561,0.0,0.08416309200152433,0.09283006384728522,1910.8032142125082,2325.481797891659,1901.0,2297.0,0.08580974069041739,0.5,warmup,
176,7gxtu2c8,2025-09-18 18:07:19.443000+00:00,player_1736988d2f,player_3430d7eb2d,0.0,0.07778536784325045,0.06901488036818262,1203.0,1632.5736395141364,1203.0,1655.0,0.06718834790965547,0.5,warmup,
177,DnIQPuvJ,2025-09-18 18:07:19.443000+00:00,player_b6bbb972fd,player_6be93d6c3b,0.0,0.2629798361689351,0.2641225558985236,1388.184204772788,1567.2069724625171,1414.0,1592.0,0.26524291068345335,0.5,warmup,
178,FgG212Mg,2025-09-18 18:07:19.443000+00:00,player_b2806ec8b0,player_7df46c050b,0.0,0.5042142589495366,0.5043172397550598,1650.7930275374829,1647.864591139527,1626.0,1623.0,0.5043172397550598,0.5,warmup,
179,FxnWntAu,2025-09-18 18:07:19.443000+00:00,player_2c115abdde,player_efb8e8d830,1.0,0.9391922419858968,0.9470491982010917,2283.518202108341,1808.0,2309.0,1808.0,0.9495878577870241,0.5,warmup,
180,Qm4lbB7b,2025-09-18 18:07:19.443000+00:00,player_f5a9fa68bd,player_1f9c22288d,0.0,0.3614013139606308,0.3612622508882752,1836.1967857874918,1935.0921031493858,1862.0,1961.0,0.35993500019711494,0.5,warmup,
181,WWaOZAU4,2025-09-18 18:07:19.443000+00:00,player_bc66b2bbef,player_7ec648723c,1.0,0.41161581822924964,0.4089244036850566,1735.184204772788,1797.2517777275843,1761.0,1825.0,0.4089244036850566,0.5,warmup,
182,bbjLggsU,2025-09-18 18:07:19.443000+00:00,player_54a683a4f0,player_c216e00a5c,0.0,0.20284794574308804,0.22990332333901797,1608.0,1845.7482222724157,1608.0,1818.0,0.23607530085516135,0.5,warmup,
183,mg5PDM37,2025-09-18 18:07:19.443000+00:00,player_221fd4d07b,player_0765a22938,0.0,0.48992755307256153,0.48992755307256153,1721.0,1728.0,1721.0,1728.0,0.48992755307256153,0.5,warmup,
184,rzN6ZEpz,2025-09-18 18:07:19.443000+00:00,player_7ac78dcfca,player_ef73ecd937,1.0,0.6185841220890307,0.6185841220890307,1960.0,1876.0,1960.0,1876.0,0.6185841220890307,0.5,warmup,
185,w32UTOBP,2025-09-18 18:07:19.443000+00:00,player_f2f8206ed7,player_df9eb1d45f,0.0,0.42571979634547563,0.42571979634547563,1594.0,1646.0,1594.0,1646.0,0.42571979634547563,0.5,warmup,
186,08n8jNB1,2025-09-18 18:07:59.346000+00:00,player_6a3f628a42,player_1a8443ce42,0.0,0.39646368147382194,0.39646368147382194,2098.0,2171.0,2098.0,2171.0,0.39646368147382194,0.5,warmup,
187,1BYnFKIr,2025-09-18 18:07:59.346000+00:00,player_388b1f5d3d,player_20632e8f23,0.0,0.6104024220946891,0.6104024220946891,1696.0,1618.0,1696.0,1618.0,0.6104024220946891,0.5,warmup,
188,2Fym3ZGE,2025-09-18 18:07:59.346000+00:00,player_de9a5b9e52,player_65ba72e08f,1.0,0.5359159269451023,0.5359159269451023,1607.0,1582.0,1607.0,1582.0,0.5359159269451023,0.5,warmup,
189,5VGibXCN,2025-09-18 18:07:59.346000+00:00,player_56487e0825,player_ff0bf1f885,0.0,0.08291352661841409,0.07126736574414949,1112.0,1529.5139600626128,1112.0,1558.0,0.06864593348005557,0.5,warmup,
190,A47t6XJR,2025-09-18 18:07:59.346000+00:00,player_1717e4f9fd,player_afa0dfd6dc,0.0,0.39822287566202363,0.39784190682528303,2026.7366970379387,2098.460485229379,2000.0,2072.0,0.39784190682528303,0.5,warmup,
191,AMtoraIa,2025-09-18 18:07:59.346000+00:00,player_35c0e758a5,player_bb0b4d71cc,1.0,0.5756869523764296,0.5756869523764296,1834.0,1781.0,1834.0,1781.0,0.5756869523764296,0.5,warmup,
192,B2VJyzpl,2025-09-18 18:07:59.346000+00:00,player_7f9e1dc20d,player_4a983ef4e0,0.0,0.5214410377844493,0.5230095872975623,1815.7236966556761,1800.815795227212,1790.0,1774.0,0.5215733330511455,0.5,warmup,
193,HXWMCeBM,2025-09-18 18:07:59.346000+00:00,player_873f0f698f,player_9e1b7dfac1,0.0,0.5875017433155771,0.5882899718631628,1854.8032142125082,1793.3683973383133,1882.0,1820.0,0.5896835031399501,0.5,warmup,
194,NT5mQveW,2025-09-18 18:07:59.346000+00:00,player_b9e7961f48,player_f16bc6c29b,0.0,0.11301473859803103,0.10193172098897373,1743.4474345074507,2101.359961941055,1718.0,2096.0,0.09932696400964386,0.5,warmup,
195,NmEmoDfq,2025-09-18 18:07:59.346000+00:00,player_255d4752b7,player_7ee3527b4e,1.0,0.4841750147352649,0.4841750147352649,2020.0,2031.0,2020.0,2031.0,0.4841750147352649,0.5,warmup,
196,OlH99BZn,2025-09-18 18:07:59.346000+00:00,player_b1ee0e66ce,player_628f61f675,0.0,0.4841750147352649,0.4841750147352649,1745.0,1756.0,1745.0,1756.0,0.4841750147352649,0.5,warmup,
197,PAXoFt4c,2025-09-18 18:07:59.346000+00:00,player_eb7a60a326,player_4d272b524e,1.0,0.6179411155589877,0.6172250309049463,2038.5395147706208,1955.012799056943,2064.0,1981.0,0.6199413590445233,0.5,warmup,
198,YAWwfmro,2025-09-18 18:07:59.346000+00:00,player_58af04872a,player_07a7cd4f02,0.0,0.03859448031966424,0.033325766177210586,1116.0,1674.5525654925493,1116.0,1701.0,0.03241089107939225,0.5,warmup,
199,c9vJR84a,2025-09-18 18:07:59.346000+00:00,player_c0c8a08a0d,player_ae98bf7845,0.0,0.5115108912177917,0.5115108912177917,1776.0,1768.0,1776.0,1768.0,0.5115108912177917,0.5,warmup,
200,iIbDmZhH,2025-09-18 18:07:59.346000+00:00,player_7c632cea15,player_4039bd1e01,0.0,0.04898135274630632,0.04618126740085911,1454.0,1969.2633029620613,1454.0,1980.0,0.04091269989667932,0.5,warmup,
201,jICCHJgB,2025-09-18 18:07:59.346000+00:00,player_c13dd34172,player_2164716222,1.0,0.555828683809915,0.5601501452319029,2027.987200943057,1989.0310225986302,2002.0,1960.0,0.5629847281035958,0.5,warmup,
202,mJG7wvHA,2025-09-18 18:07:59.346000+00:00,player_1d4ce1a55b,player_632a206732,1.0,0.9662955281441111,0.9714937550137935,1960.9689774013698,1378.0,1991.0,1378.0,0.9724348404615375,0.5,warmup,
203,pdpgt9mg,2025-09-18 18:07:59.346000+00:00,player_df3f04be61,player_5bd9565a7b,1.0,0.8924733203049174,0.8915686668733666,1860.6316026616867,1493.0,1834.0,1468.0,0.8926766600061541,0.5,warmup,
204,tEKMpLPh,2025-09-18 18:07:59.346000+00:00,player_867628c4aa,player_38890ec10e,1.0,0.5868950233791,0.5868950233791,1909.0,1848.0,1909.0,1848.0,0.5868950233791,0.5,warmup,
205,xxnVlEZL,2025-09-18 18:07:59.346000+00:00,player_224e6c8173,player_0254677644,0.0,0.4827374755676238,0.4827374755676238,1915.0,1927.0,1915.0,1927.0,0.4827374755676238,0.5,warmup,
206,0juVRsP7,2025-09-18 18:08:37.111000+00:00,player_aa9d4464a3,player_db00527c42,1.0,0.2313530286333628,0.23194799683241596,1894.3237530211504,2102.9044454622995,1874.0,2082.0,0.23297508185497873,0.5,warmup,
207,1njkaHNb,2025-09-18 18:08:37.111000+00:00,player_a759d0a131,player_f19b97bdbf,0.5,0.9150891110604187,0.9150891110604187,2255.0,1842.0,2255.0,1842.0,0.9150891110604187,0.5,warmup,
208,4H3xpT5C,2025-09-18 18:08:37.111000+00:00,player_0a538e479d,player_96657aa80e,1.0,0.5215733330511455,0.5215733330511455,1803.0,1788.0,1803.0,1788.0,0.5215733330511455,0.5,warmup,
209,4SfcMrlQ,2025-09-18 18:08:37.111000+00:00,player_ffe0c7b6fc,player_2f6a4315e9,1.0,0.521837662596921,0.5215733330511455,2000.104801563672,1984.9207797866238,1973.0,1958.0,0.5215733330511455,0.5,warmup,
210,8qWMswIQ,2025-09-18 18:08:37.111000+00:00,player_4b2f4de120,player_dcd177f64f,0.0,0.6068673408995774,0.6117705007810643,1693.5139600626128,1618.0921031493858,1723.0,1644.0,0.6117705007810643,0.5,warmup,
211,Jt3Y0DFM,2025-09-18 18:08:37.111000+00:00,player_4c945685aa,player_902095847e,0.0,0.9105150956350306,0.9291127058412668,1805.8306817756732,1402.8157329084304,1828.0,1381.0,0.9324499710034239,0.5,warmup,
212,QHkzPT3v,2025-09-18 18:08:37.111000+00:00,player_22be57c992,player_2565819ed5,0.0,0.4503152904670127,0.4512256641402582,1784.5645095117222,1819.2032946156105,1757.0,1791.0,0.4555054269169921,0.5,warmup,
213,QvOCdzUv,2025-09-18 18:08:37.111000+00:00,player_a34bfe0ed8,player_9a173dfdda,0.0,0.47581874129589086,0.4741190691088309,1929.0792202133762,1945.895198436328,1956.0,1974.0,0.47555453887933863,0.5,warmup,
214,SD8wjtpz,2025-09-18 18:08:37.111000+00:00,player_a9bad611d6,player_dcbf56325c,0.0,0.037306474970291374,0.049052005347292676,1547.6361228745536,2112.317657125089,1588.0,2103.0,0.0506884227090081,0.5,warmup,
215,ThXjVSgX,2025-09-18 18:08:37.111000+00:00,player_c452fd0eed,player_410f1de011,1.0,0.5369429895564516,0.6609990912463583,1801.7967053843895,1776.0792202133762,1832.0,1716.0,0.5430664920222119,0.5,warmup,
216,UM1R6wnl,2025-09-18 18:08:37.111000+00:00,player_db58a95d01,player_df147156b7,0.0,0.5466509202884443,0.5516235473109605,1903.7872413917737,1871.2763033443239,1933.0,1897.0,0.5516235473109605,0.5,warmup,
217,WaZrvUDa,2025-09-18 18:08:37.111000+00:00,player_21c64dcd96,player_98459f9e7a,0.0,0.47986327796418354,0.47986327796418354,1428.0,1442.0,1428.0,1442.0,0.47986327796418354,0.5,warmup,
218,b10wpWwz,2025-09-18 18:08:37.111000+00:00,player_1eea41f6aa,player_eff9cc5540,1.0,0.45548262230701736,0.4555054269169921,1908.1967857874918,1939.2127586082263,1881.0,1912.0,0.45836229728523653,0.5,warmup,
219,dIS0X0rT,2025-09-18 18:08:37.111000+00:00,player_49679ad487,player_96f86b9a96,1.0,0.9963744823477314,0.9972056247922494,2326.0666505699887,1350.4456215686507,2376.0,1355.0,0.9973766321685426,0.5,warmup,
220,jqQ4XGrP,2025-09-18 18:08:37.111000+00:00,player_938e01c9b8,player_d5f04bdeec,1.0,0.7164236941029388,0.7164236941029388,1707.0,1546.0,1707.0,1546.0,0.7164236941029388,0.5,warmup,
221,l86aReFF,2025-09-18 18:08:37.111000+00:00,player_59b7c1a73d,player_c82858060a,1.0,0.6916457097631998,0.7069752948085409,1645.697353962051,1505.3638771254464,1623.0,1470.0,0.7105400123698378,0.5,warmup,
222,o9xBOCUT,2025-09-18 18:08:37.111000+00:00,player_13f2ca33cf,player_c343e7f336,0.0,0.29983691599204937,0.29064536940123664,1579.16039726594,1726.4860399373872,1543.0,1698.0,0.2894599876301622,0.5,warmup,
223,rVSPwvqy,2025-09-18 18:08:37.111000+00:00,player_28fc596757,player_93fc09dc1d,1.0,0.9402200369042939,0.9437824521525733,2228.682342874911,1750.012799056943,2239.0,1749.0,0.9443901832417966,0.5,warmup,
224,th2U0js2,2025-09-18 18:08:37.111000+00:00,player_38ca9183e1,player_9a41cc173b,1.0,0.5130449979618519,0.5658152030692333,1937.7236966556761,1928.6570460856876,1912.0,1866.0,0.5993967967092568,0.5,warmup,
225,vJX9ReQ2,2025-09-18 18:08:37.111000+00:00,player_d5c5815413,player_928c2e13f3,0.0,0.09644184146052144,0.08717418825458685,1372.0,1760.6762469788496,1372.0,1780.0,0.08491088893958132,0.5,warmup,
226,vfaMwzaG,2025-09-18 18:08:37.111000+00:00,player_4827c329e7,player_f7fd229828,0.0,0.18281933849648957,0.1812067098656847,1283.1842670915696,1543.302646037949,1304.0,1566.0,0.1812067098656847,0.5,warmup,
227,4ArmABru,2025-09-18 18:09:16.891000+00:00,player_7e08e33c80,player_e58e10bf17,0.0,0.029486230966734087,0.023958966275577726,1022.886627452418,1629.83960273406,1022.0,1666.0,0.024503367550335983,0.5,warmup,
228,8r7vMlvw,2025-09-18 18:09:16.891000+00:00,player_37a20655c3,player_a3dd9c3447,0.0,0.7869955929327015,0.7628849803052542,2132.066081547179,1905.0325970354227,2110.0,1907.0,0.7576391748622517,0.5,warmup,
229,KzynKkde,2025-09-18 18:09:16.891000+00:00,player_d8064a3fec,player_8c7d35b978,1.0,0.6172250309049463,0.6172250309049463,1933.0,1850.0,1933.0,1850.0,0.6172250309049463,0.5,warmup,
230,SNZ8HOw0,2025-09-18 18:09:16.891000+00:00,player_c2c41d6ebe,player_a3103c6ebe,0.0,0.4840589324692352,0.4827374755676238,1992.8400360891053,2003.9207797866238,1965.0,1977.0,0.4827374755676238,0.5,warmup,
231,V9yusAx2,2025-09-18 18:09:16.891000+00:00,player_80e7015e8d,player_d9a91f076b,0.0,0.5230095872975623,0.5230095872975623,1807.0,1791.0,1807.0,1791.0,0.5230095872975623,0.5,warmup,
232,ZxvWTAjB,2025-09-18 18:09:16.891000+00:00,player_708926c113,player_ec130307e8,0.0,0.02740067006075924,0.0291508846672584,1505.9308868931723,2126.0,1517.0,2126.0,0.029478485500745066,0.5,warmup,
233,a3odVlct,2025-09-18 18:09:16.891000+00:00,player_d2d707e4fa,player_5a637797d0,0.0,0.5504801037429643,0.5416377027147634,1831.9207797866238,1796.7236966556761,1804.0,1775.0,0.5487743358597419,0.5,warmup,
234,bqd9Mrxa,2025-09-18 18:09:16.891000+00:00,player_3eeb1c5e8a,player_ba9f7eaa62,1.0,0.3883113602784446,0.3950870979920432,1651.3361759107518,1730.2763033443239,1682.0,1756.0,0.3950870979920432,0.5,warmup,
235,hxkRptrn,2025-09-18 18:09:16.891000+00:00,player_f14a11f9f0,player_04d2d9b40e,1.0,0.9625751261539659,0.9672261085454126,2097.1097159346145,1533.0,2095.0,1507.0,0.9683034863911132,0.5,warmup,
236,kDPuIXg2,2025-09-18 18:09:16.891000+00:00,player_4d2f954470,player_664279910c,0.0,0.4971218004251891,0.4971218004251891,1454.0,1456.0,1454.0,1456.0,0.4971218004251891,0.5,warmup,
237,s9lUIlbG,2025-09-18 18:09:16.891000+00:00,player_a4af4da67c,player_025ca2fadc,0.0,0.5771878107803394,0.5784967523447427,1682.9078968506142,1628.8400360891053,1656.0,1601.0,0.5798997603578815,0.5,warmup,
238,tBHcgn2M,2025-09-18 18:09:16.891000+00:00,player_a0325732d5,player_0d374b7141,1.0,0.9630129949043834,0.9595366739676358,2128.719232098961,1562.4860399373872,2093.0,1543.0,0.9612873220528224,0.5,warmup,
239,uU0dKxDy,2025-09-18 18:09:16.891000+00:00,player_6683f127a4,player_085c0b189a,0.0,0.09574036809708046,0.08313877240427012,1558.0,1948.0792202133762,1558.0,1975.0,0.08054361757308826,0.5,warmup,
240,youpHrOx,2025-09-18 18:09:16.891000+00:00,player_7e1d5365e3,player_5459970f73,1.0,0.4047569603484281,0.4047569603484281,1592.0,1659.0,1592.0,1659.0,0.4047569603484281,0.5,warmup,
241,1Z7kbEWg,2025-09-18 18:09:57.049000+00:00,player_d77e1042b1,player_f3076c3f1e,1.0,0.4561897525481096,0.45265148195413535,1603.8476526773125,1634.3683973383133,1627.0,1660.0,0.45265148195413535,0.5,warmup,
242,Fhebgz1k,2025-09-18 18:09:57.049000+00:00,player_179d43c942,player_4d0a03a3f3,0.0,0.7469129214289432,0.7469129214289432,2144.0,1956.0,2144.0,1956.0,0.7469129214289432,0.5,warmup,
243,KWhlldGh,2025-09-18 18:09:57.049000+00:00,player_0765a22938,player_a0544a86b3,1.0,0.6208788474514519,0.626699081666732,1759.355363396644,1673.6638240892482,1734.0,1644.0,0.6280448056219418,0.5,warmup,
244,LAH3KQjo,2025-09-18 18:09:57.049000+00:00,player_0254677644,player_823eb81e69,1.0,0.33093657788816944,0.33130504369266833,1957.895198436328,2080.184204772788,1932.0,2054.0,0.33258157812677697,0.5,warmup,
245,N7yei7QX,2025-09-18 18:09:57.049000+00:00,player_3c5af6fc71,player_1c4b081d9a,0.0,0.06641325516032717,0.057140865332443294,1486.0,1945.1599639108947,1486.0,1973.0,0.05530827471561296,0.5,warmup,
246,N8W6O3Cp,2025-09-18 18:09:57.049000+00:00,player_0dcdf8d9ae,player_552865c7ee,1.0,0.8616155655814505,0.834459181708983,2187.3361759107515,1869.6456586983988,2177.0,1896.0,0.8153518152833006,0.5,warmup,
247,Vp7n366a,2025-09-18 18:09:57.049000+00:00,player_3b66b065e1,player_820a07946b,0.0,0.004452510081973515,0.004628976688165087,1386.2171719262412,2326.0,1393.0,2326.0,0.004682326734488951,0.5,warmup,
248,XY81iKL0,2025-09-18 18:09:57.049000+00:00,player_11f890c0d7,player_5c175fe448,0.0,0.4145013213281905,0.4145013213281905,1644.0,1704.0,1644.0,1704.0,0.4145013213281905,0.5,warmup,
249,ZpOb8RmF,2025-09-18 18:09:57.049000+00:00,player_a9b8e0441a,player_3100c09804,0.0,0.4366040328520415,0.43135860811633236,1182.0,1226.2903964084753,1182.0,1230.0,0.42994717641601177,0.5,warmup,
250,gR7DxeRM,2025-09-18 18:09:57.049000+00:00,player_a2779f665c,player_38ca9183e1,0.0,0.033288338913055944,0.03351171054837125,1383.6868836097049,1968.8888167861176,1332.0,1916.0,0.028031867151696532,0.5,warmup,
251,gTyC7Rn2,2025-09-18 18:09:57.049000+00:00,player_9fe45c9cfd,player_b68be402f1,1.0,0.8879531905488168,0.8904506387229247,1675.7096035915247,1316.113372547582,1672.0,1308.0,0.8915686668733666,0.5,warmup,
252,j5MzuGTK,2025-09-18 18:09:57.049000+00:00,player_d1a9c42e72,player_b3b8853517,1.0,0.9163401241887982,0.92758110507346,2017.8157952272122,1602.0,2045.0,1602.0,0.9294909043747703,0.5,warmup,
253,jn1D2zkq,2025-09-18 18:09:57.049000+00:00,player_aeacea3497,player_80698e1804,1.0,0.45979177167625435,0.45979177167625435,1855.0,1883.0,1855.0,1883.0,0.45979177167625435,0.5,warmup,
254,lxVd03VH,2025-09-18 18:09:57.049000+00:00,player_b52bef3791,player_1dad1ad546,0.0,0.512200207220196,0.5100724469274385,1701.6316026616867,1693.1523473226875,1676.0,1669.0,0.5086338358210827,0.5,warmup,
255,mQytk9iP,2025-09-18 18:09:57.049000+00:00,player_39aa036cb7,player_ec0d3464f8,0.0,0.007439176236188267,0.006910166881433578,1149.8460901507044,1999.939003057951,1134.0,1997.0,0.00675393463701289,0.5,warmup,
256,o4Lgs5rL,2025-09-18 18:09:57.049000+00:00,player_217305fb8c,player_221fd4d07b,0.0,0.06914643216273055,0.06032243421468814,1238.0,1689.644636603356,1238.0,1715.0,0.05839412555299908,0.5,warmup,
257,oPk8l9cG,2025-09-18 18:09:57.049000+00:00,player_8f708d27ce,player_66f4030e5c,0.0,0.5724502722037395,0.577092475825329,1790.3683973383133,1739.6679445607867,1764.0,1710.0,0.577092475825329,0.5,warmup,
258,pcDH7YCl,2025-09-18 18:09:57.049000+00:00,player_1f1812e275,player_03e45ffb64,1.0,0.641390111955618,0.641390111955618,1828.0,1727.0,1828.0,1727.0,0.641390111955618,0.5,warmup,
259,qJBhHNoS,2025-09-18 18:09:57.049000+00:00,player_df9eb1d45f,player_3b87eb035d,0.0,0.6928396891623289,0.700977398610108,1673.2460669661104,1531.939003057951,1651.0,1503.0,0.7021826020905207,0.5,warmup,
260,w7xuM2zU,2025-09-18 18:09:57.049000+00:00,player_5f816ee984,player_adab826f08,1.0,0.4260292716875126,0.39233893587318014,1565.9390110334637,1617.7191329780799,1523.0,1599.0,0.3854986389914422,0.5,warmup,
261,zJHco0op,2025-09-18 18:09:57.049000+00:00,player_3d74b58f44,player_82c26c7ea9,0.0,0.6227840413160429,0.6090326034042396,1581.1599639108947,1494.060996942049,1600.0,1523.0,0.6212967231224545,0.5,warmup,
262,ALaTwWHj,2025-09-18 18:10:43.355000+00:00,player_2b7bd85604,player_3eeb1c5e8a,1.0,0.24853770763904692,0.2530870785710568,1498.2782869930784,1690.4842488529314,1501.0,1689.0,0.25526959313496533,0.5,warmup,
263,D0wZi2Lk,2025-09-18 18:10:43.355000+00:00,player_fe07396c8e,player_84395df0b7,1.0,0.5697929138186982,0.5700528235839882,1827.9078968506142,1779.0921031493858,1802.0,1753.0,0.5700528235839882,0.5,warmup,
264,DaDbBGot,2025-09-18 18:10:43.355000+00:00,player_7a3692bf8e,player_afaf20a3d5,1.0,0.5404358271649602,0.5416377027147634,1866.7236966556761,1838.5645095117222,1840.0,1811.0,0.5430664920222119,0.5,warmup,
265,Kg8nNabs,2025-09-18 18:10:43.355000+00:00,player_ba9f7eaa62,player_f2f8206ed7,1.0,0.6717158815709658,0.7175917231915314,1691.1282304021443,1566.7539330338896,1749.0,1587.0,0.7245382428425361,0.5,warmup,
266,NW9Ycc3s,2025-09-18 18:10:43.355000+00:00,player_c31df2082e,player_d244016f29,1.0,0.9812266611390272,0.9843096815963523,1538.410616186302,851.1194878970663,1571.0,852.0,0.9849200131707457,0.5,warmup,
267,PsNW3UMW,2025-09-18 18:10:43.355000+00:00,player_cbd7d65897,player_e3e04b27d1,1.0,0.9972936011791401,0.998065098466007,1989.4277453134177,962.8552505249042,2016.0,931.0,0.9984266832036065,0.5,warmup,
268,Te3vpnK8,2025-09-18 18:10:43.355000+00:00,player_d220abe47e,player_995b0e19b5,1.0,0.6800706757372215,0.6800706757372215,1673.0,1542.0,1673.0,1542.0,0.6800706757372215,0.5,warmup,
269,UpY538pV,2025-09-18 18:10:43.355000+00:00,player_be6cb720c5,player_ee321dbcaf,0.0,0.5171943882667216,0.5129491448928637,1327.0,1315.0474021368464,1327.0,1318.0,0.5115108912177917,0.5,warmup,
270,WPJd018Z,2025-09-18 18:10:43.355000+00:00,player_d62b36fee2,player_bd9b351853,1.0,0.20568995060220938,0.18551641249528777,1565.5655100314668,1800.2763033443239,1570.0,1827.0,0.18206236894188432,0.5,warmup,
271,Yykc226G,2025-09-18 18:10:43.355000+00:00,player_13482fff35,player_754de071a3,1.0,0.8467864793153764,0.8533946221118819,1545.2763033443239,1248.2855742714908,1545.0,1239.0,0.8645470054113045,0.5,warmup,
272,kQFS8kF2,2025-09-18 18:10:43.355000+00:00,player_bc4e045a39,player_9b69c6cc89,1.0,0.9552746765410727,0.9621351633851132,2065.419293824749,1533.589383813698,2063.0,1501.0,0.9635761343868098,0.5,warmup,
273,np7eX0jV,2025-09-18 18:10:43.355000+00:00,player_bc8f50ef56,player_ea0bb659d0,1.0,0.5896653958818987,0.5910755963149433,1756.2633029620613,1693.2763033443239,1783.0,1719.0,0.5910755963149433,0.5,warmup,
274,rCMbQwoW,2025-09-18 18:10:43.355000+00:00,player_42934eb12d,player_ca06dcd8b5,0.0,0.5043172397550598,0.5043172397550598,1702.0,1699.0,1702.0,1699.0,0.5043172397550598,0.5,warmup,
275,ripsBaLE,2025-09-18 18:10:43.355000+00:00,player_7c2d2c355b,player_7edad124da,0.0,0.6240017586176672,0.6240017586176672,1912.0,1824.0,1912.0,1824.0,0.6240017586176672,0.5,warmup,
276,t0XSEnd5,2025-09-18 18:10:43.355000+00:00,player_a7ac2ec840,player_abbe762f0d,1.0,0.8064139036295433,0.8255259873611817,1795.5972344665097,1547.7236966556761,1818.0,1548.0,0.8296328234313434,0.5,warmup,
277,wuf8cKct,2025-09-18 18:10:43.355000+00:00,player_7b8d0ade12,player_7d30d24744,0.0,0.505460515201193,0.5086338358210827,1771.518202108341,1767.7236966556761,1748.0,1742.0,0.5086338358210827,0.5,warmup,
278,zmDBDhlC,2025-09-18 18:10:43.355000+00:00,player_08095bbe41,player_8a7f244524,0.0,0.1267253308584145,0.17036717656865663,1595.0517668297905,1930.366738471437,1622.0,1897.0,0.18035418550531074,0.5,warmup,
279,161MEsG9,2025-09-18 18:11:25.113000+00:00,player_c95093aca9,player_2ece99a10a,1.0,0.8696498726344172,0.8970095263772729,1717.769505580869,1388.0763144473156,1770.0,1394.0,0.9022073203450998,0.5,warmup,
280,5K6G7wcH,2025-09-18 18:11:25.113000+00:00,player_1fadf8584b,player_3da24b5264,1.0,0.9164710083267519,0.9215623250569782,1558.9207797866238,1142.8081829017208,1585.0,1157.0,0.9223905105706245,0.5,warmup,
281,A0nbIwQW,2025-09-18 18:11:25.113000+00:00,player_f1367a63fa,player_6799fbca66,0.0,0.018632031594178693,0.022776854355012657,1666.4300173114245,2355.0586839758375,1689.0,2342.0,0.02382472002068729,0.5,warmup,
282,HqVsdSUi,2025-09-18 18:11:25.113000+00:00,player_09fe126b7a,player_2ecd10721c,1.0,0.9343136312650784,0.9425482089233579,1627.2069724625171,1166.0,1652.0,1166.0,0.9440870944880482,0.5,warmup,
283,NET7G2LL,2025-09-18 18:11:25.113000+00:00,player_f226a787f8,player_6128bf3766,0.0,0.6102705656133263,0.5416377027147634,1840.9957897491004,1763.0921031493858,1819.0,1790.0,0.544494573083008,0.5,warmup,
284,QCMZGDGG,2025-09-18 18:11:25.113000+00:00,player_0520ceb2e6,player_396dc9ad1d,0.0,0.3638578899129459,0.3882294992189357,1351.1918170982792,1448.2407564898012,1337.0,1416.0,0.3937121762145718,0.5,warmup,
285,VzDDlL7b,2025-09-18 18:11:25.113000+00:00,player_15e747c062,player_49679ad487,0.0,0.03872819832481621,0.03295686156738011,1768.3711200601351,2326.298683699734,1789.0,2376.0,0.031873667144986455,0.5,warmup,
286,Yh0zpk4j,2025-09-18 18:11:25.113000+00:00,player_8eb5eab493,player_e6cee664e5,1.0,0.9376668581986308,0.9455871395661248,1595.9318195202497,1125.0,1621.0,1125.0,0.9470491982010917,0.5,warmup,
287,copnXrpT,2025-09-18 18:11:25.113000+00:00,player_3627829253,player_9a46ffbbd8,0.0,0.04317281240528321,0.0477267210342039,1526.7507335233554,2065.0,1545.0,2065.0,0.049052005347292676,0.5,warmup,
288,nFxXY9Aw,2025-09-18 18:11:25.113000+00:00,player_e03ed01123,player_b846d40c1d,0.0,0.49424379158885506,0.49424379158885506,2012.0,2016.0,2012.0,2016.0,0.49424379158885506,0.5,warmup,
289,nZNhx5ey,2025-09-18 18:11:25.113000+00:00,player_e12b73c981,player_98849ddb45,0.0,0.5373473171664928,0.5373473171664928,1762.0,1736.0,1762.0,1736.0,0.5373473171664928,0.5,warmup,
290,qU4WS4xl,2025-09-18 18:11:25.113000+00:00,player_f3cfab2553,player_f28ca29037,1.0,0.4884891087822083,0.4884891087822083,1765.0,1773.0,1765.0,1773.0,0.4884891087822083,0.5,warmup,
291,u20vCk6j,2025-09-18 18:11:25.113000+00:00,player_72c154aa6c,player_668863653e,0.0,0.577092475825329,0.577092475825329,1903.0,1849.0,1903.0,1849.0,0.577092475825329,0.5,warmup,
292,wLe4HpG0,2025-09-18 18:11:25.113000+00:00,player_96ccb1c79e,player_f71b9e07bb,1.0,0.4244420682623016,0.4243130476235704,1677.0681804797503,1729.9764289390012,1652.0,1705.0,0.4243130476235704,0.5,warmup,
293,yjpZu0u0,2025-09-18 18:11:25.113000+00:00,player_10c062bb3a,player_7c681518e9,1.0,0.9402055723670667,0.9452901966235238,1648.0235710609988,1169.3987279617188,1667.0,1172.0,0.9481920611104497,0.5,warmup,
294,2CrmvimW,2025-09-18 18:12:04.972000+00:00,player_4bcd45f7e6,player_a7ac2ec840,1.0,0.897584730851746,0.8864576236639505,2185.07104277895,1807.986744634219,2177.0,1820.0,0.8835282880564392,0.5,warmup,
295,2NjYdAua,2025-09-18 18:12:04.972000+00:00,player_e588ce01f0,player_e0cd2caec3,0.0,0.4662000415822496,0.3937121762145718,1749.48877236545,1773.0112634452698,1683.0,1758.0,0.3787032768775454,0.5,warmup,
296,4JzTcJ0X,2025-09-18 18:12:04.972000+00:00,player_7694302c58,player_934446d768,0.0,0.6010032826120475,0.5644004902404213,1887.815795227212,1816.6527866721005,1914.0,1869.0,0.5573116337622928,0.5,warmup,
297,4Kb50GBa,2025-09-18 18:12:04.972000+00:00,player_5e4e64d0cd,player_588c963d63,0.0,0.4672463247474268,0.5043172397550598,1950.184204772788,1972.9764289390012,1951.0,1948.0,0.4640840730548977,0.5,warmup,
298,70kY8mag,2025-09-18 18:12:04.972000+00:00,player_dcbf56325c,player_2c115abdde,0.0,0.2700896554885505,0.23297508185497873,2114.705271523188,2287.4098986212434,2103.0,2310.0,0.22185154578086755,0.5,warmup,
299,7RHAsfOW,2025-09-18 18:12:04.972000+00:00,player_ca0d4971ee,player_1275bc05b6,1.0,0.3154325384499729,0.35333115767438533,1848.8315858051883,1983.4354904882778,1853.0,1958.0,0.3612622508882752,0.5,warmup,
300,AfpTqbdn,2025-09-18 18:12:04.972000+00:00,player_0a44bdb54a,player_278e5a49c4,0.0,0.21400339771784252,0.21400339771784252,1849.0,2075.0,1849.0,2075.0,0.21400339771784252,0.5,warmup,
301,CCoK6rzg,2025-09-18 18:12:04.972000+00:00,player_8155f2258f,player_f3cfab2553,1.0,0.062078176894953666,0.05500827253256483,1326.0456223167055,1797.7366970379387,1277.0,1771.0,0.05353112104053686,0.5,warmup,
302,D63WdmKa,2025-09-18 18:12:04.972000+00:00,player_84577b4a79,player_a9bad611d6,1.0,0.3521905722597546,0.29781739790947936,1439.3806933152732,1545.248508476455,1438.0,1587.0,0.293024705191459,0.5,warmup,
303,JwJ0ZjYU,2025-09-18 18:12:04.972000+00:00,player_a3cb35c7d1,player_09a274f296,0.0,0.4411379164795864,0.47842666694885455,1789.0,1830.0921031493858,1789.0,1804.0,0.48705085510713625,0.5,warmup,
304,NB9f22aS,2025-09-18 18:12:04.972000+00:00,player_39998e5a39,player_fd3a6113bb,1.0,0.5014391117091528,0.5014391117091528,1846.0,1845.0,1846.0,1845.0,0.5014391117091528,0.5,warmup,
305,OnW9dAbF,2025-09-18 18:12:04.972000+00:00,player_fbc6c3aa67,player_b1ee0e66ce,1.0,0.46365237497326756,0.46694860611555894,1688.7112497897078,1714.012799056943,1716.0,1739.0,0.46694860611555894,0.5,warmup,
306,Qd2UZTfA,2025-09-18 18:12:04.972000+00:00,player_366327a96d,player_973b18a40d,0.0,0.4030028708321837,0.399221754109989,1642.527386412956,1710.7930275374829,1617.0,1688.0,0.4019862342306564,0.5,warmup,
307,SQAsABn3,2025-09-18 18:12:04.972000+00:00,player_4109a84459,player_9d0199cc42,1.0,0.8959481654879237,0.9198816569709808,1678.515659179557,1304.5024019779166,1749.0,1325.0,0.9248272212397116,0.5,warmup,
308,SVf2tqpY,2025-09-18 18:12:04.972000+00:00,player_52c902f4c2,player_4a673ee2af,0.0,0.399221754109989,0.399221754109989,1471.0,1542.0,1471.0,1542.0,0.399221754109989,0.5,warmup,
309,VJKrqq6f,2025-09-18 18:12:04.972000+00:00,player_7df46c050b,player_628f61f675,1.0,0.3508979010376692,0.3136997423166875,1680.1343037122974,1786.987200943057,1629.0,1765.0,0.31122643133128686,0.5,warmup,
310,YnGmMYqV,2025-09-18 18:12:04.972000+00:00,player_efb8e8d830,player_d39c4ff769,1.0,0.6520535003123854,0.655820505912395,1804.1083034870974,1695.0,1807.0,1695.0,0.6571186864870786,0.5,warmup,
311,Z0JY8aBN,2025-09-18 18:12:04.972000+00:00,player_f3076c3f1e,player_d08187f31f,1.0,0.5489053684935904,0.5896835031399501,1599.5645415013923,1565.472613587044,1654.0,1591.0,0.5993967967092568,0.5,warmup,
312,ZjaRy5Xa,2025-09-18 18:12:04.972000+00:00,player_005a944af2,player_0c1124af83,1.0,0.5487743358597419,0.5487743358597419,1677.0,1643.0,1677.0,1643.0,0.5487743358597419,0.5,warmup,
313,bwubIFxy,2025-09-18 18:12:04.972000+00:00,player_54f334eb43,player_e35d9030af,0.0,0.4741190691088309,0.4741190691088309,2268.0,2286.0,2268.0,2286.0,0.4741190691088309,0.5,warmup,
314,oTlUN5Np,2025-09-18 18:12:04.972000+00:00,player_d37ba941b7,player_01c2e33de1,0.0,0.4105625689974904,0.4569335079777882,1789.2517777275843,1852.0751213928006,1770.0,1800.0,0.45836229728523653,0.5,warmup,
315,ohGZSM4J,2025-09-18 18:12:04.972000+00:00,player_7f5ab1205b,player_d244185209,1.0,0.5209138830405861,0.5215733330511455,1905.5645095117222,1891.0235710609988,1931.0,1916.0,0.5215733330511455,0.5,warmup,
316,pBcH8Os2,2025-09-18 18:12:04.972000+00:00,player_f28ca29037,player_9d1a5aec58,0.0,0.49400151903621264,0.4626526828335072,1740.2633029620613,1744.4316744420698,1767.0,1793.0,0.4555054269169921,0.5,warmup,
317,ph0jlEav,2025-09-18 18:12:04.972000+00:00,player_b6fe7490c2,player_c51f481026,0.0,0.384135895746244,0.384135895746244,2087.0,2169.0,2087.0,2169.0,0.384135895746244,0.5,warmup,
318,uxdbVe1B,2025-09-18 18:12:04.972000+00:00,player_abbe762f0d,player_7b52c2713d,1.0,0.6181968058968585,0.6307302886162022,1535.334186487967,1451.6193066847268,1546.0,1453.0,0.6334077000711676,0.5,warmup,
319,z8HUSkPD,2025-09-18 18:12:04.972000+00:00,player_497848644b,player_d45b8b8b3a,0.5,0.9108119407138324,0.9105080840492277,1876.6488006790632,1473.0,1876.0,1473.0,0.9100379198115163,0.5,warmup,
320,zXwBQ8FO,2025-09-18 18:12:04.972000+00:00,player_06b7b30c6d,player_b2806ec8b0,0.0,0.25964312221984315,0.23607530085516135,1436.4975980220834,1618.5233149647124,1416.0,1620.0,0.23092407656660718,0.5,warmup,
321,783etKSY,2025-09-18 18:12:42.728000+00:00,player_d220abe47e,player_f545c6fb77,1.0,0.6304344515685439,0.6400649998028851,1693.475476752818,1600.6960929720985,1677.0,1577.0,0.641390111955618,0.5,warmup,
322,AwQamejJ,2025-09-18 18:12:42.728000+00:00,player_bb620ede68,player_ce2d241372,0.0,0.5143871841659987,0.5143871841659987,1534.0,1524.0,1534.0,1524.0,0.5143871841659987,0.5,warmup,
323,Bkrl3P2f,2025-09-18 18:12:42.728000+00:00,player_881e0baea7,player_24c88d3b7f,1.0,0.3800586409554767,0.3800586409554767,1711.0,1796.0,1711.0,1796.0,0.3800586409554767,0.5,warmup,
324,G5tRoS9C,2025-09-18 18:12:42.728000+00:00,player_c343e7f336,player_28fc596757,0.0,0.05719278592986474,0.04323212516319711,1745.6756025608784,2232.508260513036,1701.0,2239.0,0.04046332603236435,0.5,warmup,
325,IFBmIzmw,2025-09-18 18:12:42.728000+00:00,player_c82858060a,player_13f2ca33cf,0.0,0.3946171927191845,0.39646368147382194,1485.6292025502912,1559.9708346424488,1466.0,1539.0,0.39646368147382194,0.5,warmup,
326,IXNYNI8H,2025-09-18 18:12:42.728000+00:00,player_6e9e0ae007,player_2ff421b778,0.0,0.48130022207044143,0.48130022207044143,1920.0,1933.0,1920.0,1933.0,0.48130022207044143,0.5,warmup,
327,Ki1tnbxb,2025-09-18 18:12:42.728000+00:00,player_b4161b7f7b,player_f28e8884ba,1.0,0.389597577905311,0.389597577905311,1543.0,1621.0,1543.0,1621.0,0.389597577905311,0.5,warmup,
328,MDyZ7HOB,2025-09-18 18:12:42.728000+00:00,player_030fe27be7,player_2a2129d64b,1.0,0.6201235111368089,0.5868950233791,1759.7236966556761,1674.589383813698,1729.0,1668.0,0.5868950233791,0.5,warmup,
329,PGDyhcpz,2025-09-18 18:12:42.728000+00:00,player_85b8b02fa0,player_7f6040e3ce,0.0,0.3748371154363765,0.3665922999288324,1876.4833807093753,1965.3436204229652,1846.0,1941.0,0.3665922999288324,0.5,warmup,
330,Rivj9UFv,2025-09-18 18:12:42.728000+00:00,player_1d4ce1a55b,player_c452fd0eed,1.0,0.6809388935865947,0.7093546305987634,1963.1260636001466,1831.4323540527766,1991.0,1836.0,0.7129021574054539,0.5,warmup,
331,UTF8FjJC,2025-09-18 18:12:42.728000+00:00,player_616de1cb69,player_4c9173cbff,0.0,0.5854986786718095,0.5854986786718095,1402.0,1342.0,1402.0,1342.0,0.5854986786718095,0.5,warmup,
332,WrnkBlHk,2025-09-18 18:12:42.728000+00:00,player_ec130307e8,player_49bd7dc7cf,1.0,0.9797570511119786,0.9823291663359555,2127.7536428838885,1453.815795227212,2126.0,1428.0,0.9829188284532066,0.5,warmup,
333,bj1HSG6k,2025-09-18 18:12:42.728000+00:00,player_59b7c1a73d,player_84577b4a79,1.0,0.7431860021773824,0.7392202541406678,1665.4320285372062,1480.840496690649,1627.0,1446.0,0.7381090325404187,0.5,warmup,
334,buyhXNjI,2025-09-18 18:12:42.728000+00:00,player_1931b19050,player_85112dea04,0.5,0.23552399991747625,0.23503873644731077,1674.895198436328,1879.4266733872803,1650.0,1855.0,0.2340053292335112,0.5,warmup,
335,e1ozvgIO,2025-09-18 18:12:42.728000+00:00,player_632a206732,player_8873530087,1.0,0.32729123294877493,0.32875941918416823,1375.8429138012232,1501.0,1377.0,1501.0,0.3300309860965169,0.5,warmup,
336,gqNVdyZP,2025-09-18 18:12:42.728000+00:00,player_5a5f99e60b,player_85b73e0103,0.0,0.44553062597832394,0.44553062597832394,1940.0,1978.0,1940.0,1978.0,0.44553062597832394,0.5,warmup,
337,l2L0Znn4,2025-09-18 18:12:42.728000+00:00,player_a167000c49,player_ee333a3fc8,1.0,0.05124528885250089,0.05124528885250089,1301.0,1808.0,1301.0,1808.0,0.05124528885250089,0.5,warmup,
338,oXTnsNk9,2025-09-18 18:12:42.728000+00:00,player_475e909a17,player_fe95bf7d4f,1.0,0.41310497662089996,0.41310497662089996,1804.0,1865.0,1804.0,1865.0,0.41310497662089996,0.5,warmup,
339,uH9ufQvw,2025-09-18 18:12:42.728000+00:00,player_cca7cea916,player_55c67ec4b3,1.0,0.9098758485963867,0.9207260613687934,1886.6563795770348,1485.0,1911.0,1485.0,0.9232106803028998,0.5,warmup,
340,wske9nVP,2025-09-18 18:12:42.728000+00:00,player_995b0e19b5,player_5d2ad3a4ce,1.0,0.3874364382344249,0.3746486066924632,1521.524523247182,1601.104801563672,1538.0,1627.0,0.373300918333268,0.5,warmup,
341,zIQ5Gix0,2025-09-18 18:12:42.728000+00:00,player_93fc09dc1d,player_ceb09b75c0,0.0,0.12276917167745709,0.12068284654599212,1746.1868814188178,2087.7967053843895,1748.0,2093.0,0.12129504878814854,0.5,warmup,
342,0XQ3viq6,2025-09-18 18:13:24.737000+00:00,player_df3f04be61,player_1eea41f6aa,0.0,0.39298059462827484,0.4271277486054956,1867.513310162172,1943.0458979598427,1836.0,1887.0,0.43418479693076684,0.5,warmup,
343,2Hy4xzjg,2025-09-18 18:13:24.737000+00:00,player_d9a91f076b,player_4a983ef4e0,1.0,0.48602204701276913,0.5244454611206615,1824.472613587044,1834.1880216454167,1797.0,1780.0,0.5316182978281073,0.5,warmup,
344,YSaZJ13m,2025-09-18 18:13:24.737000+00:00,player_5bd9565a7b,player_255d4752b7,0.0,0.03685164843037341,0.03828650388225474,1486.1182924995146,2053.012799056943,1466.0,2026.0,0.03849902482646369,0.5,warmup,
345,ZFWiy0Lu,2025-09-18 18:13:24.737000+00:00,player_2ee848a5c6,player_475e909a17,0.0,0.5785608547181176,0.5784967523447427,1896.6069509194454,1841.5612814962624,1874.0,1819.0,0.5924662305843318,0.5,warmup,
346,mMZ83SXu,2025-09-18 18:13:24.737000+00:00,player_4bca831314,player_2fc328febb,0.0,0.541864214102842,0.5416377027147634,1842.895198436328,1813.7366970379387,1818.0,1789.0,0.544494573083008,0.5,warmup,
347,Gu8Fur9N,2025-09-18 18:13:24.738000+00:00,player_ac929d51ac,player_5ae91b6d4e,0.0,0.5416377027147634,0.5416377027147634,1849.0,1820.0,1849.0,1820.0,0.5416377027147634,0.5,warmup,
348,KtLYR8B6,2025-09-18 18:13:24.738000+00:00,player_085c0b189a,player_3bdb40eb4d,1.0,0.5765323085294805,0.577092475825329,1954.2066037715892,1900.6052563520375,1976.0,1922.0,0.577092475825329,0.5,warmup,
349,LGybkBX2,2025-09-18 18:13:24.738000+00:00,player_db00527c42,player_eff9cc5540,0.0,0.7026006258941311,0.7256856462717871,2053.711039294835,1904.3636464358754,2073.0,1904.0,0.730245413297424,0.5,warmup,
350,PmjbFqFb,2025-09-18 18:13:24.738000+00:00,player_aa3fd28b27,player_6d788ebb96,1.0,0.5100724469274385,0.5100724469274385,1995.0,1988.0,1995.0,1988.0,0.5100724469274385,0.5,warmup,
351,aZ9wQubP,2025-09-18 18:13:24.738000+00:00,player_b50b13c09a,player_11f890c0d7,1.0,0.8171126546824463,0.8320598405303332,1877.51122763455,1617.4719154349957,1917.0,1639.0,0.8368309660028946,0.5,warmup,
352,blnPY3Qh,2025-09-18 18:13:24.738000+00:00,player_26bb87c8a9,player_be6cb720c5,1.0,0.8483554661823809,0.8271780169631395,1593.0,1293.89955915093,1593.0,1321.0,0.8221846111535023,0.5,warmup,
353,fdGO5JU3,2025-09-18 18:13:24.738000+00:00,player_8150304f9f,player_80e7015e8d,1.0,0.06080473872026677,0.05237642552941253,1298.0,1773.527386412956,1298.0,1801.0,0.0506884227090081,0.5,warmup,
354,gSo8s20E,2025-09-18 18:13:24.738000+00:00,player_5c175fe448,player_96e42c3d0e,1.0,0.715871470579058,0.6887735686687132,1730.5280845650043,1570.0,1708.0,1570.0,0.6838163141936586,0.5,warmup,
355,hNrsLHHU,2025-09-18 18:13:24.738000+00:00,player_d3ab849fc2,player_4c9e8f1a44,0.0,0.06923970752453001,0.061308790821601164,1342.0,1793.3930490805546,1342.0,1816.0,0.05967313362891353,0.5,warmup,
356,iiN81m6c,2025-09-18 18:13:24.738000+00:00,player_d539a5e529,player_d25057ff63,1.0,0.4909108183295636,0.49568276024494023,1435.6834938582547,1442.0,1439.0,1442.0,0.4971218004251891,0.5,warmup,
357,laLAETfK,2025-09-18 18:13:24.738000+00:00,player_e317a6ae7e,player_6683f127a4,0.0,0.9052418415916048,0.9141902593095826,1943.9318195202497,1551.872616441787,1968.0,1557.0,0.9164213770695134,0.5,warmup,
358,nOoOM8ma,2025-09-18 18:13:24.738000+00:00,player_37c709160f,player_fe238bcb8d,1.0,0.4722095725836992,0.469815319996098,1769.104801563672,1788.4354904882778,1795.0,1816.0,0.46838170217189273,0.5,warmup,
359,pMzmCaXl,2025-09-18 18:13:24.738000+00:00,player_8f396e4253,player_dbc760c330,0.0,0.7256856462717871,0.7256856462717871,1794.0,1625.0,1794.0,1625.0,0.7256856462717871,0.5,warmup,
360,qrSPSkGD,2025-09-18 18:13:24.738000+00:00,player_7ee3527b4e,player_9d8044bdb0,0.0,0.9366687542631629,0.9452901966235238,1997.987200943057,1530.0,2025.0,1530.0,0.9470491982010917,0.5,warmup,
361,tcmsxh7d,2025-09-18 18:13:24.738000+00:00,player_c7d1aa7969,player_257b0330b9,1.0,0.8038301376544961,0.8038185194246843,2004.0,1758.987200943057,2004.0,1759.0,0.8029091701538159,0.5,warmup,
362,5Us3Ob9I,2025-09-18 18:14:06.843000+00:00,player_841bcd8983,player_21f2010af5,1.0,0.35303630641328765,0.34678283278113026,1919.8439649520915,2025.0681804797503,1890.0,2000.0,0.344179494087605,0.5,warmup,
363,6ahYiEqB,2025-09-18 18:14:06.843000+00:00,player_65ba72e08f,player_3184b6bd32,0.0,0.34383409249103486,0.34288131351292145,1552.2986193244865,1664.5645095117222,1577.0,1690.0,0.34288131351292145,0.5,warmup,
364,89uCl5vM,2025-09-18 18:14:06.843000+00:00,player_72de9d8c65,player_6e54aad305,0.0,0.4913661641789174,0.4913661641789174,1627.0,1633.0,1627.0,1633.0,0.4913661641789174,0.5,warmup,
365,I8NtY2ME,2025-09-18 18:14:06.843000+00:00,player_ff0bf1f885,player_bc66b2bbef,1.0,0.20259474520819173,0.23092407656660718,1534.8204257661912,1772.840792406116,1559.0,1768.0,0.238157890082064,0.5,warmup,
366,OS12cgQp,2025-09-18 18:14:06.843000+00:00,player_ec0d3464f8,player_44e465dc84,1.0,0.791072762077372,0.8312539156520465,2000.415110337067,1769.126562937734,1997.0,1720.0,0.8391753178526756,0.5,warmup,
367,OUlDkMi5,2025-09-18 18:14:06.843000+00:00,player_7e87a9d2c8,player_f7ec6e6f48,0.0,0.3679299878999264,0.3679299878999264,1924.0,2018.0,1924.0,2018.0,0.3679299878999264,0.5,warmup,
368,T5IjvBpe,2025-09-18 18:14:06.843000+00:00,player_c88594a5c4,player_343e0b1ee2,1.0,0.35372301866015976,0.35860988804438204,1702.471052274986,1807.1731983451114,1703.0,1804.0,0.35993500019711494,0.5,warmup,
369,Upl4PXpk,2025-09-18 18:14:06.843000+00:00,player_adcfd517c2,player_7683dd81fb,1.0,0.5714631174083814,0.5714631174083814,1608.0,1558.0,1608.0,1558.0,0.5714631174083814,0.5,warmup,
370,VlEmEYYN,2025-09-18 18:14:06.843000+00:00,player_7c853e9a81,player_2f2a0a61ac,1.0,0.6320700121000735,0.6320700121000735,1810.0,1716.0,1810.0,1716.0,0.6320700121000735,0.5,warmup,
371,WxTNRxxj,2025-09-18 18:14:06.843000+00:00,player_f90389e219,player_3b66b065e1,1.0,0.6573375153768808,0.6775605800851006,1499.1009550075653,1385.932211280995,1522.0,1393.0,0.6800706757372215,0.5,warmup,
372,XVqcBBa2,2025-09-18 18:14:06.843000+00:00,player_0b5ecff75a,player_2164716222,0.5,0.2216840753298316,0.2035453002882742,1742.4354904882778,1960.6040583624647,1718.0,1955.0,0.1998379440848642,0.5,warmup,
373,f5BdcGgX,2025-09-18 18:14:06.843000+00:00,player_6a7243015c,player_39aa036cb7,1.0,0.9943640081884699,0.9948387760426105,2048.0,1149.3699828715883,2048.0,1134.0,0.9949556672157635,0.5,warmup,
374,fgjZ1DQ7,2025-09-18 18:14:06.843000+00:00,player_4a673ee2af,player_b078c0ad01,0.0,0.13480168481481647,0.12068284654599212,1567.5501922630392,1890.5183301867798,1547.0,1892.0,0.11766170295305857,0.5,warmup,
375,m6uQjkqW,2025-09-18 18:14:06.843000+00:00,player_820a07946b,player_de9a5b9e52,1.0,0.9814682134699279,0.9837672404220318,2326.2849606452464,1636.7013806755135,2326.0,1613.0,0.9843096815963523,0.5,warmup,
376,mBXHnVry,2025-09-18 18:14:06.843000+00:00,player_aa9d4464a3,player_c13dd34172,0.0,0.34301491021637776,0.32875941918416823,1943.517159188615,2056.4141651792224,1883.0,2007.0,0.3249597989597013,0.5,warmup,
377,poWqfQO9,2025-09-18 18:14:06.843000+00:00,player_640850f8c9,player_7ec648723c,1.0,0.43438492404508494,0.3882294992189357,1713.7366970379387,1759.5951900942564,1740.0,1819.0,0.3787032768775454,0.5,warmup,
378,qR9g7EZS,2025-09-18 18:14:06.843000+00:00,player_7daf8cb2ff,player_6c4dd897f2,0.5,0.5497912903865548,0.550199353253537,1942.2771266572822,1907.5635414076305,1893.0,1858.0,0.550199353253537,0.5,warmup,
379,tq5fKO03,2025-09-18 18:14:06.843000+00:00,player_c719c4b90c,player_26faf633c9,0.0,0.46838170217189273,0.46838170217189273,1820.0,1842.0,1820.0,1842.0,0.46838170217189273,0.5,warmup,
380,wV5uVdsC,2025-09-18 18:14:06.843000+00:00,player_f342eba3d4,player_30f0782407,0.0,0.1357791786338628,0.11647171194356075,1531.0,1852.5166192906247,1531.0,1883.0,0.1129642731158783,0.5,warmup,
381,0UNNamxa,2025-09-18 18:14:44.484000+00:00,player_0e48101296,player_eb4c09fb7b,0.5,0.08858991426924791,0.07802257631737311,1156.0,1560.9318195202497,1156.0,1585.0,0.07557395857407452,0.5,warmup,
382,9dshUccZ,2025-09-18 18:14:44.484000+00:00,player_1cb42dae1c,player_37a20655c3,0.0,0.07373281591667664,0.05807841419526414,1642.0681804797503,2081.6983635994857,1617.0,2101.0,0.05530827471561296,0.5,warmup,
383,E5Rd0F1E,2025-09-18 18:14:44.484000+00:00,player_acc164288c,player_3e7849ca33,0.0,0.06358707578164272,0.05382352603126087,1468.7236966556761,1935.9631149976049,1443.0,1941.0,0.05209144932737488,0.5,warmup,
384,Enw7VCDe,2025-09-18 18:14:44.484000+00:00,player_20632e8f23,player_35c0e758a5,0.0,0.23598159020721607,0.21888459727003834,1657.0657550140602,1861.1560350479085,1625.0,1846.0,0.22384542465816928,0.5,warmup,
385,HMMgmYzQ,2025-09-18 18:14:44.484000+00:00,player_fb1994764a,player_80ac3c4546,1.0,0.4913661641789174,0.4913661641789174,1547.0,1553.0,1547.0,1553.0,0.4913661641789174,0.5,warmup,
386,T5BiaUCc,2025-09-18 18:14:44.484000+00:00,player_78da7ae66d,player_76a979bd08,1.0,0.8805893237392189,0.8948627896440804,1375.0921031493858,1028.0,1400.0,1028.0,0.8985940288909822,0.5,warmup,
387,cQyhtvtL,2025-09-18 18:14:44.484000+00:00,player_84f7ebde81,player_702cea49a9,1.0,0.7222750067823889,0.7512407935337106,1558.626364852039,1392.591315975461,1583.0,1391.0,0.7576391748622517,0.5,warmup,
388,flBSKdIu,2025-09-18 18:14:44.484000+00:00,player_017017d8a9,player_56487e0825,0.0,0.45048927773048913,0.449800646746463,1072.1768493604693,1106.6935342964216,1076.0,1111.0,0.4483764526890395,0.5,warmup,
389,guR0Wg2a,2025-09-18 18:14:44.484000+00:00,player_a3dd9c3447,player_4bcd45f7e6,0.0,0.20426920667969073,0.18206236894188432,1955.4003149831155,2191.625620004438,1918.0,2179.0,0.1761384714944276,0.5,warmup,
390,hB0AVacP,2025-09-18 18:14:44.484000+00:00,player_a6becb1b3f,player_82926c7aed,0.0,0.667418421873223,0.667418421873223,1883.0,1762.0,1883.0,1762.0,0.667418421873223,0.5,warmup,
391,hK93jvBh,2025-09-18 18:14:44.484000+00:00,player_a7ac2ec840,player_df147156b7,0.0,0.3535550579801461,0.3800586409554767,1801.4321674087307,1906.2619622427844,1819.0,1904.0,0.3868631798468569,0.5,warmup,
392,khOIZ6P4,2025-09-18 18:14:44.484000+00:00,player_11f890c0d7,player_2b10095fc7,0.0,0.8623528593018843,0.8823382970469413,1605.7671253346723,1287.0,1637.0,1287.0,0.8864576236639505,0.5,warmup,
393,mQAUgq67,2025-09-18 18:14:44.484000+00:00,player_a77b963401,player_90ff108b74,0.0,0.5938553852361779,0.5938553852361779,1503.0,1437.0,1503.0,1437.0,0.5938553852361779,0.5,warmup,
394,pbQjHlec,2025-09-18 18:14:44.484000+00:00,player_f227e4b9e0,player_95b5fb3246,0.0,0.04830882502255982,0.04091269989667932,1330.0,1847.787827003569,1330.0,1878.0,0.039578722571651126,0.5,warmup,
395,rM2U0Wou,2025-09-18 18:14:44.484000+00:00,player_206a863fb3,player_9ead8cc339,0.0,0.1644123909192617,0.16238454162860258,1610.5770215114785,1893.0,1608.0,1893.0,0.16160309261305672,0.5,warmup,
396,sTOTzZ9P,2025-09-18 18:14:44.484000+00:00,player_c5b91a311c,player_eb55c3f239,1.0,0.30144137358197703,0.30144137358197703,1576.0,1722.0,1576.0,1722.0,0.30144137358197703,0.5,warmup,
397,w5TiXVGQ,2025-09-18 18:14:44.484000+00:00,player_3430d7eb2d,player_c3be86f485,1.0,0.7572626859650502,0.8010809398289457,1637.5519030561045,1439.9078968506142,1656.0,1414.0,0.8100951586047567,0.5,warmup,
398,0IQkOXUm,2025-09-18 18:15:26.473000+00:00,player_38ca9183e1,player_ca0d4971ee,1.0,0.6109161588944249,0.581301478368915,1971.0192704765532,1892.64390334439,1917.0,1860.0,0.5742802036545245,0.5,warmup,
399,24NCIKeH,2025-09-18 18:15:26.473000+00:00,player_1275bc05b6,player_b750551803,1.0,0.9450135617267523,0.9540716351028596,1939.623172949076,1445.5501922630392,1951.0,1424.0,0.9555615730980401,0.5,warmup,
400,4ZAbZvgq,2025-09-18 18:15:26.473000+00:00,player_0db6ac79f0,player_e049234ece,0.0,0.5728722513945045,0.5728722513945045,1715.0,1664.0,1715.0,1664.0,0.5728722513945045,0.5,warmup,
401,Bv8WZIeW,2025-09-18 18:15:26.473000+00:00,player_39cc58fb88,player_c2ae71ed7e,1.0,0.5672288443429522,0.5672288443429522,1659.0,1612.0,1659.0,1612.0,0.5672288443429522,0.5,warmup,
402,C2u8y4FM,2025-09-18 18:15:26.473000+00:00,player_c216e00a5c,player_05ce171ed1,0.0,0.28687673596210583,0.3002305967379419,1858.7304907999733,2016.9182002576254,1820.0,1967.0,0.3038712295704002,0.5,warmup,
403,DFRL5ARx,2025-09-18 18:15:26.473000+00:00,player_afa0dfd6dc,player_bc4e045a39,0.0,0.5794299440408617,0.5172625244323762,2123.9467492717486,2068.28171452612,2076.0,2064.0,0.5043172397550598,0.5,warmup,
404,I5cpsVZz,2025-09-18 18:15:26.473000+00:00,player_8c7d35b978,player_a34bfe0ed8,0.0,0.3962923187816799,0.35333115767438533,1825.5024019779166,1898.626820770439,1845.0,1950.0,0.344179494087605,0.5,warmup,
405,MZ5QXFzC,2025-09-18 18:15:26.473000+00:00,player_e105f0669e,player_c7c60e733a,0.0,0.4712494361077314,0.4712494361077314,1559.0,1579.0,1559.0,1579.0,0.4712494361077314,0.5,warmup,
406,NM2oPmaT,2025-09-18 18:15:26.473000+00:00,player_9b69c6cc89,player_7f9e1dc20d,0.0,0.19023759325845893,0.16316903399710528,1530.7269631123268,1782.3514702374714,1500.0,1784.0,0.15850763307675816,0.5,warmup,
407,O2nJKcTq,2025-09-18 18:15:26.473000+00:00,player_bb0b4d71cc,player_7c2d2c355b,0.0,0.336143339655374,0.30999379271968613,1753.8439649520915,1872.0638874484694,1765.0,1904.0,0.31992932426277854,0.5,validation,
408,RCWNmU1B,2025-09-18 18:15:26.473000+00:00,player_b99e1146b7,player_10c062bb3a,1.0,0.8102275932148068,0.7955199003127421,1904.0,1651.8504144295066,1904.0,1668.0,0.7859966022821575,0.5,validation,
409,SW5FTpXV,2025-09-18 18:15:26.473000+00:00,player_6f5404f61f,player_87657c2458,0.0,0.550199353253537,0.550199353253537,1762.0,1727.0,1762.0,1727.0,0.550199353253537,0.5,validation,
410,Srkd8hmD,2025-09-18 18:15:26.473000+00:00,player_1717e4f9fd,player_d8064a3fec,1.0,0.56263464206479,0.581301478368915,2001.250432995569,1957.4975980220834,1995.0,1938.0,0.5868950233791,0.5,validation,
411,Y9863DrJ,2025-09-18 18:15:26.473000+00:00,player_b50b13c09a,player_54a683a4f0,1.0,0.8446893301844416,0.8597585194581956,1889.2160177348735,1595.0177314724424,1920.0,1605.0,0.8631931113967899,0.5,validation,
412,cjX6N2qr,2025-09-18 18:15:26.473000+00:00,player_e58e10bf17,player_5a96470b35,0.0,0.2027054596307339,0.24448111792880314,1631.726721515931,1869.628059168111,1666.0,1862.0,0.2541767916495005,0.5,validation,
413,dbi5V3MR,2025-09-18 18:15:26.473000+00:00,player_941991fe0c,player_286961296c,0.0,0.550199353253537,0.550199353253537,1888.0,1853.0,1888.0,1853.0,0.550199353253537,0.5,validation,
414,dj3rtOdQ,2025-09-18 18:15:26.473000+00:00,player_f5a9fa68bd,player_6e9e0ae007,0.0,0.3921609726331419,0.41869852163108506,1813.0671016940114,1889.1967857874918,1857.0,1914.0,0.4243130476235704,0.5,validation,
415,fzBwRCka,2025-09-18 18:15:26.473000+00:00,player_acf7f58e07,player_8ffd49fad2,1.0,0.5071950817090514,0.5071950817090514,1722.0,1717.0,1722.0,1717.0,0.5071950817090514,0.5,validation,
416,i10YtMHP,2025-09-18 18:15:26.473000+00:00,player_2ff421b778,player_7ac78dcfca,1.0,0.4703782930395559,0.46694860611555894,1963.8032142125082,1984.410616186302,1941.0,1964.0,0.46122190794282847,0.5,validation,
417,savdTCKf,2025-09-18 18:15:26.473000+00:00,player_1f9c22288d,player_f14a11f9f0,0.0,0.30718964332738113,0.31992932426277854,1958.2217872428662,2099.504907860761,1965.0,2096.0,0.3236983305072631,0.5,validation,
418,y8IlQTDk,2025-09-18 18:15:26.473000+00:00,player_1736988d2f,player_1c67074439,0.0,0.03434465151777915,0.029809654905320244,1198.021736458032,1777.6069509194454,1202.0,1807.0,0.028826816395722262,0.5,validation,
419,1FEdPzLk,2025-09-18 18:16:08.435000+00:00,player_4f042b87b8,player_4109a84459,1.0,0.9492630875625695,0.9279668414961574,2194.0,1685.1749765883299,2194.0,1750.0,0.9219774236826269,0.5,validation,
420,4xNGainb,2025-09-18 18:16:08.435000+00:00,player_eff9cc5540,player_085c0b189a,0.0,0.45410882940137376,0.4061446147638222,1949.3300864930998,1981.3085360257026,1915.0,1981.0,0.39096739659576046,0.5,validation,
421,7zmujokc,2025-09-18 18:16:08.435000+00:00,player_4c9173cbff,player_5e4e64d0cd,0.0,0.04256831732532162,0.035624293609551896,1379.4719154349957,1920.2804399889526,1348.0,1921.0,0.03503573483198627,0.5,validation,
422,Lo2gd7nd,2025-09-18 18:16:08.435000+00:00,player_9f1e963216,player_c61c9985a6,0.0,0.4089244036850566,0.4089244036850566,1767.0,1831.0,1767.0,1831.0,0.4089244036850566,0.5,validation,
423,Ox5TS6au,2025-09-18 18:16:08.435000+00:00,player_7df46c050b,player_a0325732d5,0.0,0.08653066963342045,0.06755002899657621,1721.6768380458866,2131.0864004250807,1637.0,2093.0,0.06366918853058397,0.5,validation,
424,XCA3ptzK,2025-09-18 18:16:08.435000+00:00,player_07a7cd4f02,player_e3e04b27d1,1.0,0.9838900154004047,0.9883212029203842,1677.0226122330077,962.6820410003692,1701.0,930.0,0.9903772181226684,0.5,validation,
425,Yb7gCtQR,2025-09-18 18:16:08.435000+00:00,player_b21cbf6e60,player_457e198199,0.0,0.5244454611206615,0.5244454611206615,1687.0,1670.0,1687.0,1670.0,0.5244454611206615,0.5,validation,
426,iSmRyGCU,2025-09-18 18:16:08.435000+00:00,player_b05e8aa358,player_cbd7d65897,0.0,0.04668403110691001,0.03014442920073095,1465.573547584889,1989.6009548379527,1413.0,2016.0,0.027258224711437025,0.5,validation,
427,ilkieOt6,2025-09-18 18:16:08.435000+00:00,player_25cbe16412,player_b6fe7490c2,0.0,0.07264531537520345,0.06540675986278599,1620.0,2062.41530267224,1620.0,2082.0,0.06366918853058397,0.5,validation,
428,jJEzb2hv,2025-09-18 18:16:08.435000+00:00,player_7edad124da,player_26faf633c9,0.0,0.4884311197426017,0.47842666694885455,1863.9361125515306,1871.9764289390012,1832.0,1847.0,0.4741190691088309,0.5,validation,
429,oPPwtHgY,2025-09-18 18:16:08.435000+00:00,player_dc42739704,player_7ce6c5217c,0.0,0.469815319996098,0.469815319996098,1734.0,1755.0,1734.0,1755.0,0.469815319996098,0.5,validation,
430,zeXoJjXk,2025-09-18 18:16:08.435000+00:00,player_671b85dcda,player_b9e7961f48,0.0,0.16340789608954973,0.15927695733838498,1452.518202108341,1736.2144912371766,1428.0,1717.0,0.15927695733838498,0.5,validation,
431,E5OMYQmJ,2025-09-18 18:16:08.436000+00:00,player_9d0199cc42,player_f8d760b83f,0.0,0.7197368367769679,0.7490830628775357,1297.8430845691437,1134.0,1324.0,1134.0,0.7544540419421866,0.5,validation,
432,LsfUMRWz,2025-09-18 18:16:08.436000+00:00,player_34bb1a2c1b,player_89248331eb,1.0,0.6049129020079569,0.6049129020079569,1430.0,1356.0,1430.0,1356.0,0.6049129020079569,0.5,validation,
433,Xgt4MohA,2025-09-18 18:16:08.436000+00:00,player_21fb6cb198,player_0063f66597,0.0,0.9402077598787149,0.9481920611104497,1729.6316026616867,1251.0,1756.0,1251.0,0.949862711930845,0.5,validation,
434,gP51pF9T,2025-09-18 18:16:08.436000+00:00,player_ef73ecd937,player_eb53b034cb,1.0,0.8419443799631483,0.8562520600981506,1851.589383813698,1561.0,1871.0,1561.0,0.8597585194581956,0.5,validation,
435,3C7G8u6n,2025-09-18 18:16:46.337000+00:00,player_9d1a5aec58,player_04d2d9b40e,1.0,0.8042203131809115,0.8422586724704255,1776.0477716603875,1530.6048080738537,1798.0,1507.0,0.8512207976249028,0.5,validation,
436,5GRVmZxX,2025-09-18 18:16:46.337000+00:00,player_055993fe6c,player_bcb227333d,1.0,0.48561281583400134,0.48561281583400134,2050.0,2060.0,2050.0,2060.0,0.48561281583400134,0.5,validation,
437,75MAcdRo,2025-09-18 18:16:46.337000+00:00,player_3cb0788e1c,player_1da4740ebf,1.0,0.49424379158885506,0.49424379158885506,1504.0,1508.0,1504.0,1508.0,0.49424379158885506,0.5,validation,
438,8iobK0im,2025-09-18 18:16:46.337000+00:00,player_f28ca29037,player_c8dd4feac5,0.0,0.5535745985873004,0.5938553852361779,1708.6472057437436,1671.2763033443239,1762.0,1696.0,0.5993967967092568,0.5,validation,
439,9D4OtRoe,2025-09-18 18:16:46.337000+00:00,player_41e8b38d9d,player_0e778d3f65,1.0,0.42994717641601177,0.42994717641601177,1755.0,1804.0,1755.0,1804.0,0.42994717641601177,0.5,validation,
440,DW3NTtLB,2025-09-18 18:16:46.337000+00:00,player_37d63f048e,player_de4293d0bb,1.0,0.5896697572127152,0.5910755963149433,1741.2887502102922,1678.2986193244865,1714.0,1650.0,0.5910755963149433,0.5,validation,
441,TSsHR3Z0,2025-09-18 18:16:46.337000+00:00,player_dbc760c330,player_867628c4aa,0.0,0.17950916997094718,0.1655408182910169,1671.4438813613945,1935.4387185037376,1633.0,1914.0,0.16316903399710528,0.5,validation,
442,WlyGZLfC,2025-09-18 18:16:46.337000+00:00,player_85b73e0103,player_98849ddb45,1.0,0.7956357373860935,0.8001620559151359,2006.5139600626128,1770.3902282986555,1983.0,1742.0,0.8010809398289457,0.5,validation,
443,XwCO2V2C,2025-09-18 18:16:46.337000+00:00,player_38890ec10e,player_653c4283cb,1.0,0.914443380450597,0.9236177787081539,1821.5612814962624,1410.0,1843.0,1410.0,0.9256237164516561,0.5,validation,
444,Xzl7SVOg,2025-09-18 18:16:46.337000+00:00,player_d244016f29,player_3d74b58f44,0.0,0.018344240741380375,0.014411056564877497,849.917994209964,1541.301785266668,851.0,1585.0,0.012222474520934296,0.5,validation,
445,YOfSVjrQ,2025-09-18 18:16:46.337000+00:00,player_ceb09b75c0,player_f1367a63fa,1.0,0.9225619141923449,0.9114417700030158,2095.6539323717466,1665.237567289397,2094.0,1689.0,0.9086140467149137,0.5,validation,
446,dFMOoOh6,2025-09-18 18:16:46.337000+00:00,player_221fd4d07b,player_6a7243015c,0.0,0.1151216091628593,0.12885220159544447,1694.070008261771,2048.360703475938,1716.0,2048.0,0.13211765423936409,0.5,validation,
447,fo5FLm3c,2025-09-18 18:16:46.337000+00:00,player_39aa036cb7,player_c31df2082e,0.0,0.09547973900406481,0.07437628354834386,1149.0092793956503,1539.6121098734043,1134.0,1572.0,0.07050909562522961,0.5,validation,
448,gX0NsPhu,2025-09-18 18:16:46.337000+00:00,player_82c26c7ea9,player_adab826f08,1.0,0.43267813267835153,0.41171002813683716,1533.9191755862757,1580.9850063660806,1530.0,1592.0,0.4075337694156682,0.5,validation,
449,i65LvuVH,2025-09-18 18:16:46.337000+00:00,player_74daf94754,player_e6f9b441e6,1.0,0.5043172397550598,0.5043172397550598,1704.0,1701.0,1704.0,1701.0,0.5043172397550598,0.5,validation,
450,nCX34PPX,2025-09-18 18:16:46.337000+00:00,player_588c963d63,player_0dcdf8d9ae,0.5,0.24734986552288826,0.21111293178984536,2002.8801937228366,2196.1927797135386,1954.0,2183.0,0.22284689468527405,0.5,validation,
451,nrr0oDHX,2025-09-18 18:16:46.337000+00:00,player_e4f1951ed2,player_8f396e4253,0.0,0.033781960140660434,0.027258224711437025,1165.0,1747.5561186386055,1165.0,1786.0,0.026063377637923706,0.5,validation,
452,oCsh2f7J,2025-09-18 18:16:46.337000+00:00,player_527d903e02,player_41fb25d2fb,1.0,0.4357375230918773,0.48130022207044143,1357.3738191225275,1402.2763033443239,1415.0,1428.0,0.48992755307256153,0.5,validation,
453,qlR1vFQv,2025-09-18 18:16:46.337000+00:00,player_664279910c,player_d1a9c42e72,0.0,0.043866497120442036,0.03351171054837125,1487.815795227212,2023.170027279129,1462.0,2046.0,0.03169651360888685,0.5,validation,
454,rgofQNM4,2025-09-18 18:16:46.337000+00:00,player_49679ad487,player_5f816ee984,1.0,0.9849289152971082,0.9923848210569368,2328.777288392522,1602.673137645463,2376.0,1530.0,0.9935110756211816,0.5,validation,
455,uOaX5rm3,2025-09-18 18:16:46.337000+00:00,player_4d6de79939,player_ae5764b808,0.0,0.527315973006493,0.527315973006493,1898.0,1879.0,1898.0,1879.0,0.527315973006493,0.5,validation,
456,0EX0NxbJ,2025-09-18 18:17:24.148000+00:00,player_9a46ffbbd8,player_c2c41d6ebe,0.0,0.6478553679317083,0.6479830132503057,2067.763059993938,1961.8602644110742,2066.0,1960.0,0.6479830132503057,0.5,validation,
457,2Ig42lD4,2025-09-18 18:17:24.148000+00:00,player_1b8c48a601,player_ae6197b66f,1.0,0.48992755307256153,0.48992755307256153,1774.0,1781.0,1774.0,1781.0,0.48992755307256153,0.5,validation,
458,2OnF8i8v,2025-09-18 18:17:24.148000+00:00,player_13f2ca33cf,player_030fe27be7,0.0,0.2415062456475294,0.2509169371224644,1585.2263349764767,1784.0357919429202,1544.0,1734.0,0.24768500639431762,0.5,validation,
459,5BDezKpH,2025-09-18 18:17:24.148000+00:00,player_68a26254e6,player_6a3f628a42,0.0,0.04915244039632314,0.043952102099315264,1558.0,2072.6263243856756,1558.0,2093.0,0.04275841114653605,0.5,validation,
460,9LnXu6De,2025-09-18 18:17:24.148000+00:00,player_1a8443ce42,player_938e01c9b8,1.0,0.9377653566986891,0.935986774333214,2196.3736756143244,1725.1488835774119,2176.0,1710.0,0.9352934990460783,0.5,validation,
461,A2ilVnYW,2025-09-18 18:17:24.148000+00:00,player_28fc596757,player_01c2e33de1,1.0,0.8869303994182729,0.9244260414259254,2236.1685988125473,1878.35112580864,2240.0,1805.0,0.9313540665199443,0.5,validation,
462,BOomNqVp,2025-09-18 18:17:24.148000+00:00,player_928c2e13f3,player_f71b9e07bb,1.0,0.6045108401198072,0.6172250309049463,1766.848524832323,1693.1407213077885,1781.0,1698.0,0.6199413590445233,0.5,validation,
463,CPFPpVoc,2025-09-18 18:17:24.148000+00:00,player_5df3e8ad7e,player_dda91d800f,0.0,0.41589904118632204,0.41589904118632204,1712.0,1771.0,1712.0,1771.0,0.41589904118632204,0.5,validation,
464,GuX7Hkxm,2025-09-18 18:17:24.148000+00:00,player_4039bd1e01,player_37c709160f,0.0,0.7262750782538382,0.7392202541406678,1972.398109537825,1802.8833889183152,1982.0,1801.0,0.761842109917936,0.5,validation,
465,LbU51xDL,2025-09-18 18:17:24.148000+00:00,player_c343e7f336,player_96ccb1c79e,0.5,0.5403674708577686,0.5601501452319029,1742.015264261367,1713.903888110963,1701.0,1659.0,0.5629847281035958,0.5,validation,
466,PKmhokPc,2025-09-18 18:17:24.148000+00:00,player_4fb4dbb91a,player_93fc09dc1d,0.0,0.8397426816068803,0.8352528323139615,2026.060996942049,1738.3296544314605,2029.0,1747.0,0.8336624691834381,0.5,validation,
467,RTXGGJCM,2025-09-18 18:17:24.148000+00:00,player_0765a22938,player_8155f2258f,0.0,0.9079169147767676,0.9306143375182546,1783.619117159751,1386.0726189954285,1738.0,1287.0,0.934593240137214,0.5,validation,
468,XCho1Ai9,2025-09-18 18:17:24.148000+00:00,player_efb8e8d830,player_15e747c062,0.0,0.5861751909487389,0.5316182978281073,1826.3768794671048,1765.892515367347,1811.0,1789.0,0.5201367220358165,0.5,validation,
469,XyAh56D4,2025-09-18 18:17:24.148000+00:00,player_b6bbb972fd,player_d5c5815413,0.0,0.5079515563042912,0.558731369324761,1371.3534952579762,1365.8277221465266,1411.0,1370.0,0.5686413918836677,0.5,validation,
470,aUTzwW82,2025-09-18 18:17:24.148000+00:00,player_c24e843b48,player_f6c958b6d0,1.0,0.9616353353380575,0.9668591818340627,1891.6316026616867,1332.0,1918.0,1332.0,0.9679482219721289,0.5,validation,
471,bmmaWWpg,2025-09-18 18:17:24.148000+00:00,player_c82858060a,player_3627829253,1.0,0.4094616198343675,0.38277496909505365,1460.3737022162634,1523.9876735294172,1462.0,1545.0,0.37599824138233284,0.5,validation,
472,criC69I2,2025-09-18 18:17:24.148000+00:00,player_aa73cc72a6,player_f82ab97e20,0.0,0.3854986389914422,0.3854986389914422,1427.0,1508.0,1427.0,1508.0,0.3854986389914422,0.5,validation,
473,dfiL8Zgi,2025-09-18 18:17:24.148000+00:00,player_d39c4ff769,player_fe238bcb8d,1.0,0.38423738617157543,0.2859210974146497,1672.7314240199926,1754.6569031336346,1651.0,1810.0,0.3249597989597013,0.5,validation,
474,fjcvFOpt,2025-09-18 18:17:24.148000+00:00,player_40d7c3551f,player_51be842af9,0.5,0.4726840269935071,0.4726840269935071,1685.0,1704.0,1685.0,1704.0,0.4726840269935071,0.5,validation,
475,nTRhU7ZT,2025-09-18 18:17:24.148000+00:00,player_2a2129d64b,player_f3cfab2553,0.0,0.376765137009795,0.3652566649476832,1650.277288526454,1737.7097003592157,1663.0,1759.0,0.36259162325551547,0.5,validation,
476,zEAYEWXb,2025-09-18 18:17:24.148000+00:00,player_6889acb04b,player_89d6485cc7,1.0,0.287097842594546,0.287097842594546,2050.0,2208.0,2050.0,2208.0,0.287097842594546,0.5,validation,
477,1lwLpW3o,2025-09-18 18:18:04.130000+00:00,player_acf7f58e07,player_bf51230720,0.0,0.2943653773490114,0.2847472489508014,1753.5395147706208,1905.4167763244106,1737.0,1897.0,0.287097842594546,0.5,validation,
478,6ReW9kDS,2025-09-18 18:18:04.130000+00:00,player_95a4f7be7c,player_eed3ca22ce,1.0,0.666399636612198,0.6609990912463583,2041.2032946156105,1921.0,2037.0,1921.0,0.6597079941447481,0.5,validation,
479,Ado6ghhO,2025-09-18 18:18:04.130000+00:00,player_1e826fa561,player_ff0bf1f885,1.0,0.9864622716399012,0.9854245035095257,2330.8682357797566,1585.854362072867,2300.0,1568.0,0.9849200131707457,0.5,validation,
480,BP9mbdui,2025-09-18 18:18:04.130000+00:00,player_3184b6bd32,player_995b0e19b5,1.0,0.6735753562044038,0.7021826020905207,1686.5698914311486,1560.728591200179,1694.0,1545.0,0.7069752948085409,0.5,validation,
481,BqzVSNh9,2025-09-18 18:18:04.130000+00:00,player_98459f9e7a,player_0df1235cb9,0.0,0.28983407756284385,0.2789217568024399,1472.7112497897078,1628.3954025493508,1447.0,1612.0,0.2777654663508294,0.5,validation,
482,GHU6PrsL,2025-09-18 18:18:04.130000+00:00,player_3da24b5264,player_4827c329e7,0.0,0.3161569247377688,0.30144137358197703,1137.462327434633,1271.4838294277943,1156.0,1302.0,0.29781739790947936,0.5,validation,
483,HFBMeVcC,2025-09-18 18:18:04.130000+00:00,player_3b87eb035d,player_a78c9b1940,1.0,0.4752197276478102,0.4626526828335072,1576.28074316434,1593.5139589678704,1511.0,1537.0,0.45979177167625435,0.5,validation,
484,Lv3l1u9l,2025-09-18 18:18:04.130000+00:00,player_d44538ba1e,player_4b16968a9e,0.5,0.6440338538222926,0.6440338538222926,1505.0,1402.0,1505.0,1402.0,0.6440338538222926,0.5,validation,
485,NZfOqlZf,2025-09-18 18:18:04.130000+00:00,player_2f2a0a61ac,player_c0c8a08a0d,1.0,0.4273942355224427,0.4145013213281905,1692.4524807744046,1743.2633029620613,1710.0,1770.0,0.4145013213281905,0.5,validation,
486,RFXh6LD3,2025-09-18 18:18:04.130000+00:00,player_5e4e64d0cd,player_0d374b7141,1.0,0.889823489273841,0.8991173716432768,1923.0048122977732,1560.1188716112677,1923.0,1543.0,0.9047175302821824,0.5,validation,
487,Ru0Kvd1A,2025-09-18 18:18:04.130000+00:00,player_5d2ad3a4ce,player_80e7015e8d,1.0,0.2947949422882696,0.27316992772326887,1561.9007336106752,1713.4188896910532,1620.0,1790.0,0.2674927102443324,0.5,validation,
488,aAYUZBRr,2025-09-18 18:18:04.130000+00:00,player_1fadf8584b,player_b05e8aa358,1.0,0.6422911030334558,0.730245413297424,1564.2666352537117,1462.5857695940467,1586.0,1413.0,0.7479995411960544,0.5,validation,
489,cwIXpJJG,2025-09-18 18:18:04.130000+00:00,player_8824ea67c7,player_e988ab1ed0,0.0,0.6253513933075368,0.6253513933075368,1710.0,1621.0,1710.0,1621.0,0.6253513933075368,0.5,validation,
490,mjrqzfsu,2025-09-18 18:18:04.130000+00:00,player_4c9173cbff,player_d62b36fee2,0.0,0.20107995990661487,0.20825116249181558,1376.747543126175,1616.4013531929254,1348.0,1580.0,0.21111293178984536,0.5,validation,
491,qJpo4Wph,2025-09-18 18:18:04.130000+00:00,player_b846d40c1d,player_8150304f9f,1.0,0.9814618807405662,0.981822548199575,2047.6316026616867,1358.1084967219028,2022.0,1329.0,0.9842205297229911,0.5,validation,
492,rcxAXc6h,2025-09-18 18:18:04.130000+00:00,player_09fe126b7a,player_5d7a102645,1.0,0.5853761226290967,0.6117705007810643,1631.4109000615522,1571.4986220468334,1653.0,1574.0,0.615864104253756,0.5,validation,
493,rm2Vt7Es,2025-09-18 18:18:04.130000+00:00,player_8a7f244524,player_ffe0c7b6fc,1.0,0.37030263220134985,0.3868631798468569,1938.4771596463754,2030.707191157469,1899.0,1979.0,0.39096739659576046,0.5,validation,
494,ttvKyg4s,2025-09-18 18:18:04.130000+00:00,player_4d272b524e,player_e03ed01123,1.0,0.42880846236888226,0.4569335079777882,1930.5610304527183,1980.3683973383133,1976.0,2006.0,0.4626526828335072,0.5,validation,
495,uHCzYIYL,2025-09-18 18:18:04.130000+00:00,player_2ecd10721c,player_4b2f4de120,0.0,0.05534486652052578,0.04024041563137576,1161.796072400965,1654.67445024504,1165.0,1716.0,0.03765567938957777,0.5,validation,
496,xmsJcsM6,2025-09-18 18:18:04.130000+00:00,player_8ffd49fad2,player_918f0c414b,0.0,0.4999693286135025,0.49568276024494023,1685.4604852293792,1685.481797891659,1707.0,1710.0,0.502878199574811,0.5,validation,
497,0NVVW3Zz,2025-09-18 18:18:43.892000+00:00,player_1dad1ad546,player_5a637797d0,0.0,0.3519890681457526,0.34548000561753406,1725.9331605847801,1831.9544232952258,1675.0,1786.0,0.35860988804438204,0.5,validation,
498,39ithmHz,2025-09-18 18:18:43.892000+00:00,player_396dc9ad1d,player_3430d7eb2d,1.0,0.2601594282263895,0.2035453002882742,1471.5276614442298,1653.0870911543414,1421.0,1658.0,0.19079200251416192,0.5,validation,
499,5636i9JU,2025-09-18 18:18:43.892000+00:00,player_649e6e0396,player_6996a7825e,1.0,0.577092475825329,0.577092475825329,1701.0,1647.0,1701.0,1647.0,0.577092475825329,0.5,validation,
500,7hnaA0Tn,2025-09-18 18:18:43.892000+00:00,player_ac3dd9df8d,player_e339709a32,1.0,0.8604105940415985,0.8691968654550538,2132.9413160241625,1817.0,2146.0,1817.0,0.8711477984045555,0.5,validation,
501,9qEYqyoJ,2025-09-18 18:18:43.892000+00:00,player_ba9f7eaa62,player_4c945685aa,0.0,0.4492033782406697,0.4075337694156682,1712.1384139816025,1747.5577156550312,1753.0,1818.0,0.399221754109989,0.5,validation,
502,AtfHgwAu,2025-09-18 18:18:43.892000+00:00,player_c3be86f485,player_4a673ee2af,0.0,0.31549932853433993,0.3174296145252281,1424.3727087523773,1558.9228844348909,1412.0,1545.0,0.3161836858063414,0.5,validation,
503,HWuIzn1N,2025-09-18 18:18:43.892000+00:00,player_5c408366ce,player_26382a564b,0.0,0.4884891087822083,0.4884891087822083,1540.0,1548.0,1540.0,1548.0,0.4884891087822083,0.5,validation,
504,HatmS5Um,2025-09-18 18:18:43.892000+00:00,player_d2d707e4fa,player_a3cb35c7d1,0.0,0.5515137430042728,0.5215733330511455,1796.6900531470742,1760.7671733453064,1798.0,1783.0,0.5143871841659987,0.5,validation,
505,KlYjS5ar,2025-09-18 18:18:43.892000+00:00,player_5a96470b35,player_d9a91f076b,1.0,0.5362509347719417,0.5882899718631628,1882.601208584478,1857.3672025782266,1865.0,1803.0,0.5993967967092568,0.5,validation,
506,MIhwpTa1,2025-09-18 18:18:43.892000+00:00,player_da4b376af4,player_72de9d8c65,0.0,0.19568036764309274,0.1736464460559682,1350.0,1595.5525654925493,1350.0,1621.0,0.16874608434795343,0.5,validation,
507,U3kDVZmS,2025-09-18 18:18:43.892000+00:00,player_7c853e9a81,player_b99e1146b7,0.0,0.3833219579710017,0.3692697113837977,1833.5475192255954,1916.1454340342523,1814.0,1907.0,0.3679299878999264,0.5,validation,
508,UmX5W9Gs,2025-09-18 18:18:43.892000+00:00,player_b078c0ad01,player_e588ce01f0,0.0,0.7375452221844105,0.7761545753418307,1899.1456380149282,1719.6519697041858,1894.0,1678.0,0.785026736998172,0.5,validation,
509,Wcy10lue,2025-09-18 18:18:43.892000+00:00,player_52c902f4c2,player_a9b8e0441a,0.0,0.8425585974754659,0.8467934030726807,1445.4498077369608,1154.0573418974693,1467.0,1170.0,0.840723042661615,0.5,validation,
510,Yfnhm5pM,2025-09-18 18:18:43.892000+00:00,player_df66ee2aa5,player_bb0b4d71cc,1.0,0.22152299349831975,0.20168525584502242,1514.0,1732.3307912141474,1514.0,1753.0,0.17697537107826786,0.5,validation,
511,Yhaagk1z,2025-09-18 18:18:43.892000+00:00,player_fe15c1f5ed,player_e6b3c7746a,0.0,0.5344839447268315,0.5344839447268315,1808.0,1784.0,1808.0,1784.0,0.5344839447268315,0.5,validation,
512,ZnoOrzR4,2025-09-18 18:18:43.892000+00:00,player_8149d3c56c,player_1e5a755272,1.0,0.7936407431881689,0.7936407431881689,2167.0,1933.0,2167.0,1933.0,0.7936407431881689,0.5,validation,
513,adypf5TC,2025-09-18 18:18:43.892000+00:00,player_c13dd34172,player_ec0d3464f8,1.0,0.5918832691187512,0.5172625244323762,2078.3671194330705,2013.7864535641152,2011.0,1999.0,0.5,0.5,validation,
514,azyUKWmd,2025-09-18 18:18:43.892000+00:00,player_f90389e219,player_aa9d4464a3,1.0,0.09065590992690806,0.11529218350883584,1521.031354023445,1921.5642049347668,1525.0,1879.0,0.12129504878814854,0.5,validation,
515,iQIamx0R,2025-09-18 18:18:43.892000+00:00,player_4a983ef4e0,player_44e465dc84,1.0,0.5651620388128092,0.581301478368915,1801.293432654234,1755.7552197106859,1775.0,1718.0,0.584100958813678,0.5,validation,
516,nzRVOSq7,2025-09-18 18:18:43.892000+00:00,player_c452fd0eed,player_0a538e479d,0.0,0.4675119448252489,0.5330513938844411,1811.0124432423188,1833.6193066847268,1832.0,1809.0,0.5516235473109605,0.5,validation,
517,tG8w6Ab4,2025-09-18 18:18:43.892000+00:00,player_eb7a60a326,player_7e1d5365e3,1.0,0.9235754227109277,0.9380252840746419,2062.991283374846,1630.0955545377005,2070.0,1598.0,0.9403268663710864,0.5,validation,
518,wnMiyTW9,2025-09-18 18:18:43.892000+00:00,player_3b66b065e1,player_0520ceb2e6,1.0,0.5517615072819969,0.581301478368915,1364.0018122651154,1327.9049121438507,1389.0,1332.0,0.5868950233791,0.5,validation,
519,xT4T091V,2025-09-18 18:18:43.892000+00:00,player_dcd177f64f,player_fbc6c3aa67,0.0,0.40599761184459204,0.399221754109989,1656.9316129669587,1723.0374977914187,1651.0,1722.0,0.39784190682528303,0.5,validation,
520,1t8sxuiL,2025-09-18 18:19:23.884000+00:00,player_66f4030e5c,player_255d4752b7,0.0,0.16708399506817814,0.14445792510730254,1776.304761981826,2055.371304556487,1717.0,2026.0,0.13954883824228792,0.5,validation,
521,4EJBx3Bu,2025-09-18 18:19:23.884000+00:00,player_b2806ec8b0,player_2b7bd85604,0.0,0.625039261720154,0.6571186864870786,1635.1404747867823,1546.3718737041793,1623.0,1510.0,0.6648579785547648,0.5,validation,
522,4HViEkkN,2025-09-18 18:19:23.884000+00:00,player_b05e8aa358,player_de9a5b9e52,0.0,0.24466942420617094,0.238157890082064,1439.692400188188,1635.5153463375889,1410.0,1612.0,0.2340053292335112,0.5,validation,
523,6ppgNSIt,2025-09-18 18:19:23.884000+00:00,player_5ae91b6d4e,player_a167000c49,1.0,0.944675033571553,0.9481920611104497,1854.6648129737448,1361.7203015134398,1826.0,1321.0,0.9520109719849302,0.5,validation,
524,9rUFjeT7,2025-09-18 18:19:23.884000+00:00,player_2b10095fc7,player_87657c2458,0.0,0.08182223400410975,0.07013276255157504,1342.1905829953207,1762.2127586082263,1298.0,1747.0,0.07358755611757352,0.5,validation,
525,A7PiFMM1,2025-09-18 18:19:23.884000+00:00,player_823eb81e69,player_22be57c992,0.0,0.8349514586030159,0.8445395282300351,2037.3641457576307,1755.7443309218334,2046.0,1752.0,0.8467934030726807,0.5,validation,
526,ASwqAQrs,2025-09-18 18:19:23.884000+00:00,player_a34bfe0ed8,player_49bd7dc7cf,1.0,0.937847444147073,0.9540716351028596,1923.9895291724665,1452.5202464983786,1955.0,1428.0,0.957241588853464,0.5,validation,
527,AWLBmxUj,2025-09-18 18:19:23.884000+00:00,player_09a274f296,player_2565819ed5,0.0,0.5148206449575544,0.515824985264735,1858.3249298040794,1848.0234732054994,1809.0,1798.0,0.5230095872975623,0.5,validation,
528,CXjgWJk0,2025-09-18 18:19:23.884000+00:00,player_94b19b6f4b,player_0e74bde4ce,0.0,0.5644004902404213,0.5644004902404213,1511.0,1466.0,1511.0,1466.0,0.5644004902404213,0.5,validation,
529,Gy8d3Uvw,2025-09-18 18:19:23.884000+00:00,player_5459970f73,player_ee333a3fc8,0.0,0.32574918990753143,0.30265492141014677,1620.9044454622995,1747.2796984865602,1652.0,1797.0,0.29781739790947936,0.5,validation,
530,KImh7kXm,2025-09-18 18:19:23.884000+00:00,player_d244016f29,player_11f890c0d7,0.0,0.017291914539395305,0.011351206921614704,848.7439628025157,1550.5765423393518,851.0,1627.0,0.010362773916459773,0.5,validation,
531,KrQZeXNj,2025-09-18 18:19:23.884000+00:00,player_14b8ac2008,player_0a44bdb54a,0.0,0.37289190232190034,0.35860988804438204,1745.0,1835.303782546058,1745.0,1846.0,0.3546475495606176,0.5,validation,
532,PIYg7S1h,2025-09-18 18:19:23.884000+00:00,player_820a07946b,player_1fadf8584b,1.0,0.9860959380525997,0.9858321812888555,2327.470994983171,1587.1600046595704,2326.0,1589.0,0.9857515549835216,0.5,validation,
533,PYzoXy3S,2025-09-18 18:19:23.884000+00:00,player_cbd7d65897,player_e0cd2caec3,1.0,0.7488023674488838,0.8109791581199478,1992.588732828795,1802.848066106534,2016.0,1763.0,0.8246953134461684,0.5,validation,
534,RDyKFRuS,2025-09-18 18:19:23.884000+00:00,player_b38400b42f,player_1841a7900d,0.0,0.39646368147382194,0.39646368147382194,1802.0,1875.0,1802.0,1875.0,0.39646368147382194,0.5,validation,
535,biTMBmBE,2025-09-18 18:19:23.884000+00:00,player_96657aa80e,player_6f5404f61f,0.0,0.543914076395086,0.5244454611206615,1757.3806933152732,1726.7872413917737,1773.0,1756.0,0.5373473171664928,0.5,validation,
536,dh3NnSiH,2025-09-18 18:19:23.884000+00:00,player_9d8044bdb0,player_278e5a49c4,0.0,0.05360425168033995,0.04347085741139391,1589.9468002728424,2088.6962174539417,1541.0,2078.0,0.04159572903210256,0.5,validation,
537,eGzsA7Hd,2025-09-18 18:19:23.884000+00:00,player_c88594a5c4,player_ec130307e8,0.0,0.09819137738361595,0.08357862293048655,1743.832779080736,2129.0491916127216,1710.0,2126.0,0.08054361757308826,0.5,validation,
538,mpqlJoFo,2025-09-18 18:19:23.884000+00:00,player_f7fd229828,player_ad0e8c47f8,1.0,0.7263060278617179,0.7436345220073278,1555.0030837017243,1385.4613173171226,1568.0,1383.0,0.7469129214289432,0.5,validation,
539,n3LeEcgW,2025-09-18 18:19:23.884000+00:00,player_025ca2fadc,player_a3103c6ebe,0.0,0.106706952134766,0.10459685263267142,1665.7800559790471,2034.9005514646549,1608.0,1981.0,0.10299047362272698,0.5,validation,
540,o6n9pVHe,2025-09-18 18:19:23.884000+00:00,player_0254677644,player_84f7ebde81,0.0,0.9200149785740199,0.8847078164911643,2000.715257451485,1576.400764417966,1940.0,1586.0,0.8756036686409934,0.5,validation,
541,orsgCGD4,2025-09-18 18:19:23.884000+00:00,player_3d74b58f44,player_502262005a,0.0,0.007294740790644869,0.00929913477864222,1542.4758166741165,2396.0,1585.0,2396.0,0.011032703088351466,0.5,validation,
542,p9Jpfh8X,2025-09-18 18:19:23.884000+00:00,player_a4af4da67c,player_8f708d27ce,0.0,0.34970464163732007,0.3507050528890364,1645.9678769606724,1753.731579917274,1650.0,1757.0,0.3507050528890364,0.5,validation,
543,qYXcMyUZ,2025-09-18 18:19:23.884000+00:00,player_30f0782407,player_497848644b,0.0,0.515608828377221,0.5186997779295586,1861.206486723192,1850.356836473378,1884.0,1871.0,0.5201367220358165,0.5,validation,
544,sCzuvPe2,2025-09-18 18:19:23.884000+00:00,player_4d0a03a3f3,player_13482fff35,1.0,0.9297622240746433,0.9168612275957299,2003.8024269714524,1555.0819686681398,1964.0,1547.0,0.9141902593095826,0.5,validation,
545,wQJYNSwe,2025-09-18 18:19:23.884000+00:00,player_6fffeaa105,player_e1ccd38199,0.0,0.34029200585525193,0.34029200585525193,1893.0,2008.0,1893.0,2008.0,0.34029200585525193,0.5,validation,
546,xhQhWBrq,2025-09-18 18:19:23.884000+00:00,player_ac929d51ac,player_f342eba3d4,1.0,0.843041049627336,0.8590630023766738,1814.3351870262552,1522.3101325674327,1843.0,1529.0,0.8618278475799177,0.5,validation,
547,yM22iybC,2025-09-18 18:19:23.884000+00:00,player_8c7d35b978,player_179d43c942,1.0,0.15391150682842092,0.15546047176996494,1800.1396935758892,2096.1975730285476,1841.0,2135.0,0.15546047176996494,0.5,validation,
548,z0qan3T3,2025-09-18 18:19:23.884000+00:00,player_702cea49a9,player_754de071a3,1.0,0.6867177672862745,0.7093546305987634,1374.8169164095339,1238.4799089476749,1388.0,1233.0,0.7233878694391705,0.5,validation,
549,4YXlSm0E,2025-09-18 18:20:03.775000+00:00,player_668863653e,player_95b5fb3246,1.0,0.5502767462987018,0.46838170217189273,1885.933918452821,1850.8795918050128,1856.0,1878.0,0.449800646746463,0.5,validation,
550,539wOJVO,2025-09-18 18:20:03.775000+00:00,player_2c115abdde,player_49679ad487,1.0,0.46401792782720835,0.41171002813683716,2304.6956365725105,2329.741837813507,2314.0,2376.0,0.4019862342306564,0.5,validation,
551,6FruDebv,2025-09-18 18:20:03.775000+00:00,player_7683dd81fb,player_b3fc6d8386,1.0,0.9497456989938563,0.9550701200574039,1530.5736395141364,1020.0,1551.0,1020.0,0.9567678748368029,0.5,validation,
552,CMoxKknu,2025-09-18 18:20:03.775000+00:00,player_10365fd30d,player_11bf4ccb6b,1.0,0.8730738822502696,0.8730738822502696,2042.0,1707.0,2042.0,1707.0,0.8730738822502696,0.5,validation,
553,ItxegIPX,2025-09-18 18:20:03.775000+00:00,player_f227e4b9e0,player_3c5af6fc71,0.0,0.2908337331798769,0.2894599876301622,1326.9082351985562,1481.749551669739,1329.0,1485.0,0.2894599876301622,0.5,validation,
554,JFDUdWti,2025-09-18 18:20:03.775000+00:00,player_1c4b081d9a,player_3cb0788e1c,1.0,0.9151079017291543,0.9352934990460783,1949.4104122411557,1536.3683973383133,1974.0,1510.0,0.9390216583420443,0.5,validation,
555,KoeEwdmP,2025-09-18 18:20:03.775000+00:00,player_de9a5b9e52,player_5f816ee984,0.0,0.570709601066672,0.6199413590445233,1651.174189486784,1601.7085882244778,1615.0,1530.0,0.6320700121000735,0.5,validation,
556,SHgqsenw,2025-09-18 18:20:03.775000+00:00,player_a7ac2ec840,player_1d4ce1a55b,0.0,0.2353065612220688,0.2630052394593107,1778.8046436980014,1983.5459744106045,1815.0,1994.0,0.2686221421606117,0.5,validation,
557,UZhDZavy,2025-09-18 18:20:03.775000+00:00,player_e6cee664e5,player_ea0bb659d0,0.0,0.041365888247615015,0.032051778027871104,1121.0106789247125,1667.0148886807654,1123.0,1715.0,0.030653430031715508,0.5,validation,
558,W5QR2fLk,2025-09-18 18:20:03.775000+00:00,player_0b5ecff75a,player_b05e8aa358,1.0,0.8738463818513451,0.8590630023766738,1760.2477096671685,1424.033557038993,1721.0,1407.0,0.8569591392644484,0.5,validation,
559,ZT4AEtlM,2025-09-18 18:20:03.775000+00:00,player_643d5f83e4,player_1f1812e275,1.0,0.5334255439913806,0.5172625244323762,1874.212172996431,1850.9510328348404,1844.0,1832.0,0.5143871841659987,0.5,validation,
560,ZTrR4TSA,2025-09-18 18:20:03.775000+00:00,player_03e45ffb64,player_72c154aa6c,0.0,0.28238831212399795,0.269754586702576,1704.0489671651596,1866.066081547179,1723.0,1896.0,0.2663662975861926,0.5,validation,
561,ZjQd7sJj,2025-09-18 18:20:03.775000+00:00,player_2ece99a10a,player_e317a6ae7e,0.5,0.05145210825268604,0.0370348483712476,1379.7339062959184,1885.996341658387,1392.0,1958.0,0.034456552372939604,0.5,validation,
562,dDqeDRok,2025-09-18 18:20:03.775000+00:00,player_b68be402f1,player_05bddac032,0.0,0.008106270405729655,0.007971210463527334,1308.9423767427063,2144.0,1306.0,2144.0,0.007925818944138005,0.5,validation,
563,oMliOGqY,2025-09-18 18:20:03.775000+00:00,player_2164716222,player_dcbf56325c,0.0,0.29108742493651796,0.29781739790947936,1942.791839183574,2097.419533571921,1951.0,2100.0,0.3002305967379419,0.5,validation,
564,oR7LnvP0,2025-09-18 18:20:03.775000+00:00,player_fe07396c8e,player_9fe45c9cfd,1.0,0.7297468105374499,0.6838163141936586,1855.4411503662175,1682.8805993964004,1807.0,1673.0,0.672509643334985,0.5,validation,
565,sS2NZu6R,2025-09-18 18:20:03.775000+00:00,player_c115812a60,player_b7120baa1d,1.0,0.48992755307256153,0.48992755307256153,1354.0,1361.0,1354.0,1361.0,0.48992755307256153,0.5,validation,
566,sqhH9Goy,2025-09-18 18:20:03.775000+00:00,player_b795608238,player_1f4011309e,0.0,0.45836229728523653,0.45836229728523653,1497.0,1526.0,1497.0,1526.0,0.45836229728523653,0.5,validation,
567,vrpzclIe,2025-09-18 18:20:03.775000+00:00,player_48cb0fba4c,player_c500c8643c,0.0,0.4047569603484281,0.4047569603484281,1551.0,1618.0,1551.0,1618.0,0.4047569603484281,0.5,validation,
568,2NNiwlof,2025-09-18 18:20:43.827000+00:00,player_82926c7aed,player_cca7cea916,0.0,0.3763906099754742,0.3063120835780346,1804.7147789998862,1892.4243252668662,1770.0,1912.0,0.29064536940123664,0.5,validation,
569,4tR7MClf,2025-09-18 18:20:43.827000+00:00,player_80698e1804,player_9f1e963216,0.0,0.6500781923023158,0.6479830132503057,1848.4266733872803,1740.8288381641564,1868.0,1762.0,0.6609990912463583,0.5,validation,
570,8gngkTC3,2025-09-18 18:20:43.827000+00:00,player_d08187f31f,player_f1b643f60c,0.0,0.9144619678035645,0.9342404734144619,1536.6025571706336,1125.0,1586.0,1125.0,0.937689793726165,0.5,validation,
571,C2kGxTRn,2025-09-18 18:20:43.827000+00:00,player_e0845dc792,player_4b42985db1,1.0,0.33258157812677697,0.33258157812677697,1799.0,1920.0,1799.0,1920.0,0.33258157812677697,0.5,validation,
572,CvCX0iJH,2025-09-18 18:20:43.827000+00:00,player_d62b36fee2,player_8eb5eab493,0.0,0.5421369007726544,0.43418479693076684,1629.2704706269487,1599.9211405955373,1582.0,1628.0,0.42150324765525726,0.5,validation,
573,Jnjy6BxJ,2025-09-18 18:20:43.827000+00:00,player_902095847e,player_1717e4f9fd,0.0,0.03659535331591144,0.029314241270450396,1461.0886990290724,2029.2418159034225,1392.0,2000.0,0.027875451490968494,0.5,validation,
574,VY0fdJHj,2025-09-18 18:20:43.827000+00:00,player_55c67ec4b3,player_d4ae9b7f49,1.0,0.4218290038353679,0.4285368825916186,1479.2320543101687,1534.0,1484.0,1534.0,0.42994717641601177,0.5,validation,
575,bDuqCAvV,2025-09-18 18:20:43.827000+00:00,player_d25057ff63,player_4c9173cbff,1.0,0.5651643783093544,0.6199413590445233,1409.418292373092,1363.8784256921517,1431.0,1346.0,0.6400649998028851,0.5,validation,
576,czmrmUYe,2025-09-18 18:20:43.827000+00:00,player_24c88d3b7f,player_d3ab849fc2,1.0,0.917628120031847,0.9291127058412668,1756.3237530211504,1337.56865871843,1789.0,1342.0,0.9317211857068733,0.5,validation,
577,hlE2OEPa,2025-09-18 18:20:43.827000+00:00,player_e3e04b27d1,player_4c9e8f1a44,0.0,0.008054789842567757,0.006023875021488438,961.6510019859951,1797.8243903621246,930.0,1817.0,0.004986878736687972,0.5,validation,
578,i9K9IUVg,2025-09-18 18:20:43.827000+00:00,player_df147156b7,player_1eea41f6aa,1.0,0.44367255242219134,0.5230095872975623,1928.8894859535137,1968.1966560160522,1908.0,1892.0,0.5402082283237456,0.5,validation,
579,k94PvMLI,2025-09-18 18:20:43.827000+00:00,player_f81f01fa8c,player_d6f3dd21c4,0.0,0.5086338358210827,0.5086338358210827,1948.0,1942.0,1948.0,1942.0,0.5086338358210827,0.5,validation,
580,o3FqOJ5N,2025-09-18 18:20:43.827000+00:00,player_f82ab97e20,player_d8064a3fec,0.0,0.09242641182424467,0.08226538120060121,1532.6719128954524,1929.50621511423,1514.0,1933.0,0.07969511932764055,0.5,validation,
581,rI7Qj9ds,2025-09-18 18:20:43.827000+00:00,player_486e8abbbb,player_93fabe0f6f,0.0,0.5402082283237456,0.5402082283237456,1569.0,1541.0,1569.0,1541.0,0.5402082283237456,0.5,validation,
582,tRkhNhR7,2025-09-18 18:20:43.827000+00:00,player_7d30d24744,player_df3f04be61,0.0,0.4394394681231263,0.38277496909505365,1800.0731696285525,1842.3625521059625,1748.0,1831.0,0.3692697113837977,0.5,validation,
583,wV9vlVjE,2025-09-18 18:20:43.827000+00:00,player_c61c9985a6,player_07a7cd4f02,0.5,0.7371258572724172,0.6850596089933503,1857.1711618358436,1678.0536512473818,1836.0,1701.0,0.672509643334985,0.5,validation,
584,zVTPco5N,2025-09-18 18:20:43.827000+00:00,player_21f2010af5,player_adcfd517c2,0.0,0.8812800801516875,0.8991173716432768,1983.6625040902006,1635.4263604858636,1993.0,1613.0,0.9027140342685218,0.5,validation,
585,5zoR9bgB,2025-09-18 18:21:24.842000+00:00,player_f3cfab2553,player_1f9c22288d,0.0,0.2655358439003141,0.24341940570494724,1761.8226691278426,1938.5616500699139,1764.0,1961.0,0.238157890082064,0.5,validation,
586,8G6SD5p7,2025-09-18 18:21:24.842000+00:00,player_085c0b189a,player_2ff421b778,0.0,0.5182291069462002,0.5530468951694625,2010.3715011073905,1997.6990034579767,1986.0,1949.0,0.5686413918836677,0.5,validation,
587,9zoorpDo,2025-09-18 18:21:24.842000+00:00,player_7a3692bf8e,player_1275bc05b6,0.0,0.4327619687317206,0.3520169867496943,1896.1358037171187,1943.1423049985638,1846.0,1952.0,0.33642590195870453,0.5,validation,
588,CWK5ICMa,2025-09-18 18:21:24.842000+00:00,player_c7c60e733a,player_ce2d241372,1.0,0.5746167859407717,0.5784967523447427,1609.1599639108947,1556.9207797866238,1585.0,1530.0,0.5784967523447427,0.5,validation,
589,FoOhEDod,2025-09-18 18:21:24.842000+00:00,player_7ac78dcfca,player_7f5ab1205b,1.0,0.5205516590888811,0.5316182978281073,1950.5148269408335,1936.2260209971248,1958.0,1936.0,0.5344839447268315,0.5,validation,
590,X6uzIamT,2025-09-18 18:21:24.842000+00:00,player_1021938902,player_d966362425,1.0,0.6453524504393825,0.6453524504393825,1690.0,1586.0,1690.0,1586.0,0.6453524504393825,0.5,validation,
591,ZlAGlvae,2025-09-18 18:21:24.842000+00:00,player_cf7b3f1b96,player_333b727a80,1.0,0.4626526828335072,0.4626526828335072,1704.0,1730.0,1704.0,1730.0,0.4626526828335072,0.5,validation,
592,ZoeeCxyQ,2025-09-18 18:21:24.842000+00:00,player_d244185209,player_127991b2a7,1.0,0.9039016301411501,0.9260190472872637,1860.3620595755963,1471.0,1910.0,1471.0,0.9302417126410938,0.5,validation,
593,gGbm29IC,2025-09-18 18:21:24.842000+00:00,player_e03ed01123,player_ffec7320b5,1.0,0.8963761026255389,0.9228015935156195,1943.8121389299217,1569.0,2000.0,1569.0,0.92758110507346,0.5,validation,
594,jDRKXLVW,2025-09-18 18:21:24.842000+00:00,player_4d272b524e,player_7b8d0ade12,1.0,0.7878772837456953,0.8001620559151359,1967.11728886111,1739.1687291354647,1983.0,1742.0,0.8029091701538159,0.5,validation,
595,n849Rha4,2025-09-18 18:21:24.842000+00:00,player_1d84a9997a,player_38890ec10e,1.0,0.724495840877429,0.704584592662721,1995.0,1827.0369051474242,1995.0,1844.0,0.6997694032620582,0.5,validation,
596,vvNLfqZc,2025-09-18 18:21:24.842000+00:00,player_95b5fb3246,player_8f396e4253,1.0,0.6026808247950755,0.6212967231224545,1822.0973035681297,1749.7181640876079,1872.0,1786.0,0.626699081666732,0.5,validation,
597,xw9ZTlWO,2025-09-18 18:21:24.842000+00:00,player_7c89a68c2a,player_bb620ede68,0.0,0.0660859103617769,0.057140865332443294,1041.0,1501.0792202133762,1041.0,1528.0,0.05530827471561296,0.5,validation,
598,zrtJSE05,2025-09-18 18:21:24.842000+00:00,player_d1201a2601,player_21485bca27,1.0,0.5854986786718095,0.5854986786718095,1807.0,1747.0,1807.0,1747.0,0.5854986786718095,0.5,validation,
599,4JzZ6sTW,2025-09-18 18:22:02.861000+00:00,player_e35d9030af,player_1931b19050,1.0,0.9732742238368437,0.9753586587164795,2316.343620422965,1691.8216624416095,2292.0,1653.0,0.9757703240518194,0.5,validation,
600,AINFSbBZ,2025-09-18 18:22:02.861000+00:00,player_a3dd9c3447,player_668863653e,0.0,0.5396518097509961,0.5756869523764296,1942.3270857556154,1914.716206689704,1915.0,1862.0,0.5827018849642301,0.5,validation,
601,BBBiTbTl,2025-09-18 18:22:02.861000+00:00,player_4bcd45f7e6,player_f14a11f9f0,1.0,0.6206650923008711,0.615864104253756,2204.6988492319383,2119.1650450337133,2181.0,2099.0,0.6131368201531431,0.5,validation,
602,RirQ8237,2025-09-18 18:22:02.861000+00:00,player_7daf8cb2ff,player_59b7c1a73d,1.0,0.81467691853119,0.8187932901343153,1939.0904840725427,1681.8681243978538,1892.0,1630.0,0.820495207286423,0.5,validation,
603,dPN7R7FR,2025-09-18 18:22:02.861000+00:00,player_abefce10be,player_005a944af2,0.0,0.6768012350649245,0.700977398610108,1834.2750225268535,1705.8784425049764,1830.0,1682.0,0.7069752948085409,0.5,validation,
604,n5Gbc8VE,2025-09-18 18:22:02.861000+00:00,player_6128bf3766,player_c31df2082e,1.0,0.8139843306602146,0.784053683887815,1802.1494193486387,1545.7228131696645,1796.0,1572.0,0.777153105314726,0.5,validation,
605,nW3VSiId,2025-09-18 18:22:02.861000+00:00,player_6c4dd897f2,player_82c26c7ea9,0.0,0.8765550884232782,0.8638714763418578,1910.75018399237,1570.2277750948613,1858.0,1537.0,0.8618278475799177,0.5,validation,
606,xLisIQ3d,2025-09-18 18:22:02.861000+00:00,player_ca06dcd8b5,player_e049234ece,0.0,0.5439412475727038,0.5473485180458647,1731.2763033443239,1700.6638240892482,1705.0,1672.0,0.550199353253537,0.5,validation,
607,0Gp9KgU0,2025-09-18 18:22:02.862000+00:00,player_7a3d6402f0,player_0db6ac79f0,1.0,0.05199597672586765,0.047206187614406585,1174.0,1678.3361759107518,1174.0,1696.0,0.04252341755604889,0.5,validation,
608,G39iC6Wo,2025-09-18 18:22:02.862000+00:00,player_0c1124af83,player_7694302c58,0.0,0.20520204024843713,0.1736464460559682,1614.1215574950236,1849.351585140041,1637.0,1908.0,0.16874608434795343,0.5,validation,
609,WvEZSSdI,2025-09-18 18:22:02.862000+00:00,player_2df9839c89,player_48356c6253,0.0,0.5402082283237456,0.5402082283237456,1464.0,1436.0,1464.0,1436.0,0.5402082283237456,0.5,validation,
610,ZCPzv2Rs,2025-09-18 18:22:02.862000+00:00,player_505ad86eff,player_62b9ce5dd0,1.0,0.6661394245831221,0.6661394245831221,2002.0,1882.0,2002.0,1882.0,0.6661394245831221,0.5,validation,
611,ZVo0d1mg,2025-09-18 18:22:02.862000+00:00,player_26bb87c8a9,player_d5f04bdeec,0.0,0.6060873733664613,0.5714631174083814,1602.7052501643277,1527.8511164225881,1595.0,1545.0,0.5672288443429522,0.5,validation,
612,csJYoiWz,2025-09-18 18:22:02.862000+00:00,player_9c2776cd18,player_e105f0669e,1.0,0.07248077523851335,0.06332687531094791,1086.0,1528.8400360891053,1086.0,1554.0,0.06164091317884652,0.5,validation,
613,eBZDoDgB,2025-09-18 18:22:02.862000+00:00,player_1e7cbab106,player_89248331eb,0.0,0.3523920526509268,0.32622381211167784,1225.0,1330.7144257285092,1225.0,1351.0,0.31992932426277854,0.5,validation,
614,eo8JeouQ,2025-09-18 18:22:02.862000+00:00,player_e5ce0ac3ce,player_39aa036cb7,1.0,0.9978432056122136,0.9979624222551273,2209.0,1142.89857609939,2209.0,1133.0,0.9979972380148614,0.5,validation,
615,fhPuyMgP,2025-09-18 18:22:02.862000+00:00,player_4c3bae5df3,player_97ba2468d3,0.0,0.45265148195413535,0.45265148195413535,1536.0,1569.0,1536.0,1569.0,0.45265148195413535,0.5,validation,
616,j3eCPobX,2025-09-18 18:22:02.862000+00:00,player_80e7015e8d,player_0115b4d751,1.0,0.9710578565747929,0.9847480584168222,1668.2857659975025,1058.0,1782.0,1058.0,0.986765306987026,0.5,validation,
617,o1yaE4vs,2025-09-18 18:22:02.862000+00:00,player_2a2129d64b,player_5d2ad3a4ce,0.0,0.5275031593510948,0.544494573083008,1626.1643197578271,1607.0338573042259,1659.0,1628.0,0.550199353253537,0.5,validation,
618,uKXK15i9,2025-09-18 18:22:02.862000+00:00,player_cbf01c081b,player_21ddbbfc50,0.0,0.525880930891169,0.525880930891169,1645.0,1627.0,1645.0,1627.0,0.525880930891169,0.5,validation,
619,10XaCrZI,2025-09-18 18:22:42.566000+00:00,player_0d374b7141,player_d220abe47e,0.0,0.2800112443757555,0.30999379271968613,1553.0675749247935,1717.1276718524311,1542.0,1681.0,0.30144137358197703,0.5,validation,
620,7Q7EJWah,2025-09-18 18:22:42.566000+00:00,player_7b52c2713d,player_23e885ddcd,0.0,0.0048511844339881975,0.005496752789773711,1427.1839022621257,2352.0,1449.0,2352.0,0.0056240685278477285,0.5,validation,
621,7iTzGz6O,2025-09-18 18:22:42.566000+00:00,player_6a7243015c,player_7df46c050b,1.0,0.8759728866759963,0.9159794127382721,2055.728486462361,1716.1388751893478,2051.0,1636.0,0.9223905105706245,0.5,validation,
622,A9yUw9x1,2025-09-18 18:22:42.566000+00:00,player_9d1a5aec58,player_934446d768,0.0,0.40539603016853837,0.39233893587318014,1788.577671616809,1855.1169967592716,1800.0,1876.0,0.39233893587318014,0.5,validation,
623,BueqXV7t,2025-09-18 18:22:42.566000+00:00,player_85b73e0103,player_ceb09b75c0,1.0,0.3854758704665575,0.34808796012533627,2019.5932728699029,2100.6099698634366,1986.0,2095.0,0.34029200585525193,0.5,validation,
624,Dytpunvr,2025-09-18 18:22:42.566000+00:00,player_b05e8aa358,player_95a4f7be7c,0.0,0.023612248315232044,0.025200847311071226,1415.959725477479,2062.55371787243,1405.0,2040.0,0.025200847311071226,0.5,validation,
625,GqQO6uSC,2025-09-18 18:22:42.566000+00:00,player_84577b4a79,player_8149d3c56c,0.5,0.015977127980484666,0.015079986829254289,1464.4044008300014,2180.206992435957,1443.0,2169.0,0.014825628234724655,0.5,validation,
626,KvcZFVe4,2025-09-18 18:22:42.566000+00:00,player_eed3ca22ce,player_e5b27a77d8,1.0,0.9069999229608321,0.9150891110604187,1899.6495767431807,1504.0,1917.0,1504.0,0.9168612275957299,0.5,validation,
627,LmxhuxSq,2025-09-18 18:22:42.566000+00:00,player_632a206732,player_366327a96d,1.0,0.24253112131328525,0.2120732319225979,1418.8962748925017,1616.7352026796964,1385.0,1613.0,0.20635925681183112,0.5,validation,
628,M9FnosUv,2025-09-18 18:22:42.566000+00:00,player_7f6040e3ce,player_0b5ecff75a,0.0,0.7811268730258119,0.7820980161313187,1989.3331958108934,1768.3215412286825,1945.0,1723.0,0.7830774434096761,0.5,validation,
629,MPthRN2o,2025-09-18 18:22:42.566000+00:00,player_f1367a63fa,player_abbe762f0d,0.0,0.6407436444653257,0.6887735686687132,1660.2815297977072,1559.769590910568,1688.0,1550.0,0.698558626418023,0.5,validation,
630,OHMX68kX,2025-09-18 18:22:42.566000+00:00,player_ff0bf1f885,player_5e4e64d0cd,0.0,0.12064121510362638,0.11124535438232165,1584.9879474578206,1930.0561089842474,1568.0,1929.0,0.1158806436615864,0.5,validation,
631,Q8I15rcF,2025-09-18 18:22:42.566000+00:00,player_1e5a755272,player_d999230d73,1.0,0.8261825087663379,0.8352528323139615,1919.793007564043,1649.0,1931.0,1649.0,0.8368309660028946,0.5,validation,
632,SoSHD32O,2025-09-18 18:22:42.566000+00:00,player_85b8b02fa0,player_c7d1aa7969,0.5,0.28001011989068075,0.2800809940528481,1852.493805321447,2016.5548711901122,1842.0,2006.0,0.2800809940528481,0.5,validation,
633,aZahORkl,2025-09-18 18:22:42.566000+00:00,player_776e432ee9,player_8b35fd0d98,1.0,0.5071950817090514,0.5071950817090514,1750.0,1745.0,1750.0,1745.0,0.5071950817090514,0.5,validation,
634,b0ecT3WH,2025-09-18 18:22:42.566000+00:00,player_25b40c3ac1,player_f995b2d2da,1.0,0.5172625244323762,0.5172625244323762,1616.0,1604.0,1616.0,1604.0,0.5172625244323762,0.5,validation,
635,cLdzCT2u,2025-09-18 18:22:42.566000+00:00,player_ea0bb659d0,player_06b7b30c6d,1.0,0.8081230430461275,0.8497568518427462,1669.6623055286127,1419.8804382000135,1715.0,1414.0,0.8583646041738978,0.5,validation,
636,cmanZOuu,2025-09-18 18:22:42.566000+00:00,player_1e826fa561,player_8a7f244524,0.0,0.8840939110707636,0.9061958467735052,2331.734650394803,1978.777791185489,2300.0,1906.0,0.909565530807434,0.5,validation,
637,flTml46B,2025-09-18 18:22:42.566000+00:00,player_f28e8884ba,player_a0515efc94,0.5,0.9823225946327551,0.9851743717652754,1581.9342449859398,884.0,1613.0,884.0,0.9858321812888555,0.5,validation,
638,hB71SKQG,2025-09-18 18:22:42.566000+00:00,player_ba5449c385,player_610a289074,0.5,0.5402082283237456,0.5402082283237456,1808.0,1780.0,1808.0,1780.0,0.5402082283237456,0.5,validation,
639,jPCpTHpG,2025-09-18 18:22:42.566000+00:00,player_98849ddb45,player_93fc09dc1d,0.0,0.4501393415849864,0.4769904127024377,1757.3109154913654,1792.0731860543008,1740.0,1756.0,0.48130022207044143,0.5,validation,
640,rxwCzqXI,2025-09-18 18:22:42.566000+00:00,player_39998e5a39,player_aeacea3497,0.0,0.4832184027642856,0.48705085510713625,1877.9078968506142,1889.5733266127197,1852.0,1861.0,0.48705085510713625,0.5,validation,
641,wZeqSCgw,2025-09-18 18:22:42.566000+00:00,player_2b3d36dcf2,player_a26057b9e0,0.0,0.5487743358597419,0.5487743358597419,1735.0,1701.0,1735.0,1701.0,0.5487743358597419,0.5,validation,
642,1RbSxIRD,2025-09-18 18:23:20.430000+00:00,player_8873530087,player_48cb0fba4c,1.0,0.40455044651613065,0.42571979634547563,1457.9466389087215,1525.0955545377005,1494.0,1546.0,0.4285368825916186,0.5,validation,
643,2JZLqqaz,2025-09-18 18:23:20.430000+00:00,player_d6f3dd21c4,player_13f2ca33cf,1.0,0.9113407200136584,0.9123666522054631,1974.5525654925493,1569.7699352550349,1948.0,1541.0,0.9123666522054631,0.5,validation,
644,7OoE4zYQ,2025-09-18 18:23:20.430000+00:00,player_1717e4f9fd,player_0dcdf8d9ae,0.0,0.2984928681981446,0.269754586702576,2031.5839185156408,2180.0231711070032,2000.0,2173.0,0.2777654663508294,0.5,validation,
645,Ay734dDh,2025-09-18 18:23:20.430000+00:00,player_02c1b57fd3,player_76f85d67e3,1.0,0.6145013610085578,0.6145013610085578,2014.0,1933.0,2014.0,1933.0,0.6145013610085578,0.5,validation,
646,BVXb2IY2,2025-09-18 18:23:20.430000+00:00,player_2b10095fc7,player_acc164288c,0.0,0.32407629653576786,0.30265492141014677,1336.9539600190576,1464.654123805651,1297.0,1442.0,0.29661499652817136,0.5,validation,
647,C4DftvLe,2025-09-18 18:23:20.430000+00:00,player_c500c8643c,player_b6fe7490c2,0.0,0.08047536846054137,0.0661140613371956,1643.9044454622995,2067.0646028562533,1623.0,2083.0,0.06298627871190775,0.5,validation,
648,EOipE14w,2025-09-18 18:23:20.430000+00:00,player_87657c2458,player_1a8443ce42,0.0,0.07641987135267218,0.07843767494302172,1767.4493815844894,2200.356692785608,1749.0,2177.0,0.07203315850384262,0.5,validation,
649,G34rnGwM,2025-09-18 18:23:20.430000+00:00,player_030fe27be7,player_15e747c062,0.0,0.4943653293932789,0.41729811503576986,1799.492191664362,1803.4077275880663,1737.0,1795.0,0.4061446147638222,0.5,validation,
650,Js2mXPuZ,2025-09-18 18:23:20.430000+00:00,player_257b0330b9,player_206a863fb3,0.0,0.6990162645785848,0.704584592662721,1746.4323297529447,1600.0546284926459,1757.0,1606.0,0.7069752948085409,0.5,validation,
651,LUbqjbli,2025-09-18 18:23:20.430000+00:00,player_0115b4d751,player_8993b8270f,0.0,0.12261892876428192,0.12314773491920303,1056.1477028207867,1398.0,1057.0,1398.0,0.12377068106893543,0.5,validation,
652,MBrgbdG1,2025-09-18 18:23:20.430000+00:00,player_80e7015e8d,player_78da7ae66d,1.0,0.8394886842902689,0.8991173716432768,1670.1380631767158,1382.7343864300758,1782.0,1402.0,0.9090909090909091,0.5,validation,
653,Nkzdc6Aw,2025-09-18 18:23:20.430000+00:00,player_3eeb1c5e8a,player_a9b8e0441a,0.5,0.9241882506687394,0.9428591346675568,1642.3906621418305,1207.9810921358992,1680.0,1193.0,0.9484741124025332,0.5,validation,
654,W7mpf7Qo,2025-09-18 18:23:20.430000+00:00,player_f81f01fa8c,player_f5a9fa68bd,0.0,0.6756443023904174,0.6253513933075368,1915.4474345074507,1787.9687994454903,1942.0,1853.0,0.6145013610085578,0.5,validation,
655,WXGxQDwy,2025-09-18 18:23:20.430000+00:00,player_ae6197b66f,player_f28ca29037,0.0,0.6064759640783818,0.5287505638922686,1748.355363396644,1673.2184314341564,1775.0,1755.0,0.5115108912177917,0.5,validation,
656,XiALaKgi,2025-09-18 18:23:20.430000+00:00,player_04d2d9b40e,player_f71b9e07bb,1.0,0.296909917640905,0.2520004588039456,1518.0749081174322,1667.8294150754562,1505.0,1694.0,0.24130537985314435,0.5,validation,
657,cjo7Gzcb,2025-09-18 18:23:20.430000+00:00,player_a3cb35c7d1,player_928c2e13f3,0.0,0.5056183903830895,0.5043172397550598,1796.0640528975798,1792.1598310646552,1789.0,1786.0,0.5057562084111449,0.5,validation,
658,gbHii1i1,2025-09-18 18:23:20.430000+00:00,player_457e198199,player_9ead8cc339,0.0,0.24029732945294813,0.22085937918053045,1703.5645095117222,1903.5223930188326,1676.0,1895.0,0.2169225565903239,0.5,validation,
659,giFAZrxE,2025-09-18 18:23:20.430000+00:00,player_333b727a80,player_e6f9b441e6,1.0,0.5378245048539617,0.5416377027147634,1695.6097717013445,1669.2763033443239,1724.0,1695.0,0.5416377027147634,0.5,validation,
660,h4drKQXf,2025-09-18 18:23:20.430000+00:00,player_c13dd34172,player_820a07946b,0.0,0.21606888878765731,0.14445792510730254,2104.4865902094703,2328.3608549478045,2017.0,2326.0,0.1308031345449462,0.5,validation,
661,hCVCSwur,2025-09-18 18:23:20.430000+00:00,player_0063f66597,player_74daf94754,0.0,0.07988514744462012,0.0708872941587333,1311.1732966322377,1735.7236966556761,1262.0,1709.0,0.06864593348005557,0.5,validation,
662,iTDRlb7P,2025-09-18 18:23:20.430000+00:00,player_02fcecb30b,player_db4a6e547a,1.0,0.5854986786718095,0.5854986786718095,1906.0,1846.0,1906.0,1846.0,0.5854986786718095,0.5,validation,
663,oFG07neR,2025-09-18 18:23:20.430000+00:00,player_4ceb64083d,player_e00ac6b07f,1.0,0.4971218004251891,0.4971218004251891,1771.0,1773.0,1771.0,1773.0,0.4971218004251891,0.5,validation,
664,rOCqJis8,2025-09-18 18:23:20.430000+00:00,player_54f56d1fc6,player_9fc4f366ab,0.0,0.42010023964211857,0.42010023964211857,1673.0,1729.0,1673.0,1729.0,0.42010023964211857,0.5,validation,
665,sJb72xu6,2025-09-18 18:23:20.430000+00:00,player_a3103c6ebe,player_d9a91f076b,0.0,0.7741907842998732,0.7425355589430698,2041.7297964012798,1827.687262403631,1982.0,1798.0,0.7381090325404187,0.5,validation,
666,tBAtqaUZ,2025-09-18 18:23:20.430000+00:00,player_5f816ee984,player_5a96470b35,0.0,0.1711438505034347,0.1282074219668559,1638.2340026927448,1912.2811487590736,1537.0,1870.0,0.11886221644630175,0.5,validation,
667,tZeBhNQs,2025-09-18 18:23:20.430000+00:00,player_c8dd4feac5,player_6e9e0ae007,0.0,0.23236870838776474,0.22585202229816936,1706.705077653911,1914.2950880360129,1705.0,1919.0,0.22284689468527405,0.5,validation,
668,tp627VLV,2025-09-18 18:23:20.430000+00:00,player_3e7849ca33,player_025ca2fadc,1.0,0.834524278310682,0.8730738822502696,1940.03268784763,1658.9508110424222,1941.0,1606.0,0.8799266880106169,0.5,validation,
669,tyhO0pMc,2025-09-18 18:23:20.430000+00:00,player_2c01509854,player_25cbe16412,0.0,0.5425654953258345,0.5373473171664928,1645.0,1615.350699815987,1645.0,1619.0,0.5359159269451023,0.5,validation,
670,u3YWs4JM,2025-09-18 18:23:20.430000+00:00,player_35c0e758a5,player_de9a5b9e52,1.0,0.8184600261067781,0.8029091701538159,1876.2588568211704,1614.648775018517,1852.0,1608.0,0.7869632793894692,0.5,validation,
671,uWyAR2lS,2025-09-18 18:23:20.430000+00:00,player_f7ec6e6f48,player_1b8c48a601,1.0,0.79449065061281,0.8010809398289457,2041.5475192255954,1806.644636603356,2022.0,1780.0,0.8029091701538159,0.5,validation,
672,5pVDDPkC,2025-09-18 18:24:00.390000+00:00,player_7df46c050b,player_475e909a17,0.5,0.27272665233970267,0.24130537985314435,1708.2011399366115,1878.5891761982218,1635.0,1834.0,0.25526959313496533,0.5,validation,
673,FINYxH79,2025-09-18 18:24:00.390000+00:00,player_72de9d8c65,player_c452fd0eed,0.0,0.2697369317685087,0.23711501969474583,1608.0761090217072,1781.091678773503,1623.0,1826.0,0.22787132653141615,0.5,validation,
674,GxcQ5tEL,2025-09-18 18:24:00.390000+00:00,player_6f5404f61f,player_ac929d51ac,0.0,0.41061902584073273,0.38277496909505365,1761.5977422810593,1824.3805598501058,1762.0,1845.0,0.3773498042127379,0.5,validation,
675,HaeyUdWd,2025-09-18 18:24:00.390000+00:00,player_b9e7961f48,player_902095847e,1.0,0.8398934207165435,0.8672208959675437,1746.6725965869077,1458.7465964168541,1718.0,1392.0,0.8730738822502696,0.5,validation,
676,I7Mz4W6r,2025-09-18 18:24:00.390000+00:00,player_82926c7aed,player_7c853e9a81,1.0,0.4592354347093184,0.43701527189640416,1780.625779961456,1809.0149139154512,1766.0,1810.0,0.43135860811633236,0.5,validation,
677,Ie9ZuGI6,2025-09-18 18:24:00.390000+00:00,player_6a7243015c,player_28fc596757,0.0,0.26218168610530024,0.2520004588039456,2063.6662217150974,2243.4050532497777,2052.0,2241.0,0.24768500639431762,0.5,validation,
678,Ti0D8iY8,2025-09-18 18:24:00.390000+00:00,player_01c2e33de1,player_cbd7d65897,0.5,0.31178111745035597,0.22585202229816936,1871.1146713714095,2008.6653813120663,1804.0,2018.0,0.20635925681183112,0.5,validation,
679,cBCRmPnL,2025-09-18 18:24:00.390000+00:00,player_26faf633c9,player_5ae91b6d4e,0.5,0.5644435269248331,0.5387780920571715,1903.2360206025276,1858.2056108251654,1853.0,1826.0,0.5316182978281073,0.5,validation,
680,fbOs6euF,2025-09-18 18:24:00.390000+00:00,player_e0cd2caec3,player_cca7cea916,1.0,0.321507086232932,0.29064536940123664,1786.7714176232626,1916.5133243052965,1761.0,1916.0,0.2800809940528481,0.5,validation,
681,kiP2OcEJ,2025-09-18 18:24:00.390000+00:00,player_6a3f628a42,player_8f708d27ce,0.0,0.8487689478729429,0.871792578033144,2075.77208057104,1776.1126769820626,2094.0,1761.0,0.8762293189310646,0.5,validation,
682,q36atERW,2025-09-18 18:24:00.390000+00:00,player_7862498bee,player_4f042b87b8,0.0,0.04486886623204353,0.045426509677844375,1666.0,2197.2471623959955,1666.0,2195.0,0.04567678103966238,0.5,validation,
683,13hffLzq,2025-09-18 18:24:00.391000+00:00,player_ff0c18d5df,player_224e6c8173,0.0,0.05234649062359593,0.046691053052912136,1381.0,1884.104801563672,1381.0,1905.0,0.04419462648641146,0.5,validation,
684,BWPI2fyA,2025-09-18 18:24:00.391000+00:00,player_4bca831314,player_bc8f50ef56,0.0,0.5369053270971658,0.5344839447268315,1808.2158887337462,1782.5247176256198,1811.0,1787.0,0.5330513938844411,0.5,validation,
685,GApbYmKp,2025-09-18 18:24:00.391000+00:00,player_f342eba3d4,player_fe15c1f5ed,1.0,0.18160996103299473,0.17118235224572423,1512.264759743582,1773.7930275374829,1528.0,1802.0,0.16874608434795343,0.5,validation,
686,GL75K0u8,2025-09-18 18:24:00.391000+00:00,player_54a683a4f0,player_96e42c3d0e,1.0,0.5477222646297459,0.554469374021676,1585.0778486042466,1551.8157741170596,1604.0,1566.0,0.554469374021676,0.5,validation,
687,XB446PUl,2025-09-18 18:24:00.391000+00:00,player_c95093aca9,player_a4af4da67c,1.0,0.643406929569104,0.672509643334985,1726.1119137322662,1623.5867798958839,1771.0,1646.0,0.6788169197947567,0.5,validation,
688,jJ7swDG8,2025-09-18 18:24:00.391000+00:00,player_4b2f4de120,player_4109a84459,0.0,0.46592958610667445,0.45265148195413535,1658.2165217023535,1681.9278141923344,1717.0,1750.0,0.4483764526890395,0.5,validation,
689,p4y0BdGE,2025-09-18 18:24:00.391000+00:00,player_cfde590949,player_68a26254e6,1.0,0.818062543933717,0.8153518152833006,1816.0,1554.8542438146353,1816.0,1558.0,0.8153518152833006,0.5,validation,
690,rbwTSNYF,2025-09-18 18:24:00.391000+00:00,player_f9a7f0dea2,player_b21cbf6e60,0.0,0.02376648668872228,0.02035029972144683,1008.0,1653.4354904882778,1008.0,1681.0,0.019673016524727506,0.5,validation,
691,yxImxJME,2025-09-18 18:24:00.391000+00:00,player_14a2199faa,player_2ecd10721c,0.0,0.5893296803037006,0.581301478368915,1221.0,1158.2540009436514,1221.0,1164.0,0.5784967523447427,0.5,validation,
692,Pz5pcQYF,2025-09-18 18:24:37.218000+00:00,player_38ca9183e1,player_df147156b7,1.0,0.545102991314863,0.5129491448928637,1995.92063630731,1964.4944425984934,1922.0,1913.0,0.5043172397550598,0.5,validation,
693,36Vau7XG,2025-09-18 18:24:37.219000+00:00,player_7ec648723c,player_89d6485cc7,0.0,0.0739894569206771,0.09728596573147821,1723.3958252331417,2162.374261926051,1812.0,2199.0,0.10245988587127619,0.5,validation,
694,3epInvKH,2025-09-18 18:24:37.219000+00:00,player_dcbf56325c,player_588c963d63,1.0,0.636076002150723,0.6997694032620582,2116.0491287678583,2019.0498023293717,2104.0,1957.0,0.7117225243427553,0.5,validation,
695,5EGFCi7o,2025-09-18 18:24:37.219000+00:00,player_89248331eb,player_40d7c3551f,0.0,0.1278984536299217,0.13015005092569085,1353.2675170981686,1686.7482222724157,1355.0,1685.0,0.1308031345449462,0.5,validation,
696,EbPW2ksD,2025-09-18 18:24:37.219000+00:00,player_0d374b7141,player_09fe126b7a,1.0,0.33028563327256777,0.3351420214452352,1535.146855284745,1657.94682821329,1538.0,1657.0,0.3211830802052434,0.5,validation,
697,FqyLz8bn,2025-09-18 18:24:37.219000+00:00,player_8150304f9f,player_7edad124da,0.0,0.06073013274982332,0.054117436910477636,1356.922057089299,1832.6765208880042,1329.0,1826.0,0.04618126740085911,0.5,validation,
698,NqcHNZD1,2025-09-18 18:24:37.219000+00:00,player_7f9e1dc20d,player_37a20655c3,0.0,0.15706140251363976,0.13954883824228792,1794.5266762060128,2086.417263818153,1786.0,2102.0,0.13612852365814215,0.5,validation,
699,Q56XU8wI,2025-09-18 18:24:37.219000+00:00,player_d244185209,player_f342eba3d4,1.0,0.8503955838226491,0.8959410508417222,1866.5123552465627,1564.6417222374705,1911.0,1537.0,0.904220144369614,0.5,validation,
700,RYAdrBn0,2025-09-18 18:24:37.219000+00:00,player_b99e1146b7,player_a7ac2ec840,1.0,0.7346819345590736,0.6387377491117249,1940.6780393443964,1763.745023779789,1911.0,1812.0,0.6145013610085578,0.5,validation,
701,S84Bxdln,2025-09-18 18:24:37.219000+00:00,player_3fbc2e91e8,player_7e5ab0c686,0.0,0.4089244036850566,0.4089244036850566,1708.0,1772.0,1708.0,1772.0,0.4089244036850566,0.5,validation,
702,WBxNKYrI,2025-09-18 18:24:37.219000+00:00,player_0db6ac79f0,player_8824ea67c7,1.0,0.4252785200696404,0.4469531048305375,1617.6639184212072,1669.9775108283177,1666.0,1703.0,0.5071950817090514,0.5,validation,
703,cB289Da4,2025-09-18 18:24:37.219000+00:00,player_fe15c1f5ed,player_a2a18e398c,0.0,0.6150685702964382,0.7057813597120025,1721.4160650435945,1640.0,1792.0,1640.0,0.7245382428425361,0.5,validation,
704,dddTDi7l,2025-09-18 18:24:37.219000+00:00,player_90ff108b74,player_7a3d6402f0,1.0,0.7995487640577852,0.7992399910868982,1475.0067446551154,1234.6722574895446,1444.0,1204.0,0.8196458144946892,0.5,validation,
705,gkTqJMSe,2025-09-18 18:24:37.219000+00:00,player_f8d760b83f,player_1cb42dae1c,0.0,0.06708519383988719,0.061308790821601164,1180.063157553726,1637.3492802610829,1142.0,1616.0,0.059996961629975955,0.5,validation,
706,lrp4KkpY,2025-09-18 18:24:37.219000+00:00,player_e026cca992,player_42934eb12d,0.0,0.06550405414557296,0.05683152084009725,1208.0,1669.7236966556761,1208.0,1696.0,0.05500827253256483,0.5,validation,
707,pNZW2UDp,2025-09-18 18:24:37.219000+00:00,player_2164716222,player_6889acb04b,0.0,0.2715004494870831,0.34548000561753406,1924.1622439876369,2095.625738073949,1948.0,2059.0,0.36392310031211805,0.5,validation,
708,qgAVXMSa,2025-09-18 18:24:37.219000+00:00,player_5713353109,player_1b64d15bfc,1.0,0.32622381211167784,0.32622381211167784,1957.0,2083.0,1957.0,2083.0,0.32622381211167784,0.5,validation,
709,rgBYojmc,2025-09-18 18:24:37.219000+00:00,player_2664d94925,player_a8f4a354c7,1.0,0.5910755963149433,0.5910755963149433,1868.0,1804.0,1868.0,1804.0,0.5910755963149433,0.5,validation,
710,urkYhyuC,2025-09-18 18:24:37.219000+00:00,player_ea0bb659d0,player_702cea49a9,1.0,0.8392339269224647,0.8672208959675437,1681.9424307736606,1394.8669793032122,1717.0,1391.0,0.8730738822502696,0.5,validation,
711,z83o72u1,2025-09-18 18:24:37.219000+00:00,player_973b18a40d,player_b846d40c1d,0.0,0.14217314219149424,0.1308031345449462,1736.5852112707425,2048.8180422942905,1693.0,2022.0,0.12692611774973042,0.5,validation,
712,zEwHGFk6,2025-09-18 18:24:37.219000+00:00,player_95f21b86f5,player_a2e86d20e3,0.0,0.581301478368915,0.581301478368915,1619.0,1562.0,1619.0,1562.0,0.581301478368915,0.5,validation,
713,0MMet4I8,2025-09-18 18:25:24.569000+00:00,player_a0b8664508,player_941991fe0c,0.0,0.05330198271046896,0.045426509677844375,1353.0,1852.7872413917737,1353.0,1882.0,0.043952102099315264,0.5,validation,
714,1J5EfXjo,2025-09-18 18:25:24.569000+00:00,player_848c3a6b44,player_4d6de79939,0.0,0.44659487358825734,0.4075337694156682,1827.0,1864.2517777275843,1827.0,1892.0,0.399221754109989,0.5,validation,
715,6Qeh5fTF,2025-09-18 18:25:24.569000+00:00,player_b036680e1f,player_38794755ff,0.0,0.4913661641789174,0.4913661641789174,1689.0,1695.0,1689.0,1695.0,0.4913661641789174,0.5,validation,
716,7UBBMITb,2025-09-18 18:25:24.569000+00:00,player_39cc58fb88,player_1021938902,0.0,0.46265255516653364,0.4569335079777882,1686.697353962051,1712.6974431718795,1664.0,1694.0,0.4555054269169921,0.5,validation,
717,A3JWbrRD,2025-09-18 18:25:24.569000+00:00,player_8993b8270f,player_1c67074439,0.0,0.10408181541793649,0.08763334779453696,1405.847611440914,1779.805008616583,1400.0,1807.0,0.08357862293048655,0.5,validation,
718,EjwQuQqb,2025-09-18 18:25:24.569000+00:00,player_6996a7825e,player_9b674ea365,0.0,0.37355103093060965,0.3692697113837977,1619.933918452821,1709.7482222724157,1642.0,1735.0,0.3692697113837977,0.5,validation,
719,KoxUSMEz,2025-09-18 18:25:24.569000+00:00,player_97ba2468d3,player_ef73ecd937,1.0,0.17972936598874412,0.15246127600415,1597.9696948450646,1861.7049434960566,1575.0,1873.0,0.1458866380543756,0.5,validation,
720,NRFs1b8Y,2025-09-18 18:25:24.569000+00:00,player_2342614350,player_d44538ba1e,1.0,0.9870786954770311,0.9864612050649981,2249.0,1495.7818333553732,2249.0,1504.0,0.9863841089712181,0.5,validation,
721,NaSQotUp,2025-09-18 18:25:24.569000+00:00,player_5f98eb3cbd,player_d80f921c81,1.0,0.5373473171664928,0.5373473171664928,1857.0,1831.0,1857.0,1831.0,0.5373473171664928,0.5,validation,
722,QW9IpBsZ,2025-09-18 18:25:24.569000+00:00,player_2565819ed5,player_f90389e219,1.0,0.8503018078071283,0.8263535539440318,1880.971994482783,1579.2293757881228,1806.0,1535.0,0.8136122105055869,0.5,validation,
723,Rmk5FiRO,2025-09-18 18:25:24.569000+00:00,player_d5c5815413,player_30f0782407,0.0,0.0776627061446465,0.05500827253256483,1398.3366217500013,1828.2075217070499,1384.0,1878.0,0.04851775409661937,0.5,validation,
724,VqnCjvfP,2025-09-18 18:25:24.569000+00:00,player_497848644b,player_aa9d4464a3,0.0,0.528735672826129,0.5115108912177917,1883.3558014895202,1863.366183170089,1877.0,1869.0,0.5071950817090514,0.5,validation,
725,d6QH8Ixb,2025-09-18 18:25:24.569000+00:00,player_a34bfe0ed8,player_e988ab1ed0,1.0,0.8229783442827296,0.8576633185538569,1927.9672927470538,1661.0224891716823,1955.0,1643.0,0.8768522650807969,0.5,validation,
726,dGXh7HuC,2025-09-18 18:25:24.569000+00:00,player_bc4e045a39,player_d220abe47e,1.0,0.8939477172387601,0.9022073203450998,2105.3652309447352,1735.0483914924796,2070.0,1684.0,0.904220144369614,0.5,validation,
727,eaqwVPRP,2025-09-18 18:25:24.569000+00:00,player_527d903e02,player_3d74b58f44,0.0,0.29839273174606606,0.2800809940528481,1393.4866176446474,1542.0089532635152,1421.0,1585.0,0.2530870785710568,0.5,validation,
728,mShxVbgo,2025-09-18 18:25:24.569000+00:00,player_ac7a9abc26,player_4def599b1a,1.0,0.6622877974308888,0.6622877974308888,1983.0,1866.0,1983.0,1866.0,0.6622877974308888,0.5,validation,
729,n0iYlt8t,2025-09-18 18:25:24.569000+00:00,player_93fc09dc1d,player_8155f2258f,1.0,0.8973826780977511,0.9352934990460783,1820.88210391574,1444.1793015411415,1762.0,1298.0,0.941605874447001,0.5,validation,
730,nVp3e03Z,2025-09-18 18:25:24.569000+00:00,player_23195b6a66,player_e03ed01123,0.0,0.4505927588371881,0.3800586409554767,1916.0,1950.4440683618873,1916.0,2001.0,0.3652566649476832,0.5,validation,
731,ni8QCtGJ,2025-09-18 18:25:24.569000+00:00,player_c2ae71ed7e,player_d966362425,1.0,0.5301848079192757,0.5359159269451023,1584.302646037949,1563.3025568281205,1607.0,1582.0,0.5373473171664928,0.5,validation,
732,pP0oy6bz,2025-09-18 18:25:24.569000+00:00,player_ae5764b808,player_11f890c0d7,1.0,0.8887916328892468,0.8153518152833006,1912.7482222724157,1551.6832248698731,1885.0,1627.0,0.7945819150362295,0.5,validation,
733,qIgbcbsi,2025-09-18 18:25:24.569000+00:00,player_ffec7320b5,player_435e174d21,1.0,0.5705720447312953,0.5742802036545245,1562.3680705680345,1513.0,1565.0,1513.0,0.5798997603578815,0.5,validation,
734,sBJp832q,2025-09-18 18:25:24.569000+00:00,player_4c3bae5df3,player_7c89a68c2a,0.0,0.9374403737750963,0.9440870944880482,1507.0303051549354,1036.7705017368462,1530.0,1039.0,0.9452901966235238,0.5,validation,
735,uSWPrxDT,2025-09-18 18:25:24.569000+00:00,player_0115b4d751,player_d244016f29,0.5,0.7604426757559509,0.761842109917936,1048.3000913798726,847.6372802719944,1053.0,851.0,0.7659946707664889,0.5,validation,
736,3Ld4g1Hb,2025-09-18 18:26:06.373000+00:00,player_26382a564b,player_eed3ca22ce,0.5,0.13255503633613522,0.10954936127707525,1579.2633029620613,1905.6015816736874,1554.0,1918.0,0.10459685263267142,0.5,validation,
737,AogbjBb6,2025-09-18 18:26:06.373000+00:00,player_255d4752b7,player_ec130307e8,0.0,0.40161437720884036,0.3612622508882752,2066.06468024085,2135.333439765273,2028.0,2127.0,0.3520169867496943,0.5,validation,
738,CmwMveT3,2025-09-18 18:26:06.373000+00:00,player_1275bc05b6,player_085c0b189a,1.0,0.4908399494836376,0.46551605527316847,1970.839070997394,1977.2048382628336,1956.0,1980.0,0.45979177167625435,0.5,validation,
739,FZEzRCG5,2025-09-18 18:26:06.373000+00:00,player_995b0e19b5,player_56487e0825,1.0,0.9111218423985349,0.9203048806723595,1539.8374139972607,1135.524848071173,1542.0,1117.0,0.9223905105706245,0.5,validation,
740,Frj0Oucf,2025-09-18 18:26:06.373000+00:00,player_93fabe0f6f,player_10365fd30d,0.0,0.06112685537871362,0.054117436910477636,1575.5733266127197,2050.123271535983,1547.0,2044.0,0.0529508017989083,0.5,validation,
741,HcRABVjP,2025-09-18 18:26:06.373000+00:00,player_e5b27a77d8,player_532343cfb4,1.0,0.6213617264953132,0.6280448056219418,1498.0479950694933,1412.0,1503.0,1412.0,0.6293885472175023,0.5,validation,
742,KYrNjjOA,2025-09-18 18:26:06.373000+00:00,player_05e658379f,player_3243f4d046,1.0,0.4741190691088309,0.4741190691088309,1812.0,1830.0,1812.0,1830.0,0.4741190691088309,0.5,validation,
743,LkywTU0G,2025-09-18 18:26:06.373000+00:00,player_2f2a0a61ac,player_d39c4ff769,0.0,0.524386624487211,0.48561281583400134,1729.0992497009684,1712.1402313050116,1720.0,1730.0,0.5301846800039021,0.5,validation,
744,Xpdhyr83,2025-09-18 18:26:06.373000+00:00,player_6b792d2533,player_19e00af498,0.0,0.49568276024494023,0.49568276024494023,1806.0,1809.0,1806.0,1809.0,0.49568276024494023,0.5,validation,
745,b2cLSYOX,2025-09-18 18:26:06.373000+00:00,player_cca27acf09,player_9d716f9924,0.0,0.7233878694391705,0.7233878694391705,2153.0,1986.0,2153.0,1986.0,0.7233878694391705,0.5,validation,
746,bnZfkOmp,2025-09-18 18:26:06.373000+00:00,player_2656944e3c,player_ca0d4971ee,0.0,0.617819921349452,0.5615679389736461,1951.1800824620564,1867.7425375136334,1899.0,1856.0,0.5487743358597419,0.5,validation,
747,eOWFbu1K,2025-09-18 18:26:06.373000+00:00,player_fd3a6113bb,player_c0c8a08a0d,0.0,0.6486072084220555,0.6062878237854281,1813.0921031493858,1706.6165340354976,1839.0,1764.0,0.5980137657693436,0.5,validation,
748,kKSc3hbr,2025-09-18 18:26:06.373000+00:00,player_d9a91f076b,player_84f7ebde81,1.0,0.8010385111754758,0.770096676660982,1877.2354725988228,1635.2817230467033,1806.0,1596.0,0.7628849803052542,0.5,validation,
749,kaBIx4bk,2025-09-18 18:26:06.373000+00:00,player_49bd7dc7cf,player_f545c6fb77,1.0,0.3230667733693231,0.30144137358197703,1448.5424829237913,1577.0438978724853,1427.0,1573.0,0.29661499652817136,0.5,validation,
750,kaNJoFX5,2025-09-18 18:26:06.373000+00:00,player_1dad1ad546,player_66f4030e5c,1.0,0.411423504733267,0.43701527189640416,1703.405860223452,1765.6113862974626,1671.0,1715.0,0.44268836623770724,0.5,validation,
751,mJeZH5aS,2025-09-18 18:26:06.373000+00:00,player_e9e7de6f78,player_c97686439f,1.0,0.4640840730548977,0.4640840730548977,1445.0,1470.0,1445.0,1470.0,0.4640840730548977,0.5,validation,
752,r3pzKelY,2025-09-18 18:26:06.373000+00:00,player_d5f04bdeec,player_c88594a5c4,0.0,0.2721335764580827,0.287097842594546,1566.6407083180416,1737.5485309281844,1551.0,1709.0,0.2882774756572447,0.5,validation,
753,sbfw7zSk,2025-09-18 18:26:06.373000+00:00,player_11bf4ccb6b,player_6da6f02902,0.0,0.7368571916199348,0.7436345220073278,1698.8767284640173,1520.0,1705.0,1520.0,0.7458232083504994,0.5,validation,
754,tdBbUgBy,2025-09-18 18:26:06.373000+00:00,player_5a637797d0,player_2ff421b778,1.0,0.265934623254203,0.2800809940528481,1854.4817236565539,2030.8656663025336,1793.0,1957.0,0.27546175715746396,0.5,validation,
755,uVgfrtfO,2025-09-18 18:26:06.373000+00:00,player_41fb25d2fb,player_017017d8a9,1.0,0.8650974634987335,0.8835282880564392,1366.163504822204,1043.345535585718,1423.0,1071.0,0.8870357268841216,0.5,validation,
756,yQNHt8OK,2025-09-18 18:26:06.373000+00:00,player_ca5d2a0460,player_d7f6ea0e0d,1.0,0.8083176725494586,0.8083176725494586,1793.0,1543.0,1793.0,1543.0,0.8083176725494586,0.5,validation,
757,0yOgtl4X,2025-09-18 18:26:48.352000+00:00,player_07a7cd4f02,player_ff0bf1f885,1.0,0.6609511005436672,0.6887735686687132,1693.2297061128165,1577.2669096911886,1704.0,1566.0,0.6924633925795177,0.5,validation,
758,8PtolDgJ,2025-09-18 18:26:48.352000+00:00,player_37d63f048e,player_c61c9985a6,1.0,0.39447474724227793,0.33900090875364175,1767.5498857486784,1841.9951069704089,1718.0,1834.0,0.3300309860965169,0.5,validation,
759,9RysUKuM,2025-09-18 18:26:48.352000+00:00,player_c452fd0eed,player_95b5fb3246,0.0,0.42970609237824764,0.43135860811633236,1798.3548424066876,1847.5257307812449,1829.0,1877.0,0.4355995097595788,0.5,validation,
760,OJVZxA3C,2025-09-18 18:26:48.352000+00:00,player_7d30d24744,player_4d272b524e,1.0,0.2311857973150773,0.19891906017105437,1771.9490436686724,1980.6931427013856,1743.0,1985.0,0.19168232745054142,0.5,validation,
761,SDJ9loPg,2025-09-18 18:26:48.352000+00:00,player_3430d7eb2d,player_c82858060a,1.0,0.6500406108983626,0.7381090325404187,1605.7372945608304,1498.1681585468639,1649.0,1469.0,0.7576391748622517,0.5,validation,
762,eVUc2yBS,2025-09-18 18:26:48.352000+00:00,player_adcfd517c2,player_867628c4aa,0.0,0.18717558204928259,0.1562177520757074,1691.8282856155715,1946.9273053818783,1623.0,1916.0,0.15024314815725381,0.5,validation,
763,k5KD3Mr5,2025-09-18 18:26:48.352000+00:00,player_f7ec6e6f48,player_80e7015e8d,1.0,0.8960962259090436,0.8010809398289457,2054.7001175863757,1680.4107873821386,2025.0,1783.0,0.7711142606875975,0.5,validation,
764,xRiYAVAj,2025-09-18 18:26:48.352000+00:00,player_3b66b065e1,player_72de9d8c65,1.0,0.24222991736159008,0.21303672061053083,1392.6890757990675,1590.8129453885226,1394.0,1621.0,0.20825116249181558,0.5,validation,
765,2Cm2IlL2,2025-09-18 18:26:48.353000+00:00,player_918f0c414b,player_55c67ec4b3,1.0,0.7610524858798429,0.784053683887815,1717.4798349229231,1516.2349980647052,1715.0,1491.0,0.7898441797581306,0.5,validation,
766,6C2cC5Sa,2025-09-18 18:26:48.353000+00:00,player_d4212300c7,player_2ece99a10a,0.0,0.4337788842945081,0.469815319996098,1362.1539098492956,1408.4409713677464,1378.0,1399.0,0.48130022207044143,0.5,validation,
767,BnnXlQRs,2025-09-18 18:26:48.353000+00:00,player_86208f0638,player_8634e7a8c5,0.0,0.5473485180458647,0.5473485180458647,1854.0,1821.0,1854.0,1821.0,0.5473485180458647,0.5,validation,
768,I3dVWt5G,2025-09-18 18:26:48.353000+00:00,player_6a76f42963,player_b011f2414f,0.0,0.45836229728523653,0.45836229728523653,1624.0,1653.0,1624.0,1653.0,0.45836229728523653,0.5,validation,
769,L8kaS0wr,2025-09-18 18:26:48.353000+00:00,player_128e98e1fb,player_f9a7f0dea2,1.0,0.5973508159327519,0.5952430396515719,1075.0,1006.4789448519218,1075.0,1008.0,0.5952430396515719,0.5,validation,
770,MrWYH2vX,2025-09-18 18:26:48.353000+00:00,player_dda91d800f,player_7683dd81fb,1.0,0.8203490154730668,0.784053683887815,1797.6175386359246,1533.7899147785297,1776.0,1552.0,0.7731399130767673,0.5,validation,
771,PqaFUAa6,2025-09-18 18:26:48.353000+00:00,player_0520ceb2e6,player_3627829253,0.0,0.25420345354670393,0.22990332333901797,1299.2176486098986,1486.1932171988167,1328.0,1538.0,0.22384542465816928,0.5,validation,
772,QSG9ndIg,2025-09-18 18:26:48.353000+00:00,player_a5f43760a2,player_ef5d225949,0.0,0.6145013610085578,0.6145013610085578,1750.0,1669.0,1750.0,1669.0,0.6145013610085578,0.5,validation,
773,VnVZCRAY,2025-09-18 18:26:48.353000+00:00,player_266941d75e,player_80698e1804,0.0,0.06005488276102138,0.047206187614406585,1329.0,1806.821669079932,1329.0,1851.0,0.039578722571651126,0.5,validation,
774,ZgJaVIJh,2025-09-18 18:26:48.353000+00:00,player_9f1e963216,player_664279910c,0.0,0.847110903528069,0.8541133619456244,1782.4338424715047,1485.0083394115038,1769.0,1462.0,0.8569591392644484,0.5,validation,
775,gxWoP0IZ,2025-09-18 18:26:48.353000+00:00,player_8f396e4253,player_b21cbf6e60,1.0,0.5984747540272078,0.641390111955618,1724.2897368744927,1654.956545636356,1782.0,1681.0,0.6492949471109635,0.5,validation,
776,hza1TMYY,2025-09-18 18:26:48.353000+00:00,player_8ffd49fad2,player_5df3e8ad7e,0.5,0.4541922189492109,0.4827374755676238,1653.462448198115,1685.3824613640754,1696.0,1708.0,0.5071950817090514,0.5,validation,
777,nS5LTz0c,2025-09-18 18:26:48.353000+00:00,player_de4293d0bb,player_21f2010af5,0.0,0.1701857362263788,0.1256557731814538,1652.0374837861002,1927.2605789604927,1645.0,1982.0,0.11706539587431786,0.5,validation,
778,pg5ZPR1I,2025-09-18 18:26:48.353000+00:00,player_d4ae9b7f49,player_d2957f5462,1.0,0.5675648660889936,0.5644004902404213,1496.9970562454635,1449.7592435101988,1527.0,1482.0,0.5644004902404213,0.5,validation,
779,y2dcZRCI,2025-09-18 18:26:48.353000+00:00,player_7b8d0ade12,player_7a3d6402f0,1.0,0.9478373011112676,0.9577103416023746,1725.592875295189,1221.8433783892428,1740.0,1198.0,0.9633735588239531,0.5,validation,
780,zfY7t9rv,2025-09-18 18:26:48.353000+00:00,player_179d43c942,player_14b8ac2008,1.0,0.8638125653651789,0.9011868291216677,2042.0479094655666,1721.1349182513984,2125.0,1741.0,0.9086140467149137,0.5,validation,
781,7DJ1pB7r,2025-09-18 18:27:28.097000+00:00,player_5e4e64d0cd,player_82c26c7ea9,1.0,0.8572762699661264,0.9037204383519798,1937.7771467508794,1626.327300753951,1935.0,1546.0,0.9037204383519798,0.5,validation,
782,9fzSjxVE,2025-09-18 18:27:28.097000+00:00,player_7d19da7e69,player_32fe38091b,1.0,0.3161836858063414,0.3161836858063414,1471.0,1605.0,1471.0,1605.0,0.3161836858063414,0.5,validation,
783,BZnjlHJN,2025-09-18 18:27:28.097000+00:00,player_dbc760c330,player_8c7d35b978,0.0,0.2462568080237786,0.2198703960068415,1659.9552944832537,1854.2893571388702,1631.0,1851.0,0.21497326300182792,0.5,validation,
784,CCEAuZ2G,2025-09-18 18:27:28.097000+00:00,player_ac7a9abc26,player_85b8b02fa0,1.0,0.6888234481009033,0.6949097127295025,2004.6135809644231,1866.5731576484436,1987.0,1844.0,0.6949097127295025,0.5,validation,
785,E5xc5g0X,2025-09-18 18:27:28.097000+00:00,player_e049234ece,player_bf51230720,0.0,0.25223914468203656,0.2120732319225979,1735.4760639339013,1924.2561604747473,1680.0,1908.0,0.22384542465816928,0.5,validation,
786,GPLbCc59,2025-09-18 18:27:28.097000+00:00,player_532343cfb4,player_b795608238,1.0,0.38700292421749743,0.38141587791096926,1387.7671504957,1467.6648129737448,1408.0,1492.0,0.3800586409554767,0.5,validation,
787,HcbqNMqz,2025-09-18 18:27:28.097000+00:00,player_0e778d3f65,player_56e48dfdf0,1.0,0.9613978410814683,0.9674080970792048,1767.5166192906247,1209.0,1798.0,1209.0,0.9684796873667971,0.5,validation,
788,M8bvg5NS,2025-09-18 18:27:28.097000+00:00,player_7ce6c5217c,player_9d8044bdb0,1.0,0.758222223764116,0.7801296039931584,1785.0681804797503,1586.5161281653006,1760.0,1540.0,0.785026736998172,0.5,validation,
789,RJtjRXa7,2025-09-18 18:27:28.097000+00:00,player_44e465dc84,player_f3cfab2553,0.0,0.4756941101112102,0.4327711556570478,1727.9255901947056,1744.8283751182225,1714.0,1761.0,0.42150324765525726,0.5,validation,
790,WvOucNUN,2025-09-18 18:27:28.097000+00:00,player_0c7ad288f9,player_dce8f2a81a,1.0,0.5473485180458647,0.5473485180458647,1420.0,1387.0,1420.0,1387.0,0.5473485180458647,0.5,validation,
791,bkl33YQl,2025-09-18 18:27:28.097000+00:00,player_6c4dd897f2,player_a3dd9c3447,1.0,0.42411801153559225,0.41589904118632204,1854.6506583332803,1907.7893699315516,1848.0,1907.0,0.4145013213281905,0.5,validation,
792,blZqTpIO,2025-09-18 18:27:28.097000+00:00,player_aa9d4464a3,player_668863653e,1.0,0.42565132115048226,0.5086338358210827,1897.2052662309613,1949.2539225137677,1875.0,1869.0,0.5301846800039021,0.5,validation,
793,cyVIWwOj,2025-09-18 18:27:28.097000+00:00,player_ca06dcd8b5,player_e5b27a77d8,0.0,0.7315850167588304,0.7512407935337106,1696.4640634996708,1522.2808445737933,1699.0,1507.0,0.7544540419421866,0.5,validation,
794,jL7f58QG,2025-09-18 18:27:28.097000+00:00,player_1f9c22288d,player_96ccb1c79e,1.0,0.7983782601716619,0.8519483458525737,1955.555944079534,1716.4874062458603,1964.0,1660.0,0.8631931113967899,0.5,validation,
795,ojKfHcUc,2025-09-18 18:27:28.097000+00:00,player_b5d3aca269,player_f28e8884ba,1.0,0.8736687485206939,0.8336624691834381,1887.0,1551.0655989294435,1887.0,1607.0,0.8221846111535023,0.5,validation,
796,zXN2Hfgp,2025-09-18 18:27:28.097000+00:00,player_1b8c48a601,player_0a44bdb54a,1.0,0.4065933902743533,0.39784190682528303,1793.492038242576,1859.1688642946597,1778.0,1850.0,0.3937121762145718,0.5,validation,
797,1hY1IZSO,2025-09-18 18:28:05.844000+00:00,player_84f7ebde81,player_ec0d3464f8,0.0,0.10892269877038122,0.09043446919256597,1622.5481877619338,1987.6669827877151,1593.0,1994.0,0.08671720584338255,0.5,validation,
798,2mIih5gr,2025-09-18 18:28:05.844000+00:00,player_cbf01c081b,player_fe15c1f5ed,0.0,0.3996248950698742,0.30265492141014677,1611.3436204229652,1682.0516765446225,1639.0,1784.0,0.2812431701012181,0.5,validation,
799,5iDctlhA,2025-09-18 18:28:05.844000+00:00,player_e130fe568b,player_b0bebdfa76,0.0,0.46694860611555894,0.46694860611555894,1731.0,1754.0,1731.0,1754.0,0.46694860611555894,0.5,validation,
800,EvMQcF9y,2025-09-18 18:28:05.844000+00:00,player_7e9ee1a068,player_03e45ffb64,0.0,0.2063817754926982,0.17697537107826786,1452.0,1685.9761151892237,1452.0,1719.0,0.17036717656865663,0.5,validation,
801,HrEFk5CX,2025-09-18 18:28:05.844000+00:00,player_a2a18e398c,player_ba9f7eaa62,1.0,0.49420780514866103,0.3652566649476832,1679.364388498972,1683.3893977741996,1652.0,1748.0,0.33130504369266833,0.5,validation,
802,Lwvoi4AW,2025-09-18 18:28:05.844000+00:00,player_4c9e8f1a44,player_4c945685aa,1.0,0.5316658350247466,0.49280491829094863,1798.339896912049,1776.306731862434,1817.0,1822.0,0.4827374755676238,0.5,validation,
803,NVfOertX,2025-09-18 18:28:05.844000+00:00,player_ac52ff0e61,player_8855d0e065,1.0,0.43418479693076684,0.43418479693076684,1530.0,1576.0,1530.0,1576.0,0.43418479693076684,0.5,validation,
804,OgomXO65,2025-09-18 18:28:05.844000+00:00,player_06cd8b8e81,player_cbde7fab8a,1.0,0.5287505638922686,0.5287505638922686,1725.0,1705.0,1725.0,1705.0,0.5287505638922686,0.5,validation,
805,Ps8ouVcm,2025-09-18 18:28:05.844000+00:00,player_278e5a49c4,player_90ff108b74,1.0,0.9700721263680548,0.9743714204068619,2092.1268895614835,1487.8356237554171,2078.0,1446.0,0.9752199278151396,0.5,validation,
806,QEhQxpWw,2025-09-18 18:28:05.844000+00:00,player_a3b34a6523,player_e3586cfa40,0.0,0.581301478368915,0.581301478368915,1634.0,1577.0,1634.0,1577.0,0.581301478368915,0.5,validation,
807,QTjiXTZm,2025-09-18 18:28:05.844000+00:00,player_ae5764b808,player_c343e7f336,1.0,0.7385914683696195,0.7458232083504994,1919.8655577675038,1739.43174612647,1887.0,1700.0,0.7469129214289432,0.5,validation,
808,XwpEWgdZ,2025-09-18 18:28:05.844000+00:00,player_7e1d5365e3,player_9c2776cd18,1.0,0.9405986296894118,0.9455871395661248,1625.2043815912,1145.361230384735,1598.0,1102.0,0.9484741124025332,0.5,validation,
809,ZoHOVtV8,2025-09-18 18:28:05.844000+00:00,player_4a673ee2af,player_d62b36fee2,1.0,0.4777675708068632,0.45979177167625435,1579.1148414610886,1594.5737089774989,1549.0,1577.0,0.45836229728523653,0.5,validation,
810,Zq4VmNlS,2025-09-18 18:28:05.844000+00:00,player_21ddbbfc50,player_df66ee2aa5,0.0,0.6358554736194709,0.6117705007810643,1660.6563795770348,1563.8225284161076,1633.0,1554.0,0.6571186864870786,0.5,validation,
811,gMduH7Li,2025-09-18 18:28:05.844000+00:00,player_95a4f7be7c,player_d6f3dd21c4,1.0,0.618364268068411,0.6293885472175023,2064.0649017646047,1980.2267594116752,2041.0,1949.0,0.6320700121000735,0.5,validation,
812,htCsvcSD,2025-09-18 18:28:05.844000+00:00,player_0a0277f7f7,player_a7a52e0b30,0.0,0.47986327796418354,0.47986327796418354,1513.0,1527.0,1513.0,1527.0,0.47986327796418354,0.5,validation,
813,nClzrITQ,2025-09-18 18:28:05.844000+00:00,player_11f890c0d7,player_e0845dc792,1.0,0.1530954375837417,0.25967158048516964,1544.565889374785,1841.7147789998862,1625.0,1807.0,0.29064536940123664,0.5,validation,
814,rrjTr3gY,2025-09-18 18:28:05.844000+00:00,player_b68be402f1,player_2b10095fc7,1.0,0.4887918839567335,0.5186997779295586,1308.4235754367396,1316.2130770407684,1306.0,1293.0,0.525880930891169,0.5,validation,
815,s07ZJkfz,2025-09-18 18:28:05.844000+00:00,player_a0515efc94,player_eaa0f84f04,0.0,0.0011592253718578057,0.0011402616237914606,914.8686460564963,2089.0,912.0,2089.0,0.0009706848070863695,0.5,validation,
816,w5Mempmy,2025-09-18 18:28:05.844000+00:00,player_2c45fe6445,player_d6a80e3dda,1.0,0.7233878694391705,0.7233878694391705,1922.0,1755.0,1922.0,1755.0,0.7233878694391705,0.5,validation,
817,yoljTMvf,2025-09-18 18:28:05.844000+00:00,player_b2806ec8b0,player_b05e8aa358,1.0,0.7388754583671749,0.7711142606875975,1595.1379620366924,1414.4485415853042,1616.0,1405.0,0.7801296039931584,0.5,validation,
818,1PRythkZ,2025-09-18 18:28:45.647000+00:00,player_4039bd1e01,player_abefce10be,1.0,0.6850059048745111,0.6800706757372215,1925.9165045295792,1790.9597434826983,1953.0,1822.0,0.7291099628977525,0.5,validation,
819,2dwUkPGK,2025-09-18 18:28:45.647000+00:00,player_a23797bd22,player_331e2a5c57,1.0,0.4555054269169921,0.4555054269169921,1587.0,1618.0,1587.0,1618.0,0.4555054269169921,0.5,validation,
820,A3bML4P2,2025-09-18 18:28:45.647000+00:00,player_15e747c062,player_b99e1146b7,1.0,0.3305259338671992,0.34029200585525193,1835.0471086692362,1957.6583955326157,1800.0,1915.0,0.34678283278113026,0.5,validation,
821,ABNRe8ef,2025-09-18 18:28:45.647000+00:00,player_e105f0669e,player_486e8abbbb,0.0,0.40760623002412755,0.4712494361077314,1469.4788057043702,1534.4266733872803,1543.0,1563.0,0.48561281583400134,0.5,validation,
822,BGBXqSE6,2025-09-18 18:28:45.647000+00:00,player_2b7bd85604,player_a3103c6ebe,1.0,0.08818389166907238,0.06718834790965547,1586.3743864542691,1992.181586206088,1517.0,1974.0,0.06298627871190775,0.5,validation,
823,CaahmkD2,2025-09-18 18:28:45.647000+00:00,player_fe238bcb8d,player_7e9ee1a068,1.0,0.830814627953065,0.8835282880564392,1715.2480958486155,1438.7915663684673,1802.0,1450.0,0.8937746801781464,0.5,validation,
824,D2I4r02D,2025-09-18 18:28:45.647000+00:00,player_ac3dd9df8d,player_25b40c3ac1,1.0,0.9452841944540022,0.953818732599141,2141.8750380055003,1646.895198436328,2148.0,1622.0,0.9555615730980401,0.5,validation,
825,HlRhtTkH,2025-09-18 18:28:45.647000+00:00,player_23e885ddcd,player_1f4011309e,1.0,0.9899268596245904,0.9911662217501868,2352.3104758037753,1555.3351870262552,2352.0,1532.0,0.9914635606872954,0.5,validation,
826,KFIGpCgW,2025-09-18 18:28:45.647000+00:00,player_4186e38648,player_9f7b19bc35,1.0,0.5644004902404213,0.5644004902404213,1763.0,1718.0,1763.0,1718.0,0.5644004902404213,0.5,validation,
827,LMdFsnpZ,2025-09-18 18:28:45.647000+00:00,player_a78c9b1940,player_acc164288c,1.0,0.6056459636648329,0.6212967231224545,1559.9280215373303,1485.39500678394,1531.0,1445.0,0.6240017586176672,0.5,validation,
828,OhBpY7Pr,2025-09-18 18:28:45.647000+00:00,player_03e45ffb64,player_98459f9e7a,0.0,0.8038391066321948,0.8320598405303332,1699.1845488207564,1454.1618688256858,1722.0,1444.0,0.8376154583713974,0.5,validation,
829,R2EXFK4J,2025-09-18 18:28:45.647000+00:00,player_0df1235cb9,player_82926c7aed,0.0,0.2751287860103151,0.287097842594546,1646.9447835133728,1815.2347121400596,1615.0,1773.0,0.2918336117187994,0.5,validation,
830,VxeTau62,2025-09-18 18:28:45.647000+00:00,player_1a8443ce42,player_928c2e13f3,1.0,0.899496937054629,0.9022073203450998,2205.247564552179,1824.5194080491729,2178.0,1792.0,0.9022073203450998,0.5,validation,
831,WYVhJ44l,2025-09-18 18:28:45.647000+00:00,player_69ac4df0ad,player_0c1124af83,0.0,0.13146647526090505,0.11067748628905313,1273.0,1600.9886269191236,1273.0,1635.0,0.10622531982185358,0.5,validation,
832,X0lJ492G,2025-09-18 18:28:45.647000+00:00,player_5725ffd783,player_aa9409cef8,0.0,0.36392310031211805,0.36392310031211805,1771.0,1868.0,1771.0,1868.0,0.36392310031211805,0.5,validation,
833,YG9DXr8W,2025-09-18 18:28:45.647000+00:00,player_3b87eb035d,player_6128bf3766,0.0,0.23588045400144741,0.1655408182910169,1609.86668059488,1814.054422186385,1517.0,1798.0,0.15246127600415,0.5,validation,
834,YpCFvKtE,2025-09-18 18:28:45.647000+00:00,player_4b42985db1,player_c20bd02e39,1.0,0.9174234412837833,0.9313540665199443,1877.2852210001138,1459.0,1912.0,1459.0,0.9342404734144619,0.5,validation,
835,c9hqDBAA,2025-09-18 18:28:45.647000+00:00,player_bb9295ada1,player_7b52c2713d,1.0,0.9849308311742266,0.9829188284532066,2153.0,1426.8734264583504,2153.0,1449.0,0.9825279085051666,0.5,validation,
836,cMU23XGE,2025-09-18 18:28:45.647000+00:00,player_be43eea7a1,player_ed328a1907,1.0,0.4469531048305375,0.4469531048305375,1673.0,1710.0,1673.0,1710.0,0.4469531048305375,0.5,validation,
837,gvmHz3YD,2025-09-18 18:28:45.647000+00:00,player_7694302c58,player_9a46ffbbd8,1.0,0.2802948454652343,0.29902260138989206,1862.484515715941,2026.3003164463087,1910.0,2058.0,0.30265492141014677,0.5,validation,
838,h5miHmz2,2025-09-18 18:28:45.647000+00:00,player_13482fff35,player_05bddac032,0.0,0.03170852092115921,0.030997377503811954,1550.586751008917,2144.518801305967,1546.0,2144.0,0.030824939304314358,0.5,validation,
839,i1os9yDG,2025-09-18 18:28:45.647000+00:00,player_26492a39ee,player_d2dd4f9e13,1.0,0.7917488375081845,0.7917488375081845,2101.0,1869.0,2101.0,1869.0,0.7917488375081845,0.5,validation,
840,kppUcgsN,2025-09-18 18:28:45.647000+00:00,player_4c9173cbff,player_257b0330b9,0.0,0.10862830029628386,0.08717418825458685,1336.0489459039504,1701.6952888199153,1341.0,1749.0,0.08270102779001329,0.5,validation,
841,mHhQ8306,2025-09-18 18:28:45.647000+00:00,player_d9a91f076b,player_e0cd2caec3,1.0,0.5851829746771295,0.5558909611168531,1889.9690078835922,1830.194964104355,1809.0,1770.0,0.554469374021676,0.5,validation,
842,o1ZYL38O,2025-09-18 18:28:45.647000+00:00,player_87657c2458,player_a3cb35c7d1,0.0,0.4983508282006776,0.4469531048305375,1762.5585098179183,1763.7044759130622,1746.0,1783.0,0.41171002813683716,0.5,validation,
843,wctBsV7s,2025-09-18 18:28:45.647000+00:00,player_c2c41d6ebe,player_eb7a60a326,1.0,0.408146234505868,0.3546475495606176,2003.3230079587036,2067.8824563213466,1967.0,2071.0,0.344179494087605,0.5,validation,
844,ycC1aeYC,2025-09-18 18:28:45.647000+00:00,player_005a944af2,player_a7ac2ec840,0.0,0.5034956326908693,0.33642590195870453,1749.1937215491316,1746.7646675915698,1690.0,1808.0,0.30144137358197703,0.5,validation,
845,0IBBzZU3,2025-09-18 18:29:25.374000+00:00,player_93fabe0f6f,player_1e5a755272,0.0,0.11224174765436068,0.09728596573147821,1571.661207868482,1930.9173270029974,1546.0,1933.0,0.09478739597319612,0.5,validation,
846,8tGMA7oC,2025-09-18 18:29:25.374000+00:00,player_668863653e,player_10365fd30d,1.0,0.30687529189782814,0.2607797458593321,1912.4956070673986,2054.035390280221,1863.0,2044.0,0.24768500639431762,0.5,validation,
847,AlRIPvdP,2025-09-18 18:29:25.374000+00:00,player_de9a5b9e52,player_abbe762f0d,1.0,0.5032423290041808,0.5686413918836677,1603.0302166893507,1600.7771841563488,1606.0,1558.0,0.584100958813678,0.5,validation,
848,AvPT58wh,2025-09-18 18:29:25.374000+00:00,player_7edad124da,player_7f9e1dc20d,1.0,0.5744047539140847,0.5615679389736461,1836.563249383993,1784.4747464451398,1827.0,1784.0,0.5573116337622928,0.5,validation,
849,Lr69CUex,2025-09-18 18:29:25.374000+00:00,player_37a20655c3,player_e588ce01f0,1.0,0.8695984032011199,0.9164213770695134,2096.469193579026,1766.8548639239882,2104.0,1688.0,0.9256237164516561,0.5,validation,
850,QvUXPAjD,2025-09-18 18:29:25.374000+00:00,player_48356c6253,player_efb8e8d830,0.0,0.13797461847091785,0.11011215781886716,1470.5733266127197,1788.8616672463854,1442.0,1805.0,0.10513721035591964,0.5,validation,
851,R8i5ej34,2025-09-18 18:29:25.374000+00:00,player_4827c329e7,player_9c81360111,0.0,0.015843777120652366,0.017081171546793474,1291.7178726110114,2009.0,1305.0,2009.0,0.017472091494833444,0.5,validation,
852,VAxyUROo,2025-09-18 18:29:25.374000+00:00,player_56487e0825,player_ad0e8c47f8,1.0,0.20251302312473937,0.17950479271357694,1129.8366459846793,1367.9449031002725,1116.0,1380.0,0.1736464460559682,0.5,validation,
853,j3sjtEC0,2025-09-18 18:29:25.374000+00:00,player_d8064a3fec,player_fbc6c3aa67,1.0,0.7451680732164339,0.7680520031675839,1935.4215054709816,1749.0213449494727,1934.0,1726.0,0.7711142606875975,0.5,validation,
854,jiK1PLxQ,2025-09-18 18:29:25.374000+00:00,player_b05e8aa358,player_d25057ff63,0.0,0.44338267358978284,0.44553062597832394,1397.7365709208034,1437.2477721612934,1402.0,1440.0,0.44126863067523897,0.5,validation,
855,szNSc6MQ,2025-09-18 18:29:25.374000+00:00,player_f5a9fa68bd,player_dcd177f64f,0.0,0.7600223940329763,0.7741479777018306,1831.210034798477,1630.947765808905,1860.0,1646.0,0.777153105314726,0.5,validation,
856,tG9mpWD8,2025-09-18 18:29:25.374000+00:00,player_b078c0ad01,player_f7fd229828,0.5,0.8332015679434488,0.8590630023766738,1851.9427437951258,1572.5194979185744,1885.0,1571.0,0.8638714763418578,0.5,validation,
857,xdjgQjoc,2025-09-18 18:29:25.374000+00:00,player_ac929d51ac,player_b2806ec8b0,0.0,0.7981388144498789,0.7907981027972382,1850.6601775039126,1611.8499327011932,1849.0,1618.0,0.7879267680774021,0.5,validation,
858,xfOyqe4G,2025-09-18 18:29:25.374000+00:00,player_b9e7961f48,player_2c115abdde,0.0,0.033871709850799146,0.030997377503811954,1756.919417661049,2338.998489191569,1726.0,2324.0,0.02964362186895855,0.5,validation,
859,Phr8EPnq,2025-09-18 18:29:25.375000+00:00,player_91365b7015,player_a9782392d1,1.0,0.5086338358210827,0.5086338358210827,1469.0,1463.0,1469.0,1463.0,0.5086338358210827,0.5,validation,
860,cFFQQbZ0,2025-09-18 18:29:25.375000+00:00,player_8a166b3122,player_bbe73bc840,0.0,0.5430664920222119,0.5430664920222119,1739.0,1709.0,1739.0,1709.0,0.5430664920222119,0.5,validation,
861,oh30jyPk,2025-09-18 18:29:25.375000+00:00,player_62b9ce5dd0,player_49fe3c4cd4,1.0,0.893025216904862,0.9022073203450998,1860.6329231733198,1492.0,1878.0,1492.0,0.904220144369614,0.5,validation,
862,wYqUjvIG,2025-09-18 18:29:25.375000+00:00,player_d999230d73,player_d3ab849fc2,0.0,0.8530910281954273,0.8533946221118819,1637.8756805610456,1332.2968584004682,1647.0,1341.0,0.8541133619456244,0.5,validation,
863,yjYtHxd2,2025-09-18 18:29:25.375000+00:00,player_06d06b03f6,player_72353f316c,1.0,0.46694860611555894,0.46694860611555894,1918.0,1941.0,1918.0,1941.0,0.46694860611555894,0.5,validation,
864,zsV8sSdV,2025-09-18 18:29:25.375000+00:00,player_5459970f73,player_54f56d1fc6,0.0,0.4341040668392854,0.4741190691088309,1600.0564973082176,1646.1135846629045,1649.0,1667.0,0.47986327796418354,0.5,validation,
865,zubiz7zU,2025-09-18 18:29:25.375000+00:00,player_b693603edf,player_e88198d0d4,1.0,0.554469374021676,0.554469374021676,1802.0,1764.0,1802.0,1764.0,0.554469374021676,0.5,validation,
866,0Tb689hc,2025-09-18 18:30:04.916000+00:00,player_3c5af6fc71,player_e5ce0ac3ce,0.0,0.016625741550986835,0.01551349912523537,1500.3629105932512,2209.1380348408184,1488.0,2209.0,0.015338641429021428,0.5,validation,
867,2AWsCluc,2025-09-18 18:30:04.916000+00:00,player_2ee848a5c6,player_640850f8c9,1.0,0.6527514925417737,0.667418421873223,1859.579056217486,1749.9360618990534,1868.0,1747.0,0.6712405808158318,0.5,validation,
868,7oeBYskZ,2025-09-18 18:30:04.916000+00:00,player_df147156b7,player_c13dd34172,1.0,0.2903165571291266,0.3507050528890364,1935.3810340426446,2090.65818132706,1908.0,2015.0,0.3679299878999264,0.5,validation,
869,96OwbRvM,2025-09-18 18:30:04.916000+00:00,player_702cea49a9,player_5713353109,0.0,0.02810351852125208,0.034075571596872786,1384.57795062625,2000.1216760248526,1390.0,1971.0,0.03683010032338034,0.5,validation,
870,AaR6Dc7n,2025-09-18 18:30:04.916000+00:00,player_9fc4f366ab,player_25cbe16412,1.0,0.6477354939315235,0.6519120398746636,1755.8864153370955,1650.0748915168404,1734.0,1625.0,0.6519120398746636,0.5,validation,
871,FgFMdUUJ,2025-09-18 18:30:04.916000+00:00,player_aa9d4464a3,player_49679ad487,0.0,0.1109750707218397,0.05967313362891353,1933.9635816773305,2295.4389851944484,1881.0,2360.0,0.04851775409661937,0.5,validation,
872,K4ne7muf,2025-09-18 18:30:04.916000+00:00,player_1c4b081d9a,player_632a206732,1.0,0.9430044828262468,0.9657344487151751,1954.8435065304898,1467.3742831284515,1974.0,1394.0,0.9695171549812919,0.5,validation,
873,MdrUizHs,2025-09-18 18:30:04.916000+00:00,player_d220abe47e,player_1f9c22288d,0.0,0.20057655054355264,0.163956574457953,1728.2610453957602,1968.4597354285474,1683.0,1966.0,0.15546047176996494,0.5,validation,
874,NbR5xikS,2025-09-18 18:30:04.916000+00:00,player_c5b91a311c,player_2664d94925,0.0,0.17162104194545863,0.1562177520757074,1620.7077520907535,1894.1711618358436,1583.0,1876.0,0.15697803558596385,0.5,validation,
875,TtXhlZFB,2025-09-18 18:30:04.916000+00:00,player_6e9e0ae007,player_c7c60e733a,1.0,0.8436169109567874,0.8711477984045555,1929.1666853728298,1636.3844896106853,1922.0,1590.0,0.8768522650807969,0.5,validation,
876,WXvKKU5Y,2025-09-18 18:30:04.916000+00:00,player_96ccb1c79e,player_4d0a03a3f3,0.0,0.14753396374680341,0.1458866380543756,1703.5836148968467,2008.2976446306752,1658.0,1965.0,0.14445792510730254,0.5,validation,
877,Wpp8Ql6J,2025-09-18 18:30:04.916000+00:00,player_3bfa18f85a,player_55c792da1b,0.0,0.48561281583400134,0.48561281583400134,2047.0,2057.0,2047.0,2057.0,0.48561281583400134,0.5,validation,
878,f6U30PCN,2025-09-18 18:30:04.916000+00:00,player_d44538ba1e,player_39aa036cb7,1.0,0.8836433540579746,0.8943199698511277,1494.9548698659032,1142.7605412585717,1504.0,1133.0,0.8964765078981858,0.5,validation,
879,ki1d3RxK,2025-09-18 18:30:04.916000+00:00,player_d39c4ff769,player_74daf94754,1.0,0.507000306698345,0.5938553852361779,1745.700975272193,1740.8363460921319,1776.0,1710.0,0.48705085510713625,0.5,validation,
880,qawGYnAK,2025-09-18 18:30:04.916000+00:00,player_0063f66597,player_ffec7320b5,0.0,0.16333352533295473,0.1334433562104599,1306.060647195782,1589.8514597052315,1261.0,1586.0,0.13817215242008227,0.5,validation,
881,taklyQhA,2025-09-18 18:30:04.916000+00:00,player_bc4e045a39,player_38ca9183e1,0.5,0.6228104996032219,0.7093546305987634,2112.1525770414546,2025.0340448631587,2082.0,1927.0,0.7117225243427553,0.5,validation,
882,y9qNxiug,2025-09-18 18:30:04.916000+00:00,player_c8dd4feac5,player_2a2129d64b,0.0,0.6393078820321028,0.5686413918836677,1691.8334803170942,1592.404117559357,1701.0,1653.0,0.5516235473109605,0.5,validation,
883,3OiItIv7,2025-09-18 18:30:04.917000+00:00,player_2c01509854,player_5c408366ce,0.0,0.6421036017288274,0.6453524504393825,1610.2758082991465,1508.7366970379387,1639.0,1535.0,0.6466688423256146,0.5,validation,
884,6IrU6Cc2,2025-09-18 18:30:04.917000+00:00,player_e643340d13,player_0031106957,1.0,0.5129491448928637,0.5129491448928637,1697.0,1688.0,1697.0,1688.0,0.5129491448928637,0.5,validation,
885,IkGMrKqX,2025-09-18 18:30:04.917000+00:00,player_7462a888ca,player_6fffeaa105,0.0,0.18016593528207336,0.1655408182910169,1608.0,1871.221311625264,1608.0,1889.0,0.16238454162860258,0.5,validation,
886,L8Tyqb4d,2025-09-18 18:30:04.917000+00:00,player_04bb5f271e,player_2b7c501ae4,0.0,0.5344839447268315,0.5344839447268315,1909.0,1885.0,1909.0,1885.0,0.5344839447268315,0.5,validation,
887,Zk6ZcTAd,2025-09-18 18:30:04.917000+00:00,player_ac9aa3c4ad,player_80dc495080,1.0,0.5686413918836677,0.5686413918836677,1988.0,1940.0,1988.0,1940.0,0.5686413918836677,0.5,validation,
888,okWjUMYT,2025-09-18 18:30:04.917000+00:00,player_21447cc334,player_4ec4dc8f6d,0.0,0.6609990912463583,0.6609990912463583,1377.0,1261.0,1377.0,1261.0,0.6609990912463583,0.5,validation,
889,roca7eHL,2025-09-18 18:30:04.917000+00:00,player_832b39d54d,player_a71ab86adb,0.0,0.469815319996098,0.469815319996098,1477.0,1498.0,1477.0,1498.0,0.469815319996098,0.5,validation,
890,tmjoxnED,2025-09-18 18:30:04.917000+00:00,player_92018183e0,player_afb28e8c38,0.0,0.6400649998028851,0.6400649998028851,1810.0,1710.0,1810.0,1710.0,0.6400649998028851,0.5,validation,
891,2mZGQJom,2025-09-18 18:30:42.687000+00:00,player_4b16968a9e,player_cc469b21f1,0.0,0.012030644413152432,0.011546654621972467,1411.2181666446268,2177.0,1404.0,2177.0,0.01141599005041841,0.5,validation,
892,5V9khAJW,2025-09-18 18:30:42.687000+00:00,player_435e174d21,player_95f21b86f5,0.0,0.3648829313215535,0.35333115767438533,1485.516610862803,1581.7967053843895,1508.0,1613.0,0.3520169867496943,0.5,validation,
893,6jeiJv2K,2025-09-18 18:30:42.687000+00:00,player_2656944e3c,player_7ac78dcfca,0.0,0.40121166317718515,0.40060320329074317,1911.6396074956915,1981.1995207591451,1893.0,1963.0,0.39784190682528303,0.5,validation,
894,DoPBWvOO,2025-09-18 18:30:42.687000+00:00,player_4a673ee2af,player_030fe27be7,0.0,0.2902715540207481,0.2720284864558038,1612.5377169294493,1767.8528105831922,1555.0,1726.0,0.25526959313496533,0.5,validation,
895,JM3h4AQN,2025-09-18 18:30:42.687000+00:00,player_7f5ab1205b,player_c115812a60,1.0,0.9519837953116967,0.963978055919827,1905.5413271788132,1386.644636603356,1931.0,1360.0,0.9661133917396642,0.5,validation,
896,LSUuVvsd,2025-09-18 18:30:42.687000+00:00,player_2d67ac710b,player_5e16dcc262,0.0,0.3507050528890364,0.3507050528890364,1789.0,1896.0,1789.0,1896.0,0.3507050528890364,0.5,validation,
897,NYhLXnqF,2025-09-18 18:30:42.687000+00:00,player_0dcdf8d9ae,player_f7ec6e6f48,0.0,0.6884980223353072,0.7093546305987634,2199.1267146716846,2061.349959128197,2182.0,2027.0,0.6936879164219654,0.5,validation,
898,OtGNHt8w,2025-09-18 18:30:42.687000+00:00,player_d1201a2601,player_02fcecb30b,0.0,0.3612622508882752,0.35993500019711494,1833.5280845650043,1932.5280845650043,1811.0,1911.0,0.3612622508882752,0.5,validation,
899,Wm0ue5Cg,2025-09-18 18:30:42.687000+00:00,player_d6a4bed269,player_c0e640ee06,1.0,0.6571186864870786,0.6571186864870786,2029.0,1916.0,2029.0,1916.0,0.6571186864870786,0.5,validation,
900,WpG7BfLI,2025-09-18 18:30:42.687000+00:00,player_80e7015e8d,player_ff0bf1f885,1.0,0.6638222887749663,0.7781484542191325,1673.7609458403174,1555.5677801259833,1781.0,1563.0,0.8010809398289457,0.5,validation,
901,XTOipgHC,2025-09-18 18:30:42.687000+00:00,player_8a7f244524,player_5a96470b35,1.0,0.6559834860436144,0.5644004902404213,2035.3598014940178,1923.2343551912934,1916.0,1871.0,0.5416377027147634,0.5,validation,
902,Yv0vkza8,2025-09-18 18:30:42.687000+00:00,player_1931b19050,player_b50b13c09a,0.0,0.23087839369561972,0.1761384714944276,1690.1112127671674,1899.1559006030693,1653.0,1921.0,0.16316903399710528,0.5,validation,
903,bjuJ6wUj,2025-09-18 18:30:42.687000+00:00,player_315ca9289e,player_ec49a3e3e3,0.0,0.672509643334985,0.672509643334985,1595.0,1470.0,1595.0,1470.0,0.672509643334985,0.5,validation,
904,hkJ7irwX,2025-09-18 18:30:42.687000+00:00,player_b7120baa1d,player_d08187f31f,0.0,0.29694942957578396,0.21888459727003834,1328.355363396644,1478.0769912312055,1355.0,1576.0,0.2054180849637705,0.5,validation,
905,kiFxoHOC,2025-09-18 18:30:42.687000+00:00,player_fb9f3bd030,player_5031f25c6c,1.0,0.5316182978281073,0.5316182978281073,997.0,975.0,997.0,975.0,0.5316182978281073,0.5,validation,
906,mkGB75eS,2025-09-18 18:30:42.687000+00:00,player_fb1994764a,player_2342614350,0.0,0.020665460000240252,0.017871795372261766,1579.5525654925493,2249.82696348947,1553.0,2249.0,0.017275545250193657,0.5,validation,
907,nUUBcZkU,2025-09-18 18:30:42.687000+00:00,player_6a3f628a42,player_505ad86eff,0.0,0.49724238165256934,0.6090326034042396,2021.4508679071716,2023.3670768266802,2084.0,2007.0,0.6347433350523167,0.5,validation,
908,ncXa585M,2025-09-18 18:30:42.687000+00:00,player_21485bca27,player_7501e7c617,0.0,0.8537341712912039,0.8685409999758518,1720.4719154349957,1414.0,1742.0,1414.0,0.871792578033144,0.5,validation,
909,pFLDZzNm,2025-09-18 18:30:42.687000+00:00,player_366327a96d,player_fe15c1f5ed,0.0,0.3095378136158729,0.25746444105693017,1568.2571944437466,1707.6276698290944,1604.0,1788.0,0.24448111792880314,0.5,validation,
910,pIUMn5f7,2025-09-18 18:30:42.687000+00:00,player_f1b643f60c,player_6e54aad305,1.0,0.05905537023101535,0.060649558509397815,1183.5255659394281,1664.4474345074507,1162.0,1638.0,0.050966136075934296,0.5,validation,
911,sYb9PXZD,2025-09-18 18:30:42.687000+00:00,player_07a7cd4f02,player_1717e4f9fd,0.0,0.15279515476396321,0.15850763307675816,1714.9288356780219,2012.4803749509595,1707.0,1997.0,0.16004930536524656,0.5,validation,
912,x2g8UwWR,2025-09-18 18:30:42.687000+00:00,player_ca0d4971ee,player_fe07396c8e,0.0,0.5495520086669587,0.5742802036545245,1907.2830124799982,1872.7373544918207,1862.0,1810.0,0.5827018849642301,0.5,validation,
913,yfr9KZnl,2025-09-18 18:30:42.687000+00:00,player_8f708d27ce,player_7df46c050b,0.0,0.6501952754951458,0.6825703854747719,1830.433889645931,1722.7466341868706,1771.0,1638.0,0.691236152414763,0.5,validation,
914,1QIbOWHj,2025-09-18 18:31:22.348000+00:00,player_06d06b03f6,player_2c45fe6445,0.0,0.517854871029685,0.4971218004251891,1952.1152892086043,1939.703176355893,1924.0,1926.0,0.49424379158885506,0.5,validation,
915,1s9U9cc4,2025-09-18 18:31:22.348000+00:00,player_72353f316c,player_8f3a2645e4,0.0,0.9421995630527251,0.944691725284387,1906.8847107913957,1422.0,1915.0,1422.0,0.9520109719849302,0.5,validation,
916,3Ks49BEe,2025-09-18 18:31:22.348000+00:00,player_90b1013359,player_4fb35a570a,1.0,0.47842666694885455,0.47842666694885455,1815.0,1830.0,1815.0,1830.0,0.47842666694885455,0.5,validation,
917,3iRpEvMV,2025-09-18 18:31:22.348000+00:00,player_9d716f9924,player_40d7c3551f,1.0,0.8745736870405263,0.8555420748926974,2032.296823644107,1694.9337233047306,1995.0,1686.0,0.8497568518427462,0.5,validation,
918,3pJFzExe,2025-09-18 18:31:22.348000+00:00,player_0e74bde4ce,player_7c2d2c355b,0.5,0.09505671212903709,0.07517277876028843,1502.1216313753869,1893.5770611864134,1472.0,1908.0,0.07126736574414949,0.5,validation,
919,4VvktJh9,2025-09-18 18:31:22.348000+00:00,player_26faf633c9,player_1c4b081d9a,1.0,0.4153683274627732,0.3300309860965169,1899.1116348793382,1958.49121962961,1852.0,1975.0,0.3124617517876582,0.5,validation,
920,5CzfCdRl,2025-09-18 18:31:22.348000+00:00,player_144551c26a,player_848c3a6b44,0.0,0.08036563344363618,0.0708872941587333,1375.0,1798.4179280903516,1375.0,1822.0,0.06901488036818262,0.5,validation,
921,5j6htzVS,2025-09-18 18:31:22.348000+00:00,player_1098dbe6da,player_92306bfce4,1.0,0.6240017586176672,0.6240017586176672,1744.0,1656.0,1744.0,1656.0,0.6240017586176672,0.5,validation,
922,6oRD1uOS,2025-09-18 18:31:22.348000+00:00,player_b6fe7490c2,player_841bcd8983,1.0,0.654474935747142,0.7458232083504994,2072.215026437728,1961.249641341641,2084.0,1897.0,0.7639246991448386,0.5,validation,
923,9VgQI2JH,2025-09-18 18:31:22.348000+00:00,player_278e5a49c4,player_1e826fa561,0.0,0.26065729125743453,0.22787132653141615,2094.042273473928,2275.152640086274,2078.0,2290.0,0.22384542465816928,0.5,validation,
924,A6GDXS6q,2025-09-18 18:31:22.348000+00:00,player_25cbe16412,player_5c408366ce,1.0,0.6099897897683595,0.6117705007810643,1627.529963128458,1549.8313275485837,1621.0,1542.0,0.6131368201531431,0.5,validation,
925,BXYCeHB7,2025-09-18 18:31:22.348000+00:00,player_38794755ff,player_cfde590949,0.0,0.3583496733822861,0.35993500019711494,1726.4474345074507,1827.643997188242,1718.0,1818.0,0.33258157812677697,0.5,validation,
926,CAGIuVSP,2025-09-18 18:31:22.348000+00:00,player_e6f9b441e6,player_b036680e1f,1.0,0.47432647745867956,0.5071950817090514,1639.6970716549774,1657.5525654925493,1689.0,1684.0,0.5172625244323762,0.5,validation,
927,EmsZXJpp,2025-09-18 18:31:22.348000+00:00,player_cca7cea916,player_5ae91b6d4e,1.0,0.5154796215262465,0.6145013610085578,1873.089777824204,1862.3299965483548,1908.0,1827.0,0.6360768996878818,0.5,validation,
928,F6J6RV5h,2025-09-18 18:31:22.348000+00:00,player_80f144fa4f,player_fe238bcb8d,0.0,0.8959002778323057,0.8460451004320948,2100.0,1726.0759596596195,2100.0,1804.0,0.8320598405303332,0.5,validation,
929,I8YVOSvt,2025-09-18 18:31:22.348000+00:00,player_90ff108b74,player_4039bd1e01,0.0,0.06605867743488271,0.04798902801506977,1485.9202398429727,1946.0761266176105,1446.0,1965.0,0.03724069065642851,0.5,validation,
930,IbcvUjBM,2025-09-18 18:31:22.348000+00:00,player_80d88cf3a0,player_9e0f60d0e1,0.0,0.4089244036850566,0.4089244036850566,1581.0,1645.0,1581.0,1645.0,0.4089244036850566,0.5,validation,
931,LqXwqb6o,2025-09-18 18:31:22.348000+00:00,player_dad7fc297e,player_7e9ee1a068,1.0,0.8399075040260519,0.8445395282300351,1715.9078968506142,1427.9637025574634,1742.0,1448.0,0.8460451004320948,0.5,validation,
932,OUflmZbK,2025-09-18 18:31:22.348000+00:00,player_e00ac6b07f,player_9f7b19bc35,1.0,0.5724414117145343,0.577092475825329,1740.8157952272122,1690.1216313753869,1767.0,1713.0,0.5784967523447427,0.5,validation,
933,OV9O8C0L,2025-09-18 18:31:22.348000+00:00,player_19c14d418c,player_7301a7fae2,1.0,0.4913661641789174,0.4913661641789174,1523.0,1529.0,1523.0,1529.0,0.4913661641789174,0.5,validation,
934,P7qo69hm,2025-09-18 18:31:22.348000+00:00,player_24c88d3b7f,player_b05e8aa358,1.0,0.9053288453191828,0.9057053735432374,1761.5955533391123,1369.3600798110572,1790.0,1397.0,0.9066840316615196,0.5,validation,
935,Q1XcSQyd,2025-09-18 18:31:22.348000+00:00,player_521c94bba5,player_88e5dd9bf7,1.0,0.718756829898782,0.718756829898782,2002.0,1839.0,2002.0,1839.0,0.718756829898782,0.5,validation,
936,Q7s8vuWC,2025-09-18 18:31:22.348000+00:00,player_3efa1a4bf5,player_c2e473fec3,1.0,0.5644004902404213,0.5644004902404213,1321.0,1276.0,1321.0,1276.0,0.5644004902404213,0.5,validation,
937,ZrUiT8YO,2025-09-18 18:31:22.348000+00:00,player_d6a80e3dda,player_68a26254e6,1.0,0.7534786623634973,0.7565805942950526,1737.296823644107,1543.2102466263932,1752.0,1555.0,0.7565805942950526,0.5,validation,
938,cE7s4cJT,2025-09-18 18:31:22.348000+00:00,player_5c6ad52019,player_f0ad8d7782,0.0,0.4985608882908471,0.4985608882908471,1344.0,1345.0,1344.0,1345.0,0.4985608882908471,0.5,validation,
939,hG4ETlmT,2025-09-18 18:31:22.348000+00:00,player_108ffeb6a3,player_60763798b1,1.0,0.4569335079777882,0.4569335079777882,1781.0,1811.0,1781.0,1811.0,0.4569335079777882,0.5,validation,
940,hjMi289J,2025-09-18 18:31:22.348000+00:00,player_96762f0425,player_c4e2ba07e4,0.0,0.5086338358210827,0.5086338358210827,1759.0,1753.0,1759.0,1753.0,0.5086338358210827,0.5,validation,
941,nau9jfrc,2025-09-18 18:31:22.348000+00:00,player_d539a5e529,player_333b727a80,1.0,0.1855826988883401,0.16238454162860258,1468.2652014851626,1725.189003390691,1445.0,1730.0,0.15850763307675816,0.5,validation,
942,nec2bjmP,2025-09-18 18:31:22.348000+00:00,player_4d6de79939,player_9b674ea365,1.0,0.7142884843303372,0.7129021574054539,1892.8338496372328,1733.6554882519747,1897.0,1739.0,0.7129021574054539,0.5,validation,
943,oM4fhysh,2025-09-18 18:31:22.348000+00:00,player_3b5f9d8c7e,player_c80c77dc7d,1.0,0.502878199574811,0.502878199574811,1834.0,1832.0,1834.0,1832.0,0.502878199574811,0.5,validation,
944,pwEKnugj,2025-09-18 18:31:22.348000+00:00,player_4186e38648,player_4ceb64083d,1.0,0.48229788007373264,0.4884891087822083,1790.8783686246131,1803.1842047727878,1769.0,1777.0,0.4884891087822083,0.5,validation,
945,qxDtzseJ,2025-09-18 18:31:22.348000+00:00,player_277a2b5fa0,player_edf86a185e,1.0,0.4913661641789174,0.4913661641789174,1466.0,1472.0,1466.0,1472.0,0.4913661641789174,0.5,validation,
946,sOjNSFP9,2025-09-18 18:31:22.348000+00:00,player_104b4b88d4,player_2c01509854,0.0,0.038673884519503716,0.027258224711437025,1011.0,1569.1811777885016,1011.0,1632.0,0.02534264638803507,0.5,validation,
947,wYZ9J3ed,2025-09-18 18:31:22.348000+00:00,player_567ff3b264,player_da4b376af4,1.0,0.23558102943348036,0.2248471343503159,1133.0,1337.476456470842,1133.0,1348.0,0.22284689468527405,0.5,validation,
948,z0eoGkeB,2025-09-18 18:31:22.348000+00:00,player_13f2ca33cf,player_d62b36fee2,1.0,0.5042379615476281,0.4555054269169921,1564.095741335909,1561.150833509138,1540.0,1571.0,0.4483764526890395,0.5,validation,
949,5bHPL3JV,2025-09-18 18:32:02.144000+00:00,player_1eea41f6aa,player_f14a11f9f0,1.0,0.2820632034424566,0.23092407656660718,1932.5916993710725,2094.887610940969,1886.0,2095.0,0.2198703960068415,0.5,validation,
950,eFJQW9Ux,2025-09-18 18:32:02.144000+00:00,player_d25057ff63,player_ea0bb659d0,0.0,0.21341605484911877,0.1753046865538316,1465.6242632710396,1692.2314594506229,1450.0,1719.0,0.163956574457953,0.5,validation,
951,ikCpsmnw,2025-09-18 18:32:02.144000+00:00,player_b846d40c1d,player_4bcd45f7e6,0.0,0.27196105253674924,0.28240827680846853,2057.9171233945463,2228.9762833246828,2024.0,2186.0,0.2859210974146497,0.5,validation,
952,3LLaqCKg,2025-09-18 18:32:02.145000+00:00,player_420e3154be,player_4ed5f92a95,0.0,0.5487743358597419,0.5487743358597419,1868.0,1834.0,1868.0,1834.0,0.5487743358597419,0.5,validation,
953,Dsjptwbv,2025-09-18 18:32:02.145000+00:00,player_0c1124af83,player_4c9173cbff,1.0,0.8339063866097147,0.8460451004320948,1609.4024813358214,1329.0967346849882,1636.0,1340.0,0.8497568518427462,0.5,validation,
954,EFYW6lT0,2025-09-18 18:32:02.145000+00:00,player_1d84a9997a,player_d5c5815413,0.0,0.9724758644822816,0.9719681328483034,2012.6322661838446,1393.366208556744,1998.0,1382.0,0.9730453871658749,0.5,validation,
955,EfI4vZT5,2025-09-18 18:32:02.145000+00:00,player_89d6485cc7,player_257b0330b9,0.0,0.9333372276672247,0.9302417126410938,2167.1095871689745,1708.6475000388775,2200.0,1750.0,0.9294909043747703,0.5,validation,
956,FNtq0aIo,2025-09-18 18:32:02.145000+00:00,player_d77d27c9ce,player_0115b4d751,1.0,0.9994294003232211,0.9993873198149864,2329.0,1031.6317601314918,2329.0,1044.0,0.9993359336043075,0.5,validation,
957,IjJCIvoH,2025-09-18 18:32:02.145000+00:00,player_7e5ab0c686,player_776e432ee9,0.0,0.5239165985359591,0.5330513938844411,1798.1711618358436,1781.5395147706208,1779.0,1756.0,0.5316182978281073,0.5,validation,
958,IxW55WTw,2025-09-18 18:32:02.145000+00:00,player_30f0782407,player_a78c9b1940,0.0,0.8065376323806043,0.8780900739425958,1833.1779349003073,1585.166679862781,1879.0,1536.0,0.8904506387229247,0.5,validation,
959,JivUNoqE,2025-09-18 18:32:02.145000+00:00,player_a3a1c6ca99,player_a0efc8f05c,0.0,0.5387780920571715,0.5387780920571715,1474.0,1447.0,1474.0,1447.0,0.5387780920571715,0.5,validation,
960,PrIB8thA,2025-09-18 18:32:02.145000+00:00,player_6fb1613252,player_f6f8754dea,1.0,0.515824985264735,0.515824985264735,1801.0,1790.0,1801.0,1790.0,0.515824985264735,0.5,validation,
961,QkPEYOCU,2025-09-18 18:32:02.145000+00:00,player_26a6cc3796,player_692aa599f9,1.0,0.6661394245831221,0.6661394245831221,1750.0,1630.0,1750.0,1630.0,0.6661394245831221,0.5,validation,
962,R6I17z4I,2025-09-18 18:32:02.145000+00:00,player_1f4011309e,player_b011f2414f,0.0,0.3241462619533078,0.32243941991489944,1554.690506042229,1682.3351870262552,1532.0,1661.0,0.3249597989597013,0.5,validation,
963,Ruds9qT3,2025-09-18 18:32:02.145000+00:00,player_ec6570e278,player_e45a410d42,1.0,0.47555453887933863,0.47555453887933863,1479.0,1496.0,1479.0,1496.0,0.47555453887933863,0.5,validation,
964,TQ6kCbbo,2025-09-18 18:32:02.145000+00:00,player_ef5d225949,player_d244185209,1.0,0.2757387823867053,0.22990332333901797,1708.3280871045476,1876.0870378819131,1703.0,1913.0,0.1899048413952433,0.5,validation,
965,TVrMaRSV,2025-09-18 18:32:02.145000+00:00,player_55c67ec4b3,player_c2ae71ed7e,0.0,0.3423258106314248,0.32875941918416823,1500.9423571610153,1614.3708183311153,1488.0,1612.0,0.3249597989597013,0.5,validation,
966,WksP11t7,2025-09-18 18:32:02.145000+00:00,player_56e48dfdf0,player_7ec648723c,0.0,0.04982812832884025,0.03014442920073095,1206.529461829214,1718.6604999902183,1208.0,1811.0,0.027106005528303685,0.5,validation,
967,XAQ3DQvl,2025-09-18 18:32:02.145000+00:00,player_d966362425,player_dce8f2a81a,1.0,0.7327374127768906,0.7544540419421866,1533.2343845349542,1358.0303051549354,1577.0,1382.0,0.7586946201468556,0.5,validation,
968,YaoVthOK,2025-09-18 18:32:02.145000+00:00,player_9ead8cc339,player_ac3dd9df8d,0.0,0.21354341530238835,0.1899048413952433,1918.9014221038212,2145.376849560444,1897.0,2149.0,0.18638778949441326,0.5,validation,
969,YbuOzVLg,2025-09-18 18:32:02.145000+00:00,player_8ed1a7354e,player_361d35f71b,1.0,0.4741190691088309,0.4741190691088309,1598.0,1616.0,1598.0,1616.0,0.4741190691088309,0.5,validation,
970,ZJAa74Xx,2025-09-18 18:32:02.145000+00:00,player_af548dc28e,player_b88b6fa8ed,0.0,0.5742802036545245,0.5742802036545245,1930.0,1878.0,1930.0,1878.0,0.5742802036545245,0.5,validation,
971,aIbDVket,2025-09-18 18:32:02.145000+00:00,player_bc8f50ef56,player_23e885ddcd,0.0,0.04369436856482901,0.03849902482646369,1816.8866585598385,2352.9551567878016,1793.0,2352.0,0.03765567938957777,0.5,validation,
972,bZHvomSI,2025-09-18 18:32:02.145000+00:00,player_d244016f29,player_ba5449c385,0.0,0.00441849294928798,0.004151387969270396,864.3056115203752,1805.4266733872803,856.0,1808.0,0.004057274242958885,0.5,validation,
973,bl6HMLtc,2025-09-18 18:32:02.145000+00:00,player_25b40c3ac1,player_0c7ad288f9,1.0,0.7538389468478441,0.7523149936056823,1643.3933868813842,1448.9696948450646,1621.0,1428.0,0.7555188820711969,0.5,validation,
974,cU7QzGrL,2025-09-18 18:32:02.145000+00:00,player_8b35fd0d98,player_ae6197b66f,1.0,0.5056404948452935,0.45836229728523653,1713.4604852293792,1709.5409016956276,1740.0,1769.0,0.4483764526890395,0.5,validation,
975,gAN3hAr2,2025-09-18 18:32:02.145000+00:00,player_5352548671,player_b4c5d0a207,0.0,0.525880930891169,0.525880930891169,1773.0,1755.0,1773.0,1755.0,0.525880930891169,0.5,validation,
976,gVsGkrIj,2025-09-18 18:32:02.145000+00:00,player_42934eb12d,player_0e778d3f65,0.0,0.365161644696183,0.3572869311673796,1673.9159561209929,1769.9871574614108,1696.0,1798.0,0.3572869311673796,0.5,validation,
977,kwXIN3a3,2025-09-18 18:32:02.145000+00:00,player_4a5e68b6eb,player_85342f5a9d,1.0,0.550199353253537,0.550199353253537,1537.0,1502.0,1537.0,1502.0,0.550199353253537,0.5,validation,
978,lTqcMX6x,2025-09-18 18:32:02.145000+00:00,player_8f396e4253,player_643d5f83e4,1.0,0.29173180362901824,0.4089244036850566,1749.9873526167514,1904.0729381809826,1786.0,1850.0,0.43701527189640416,0.5,validation,
979,mbwJkxO0,2025-09-18 18:32:02.145000+00:00,player_973b18a40d,player_918f0c414b,0.0,0.4923929240790741,0.46122190794282847,1727.4861301704868,1732.7724758266131,1691.0,1718.0,0.4512256641402582,0.5,validation,
980,q9Lc96B7,2025-09-18 18:32:02.145000+00:00,player_a5f43760a2,player_6a76f42963,1.0,0.6610082494041948,0.6712405808158318,1710.6719128954524,1594.6648129737448,1743.0,1619.0,0.6737761878883222,0.5,validation,
981,sSvW0dcu,2025-09-18 18:32:02.145000+00:00,player_cecf45edb1,player_f04d440878,1.0,0.7152527510491987,0.7152527510491987,2126.0,1966.0,2126.0,1966.0,0.7152527510491987,0.5,validation,
982,u9z0tvtm,2025-09-18 18:32:02.145000+00:00,player_9d8044bdb0,player_c500c8643c,1.0,0.4037703314534442,0.3800586409554767,1571.042350486204,1638.754021880825,1537.0,1622.0,0.37599824138233284,0.5,validation,
983,uaJL7Twf,2025-09-18 18:32:02.145000+00:00,player_6fa62cf77b,player_dd8b5d8e20,0.0,0.5230095872975623,0.5230095872975623,1574.0,1558.0,1574.0,1558.0,0.5230095872975623,0.5,validation,
984,2YGLRQRJ,2025-09-18 18:32:41.662000+00:00,player_acc164288c,player_b68be402f1,0.0,0.6648778000596305,0.6775605800851006,1460.1563484584894,1341.1408948635087,1441.0,1312.0,0.6813218351663937,0.5,validation,
985,41t7SU58,2025-09-18 18:32:41.662000+00:00,player_255d4752b7,player_a34bfe0ed8,0.0,0.6414757480143352,0.5952430396515719,2040.3613600994843,1939.296678712959,2024.0,1957.0,0.5827018849642301,0.5,validation,
986,EDy7tKlo,2025-09-18 18:32:41.662000+00:00,player_928c2e13f3,player_85b73e0103,1.0,0.19998930829107797,0.23711501969474583,1818.087212020669,2058.922817160043,1790.0,1993.0,0.24768500639431762,0.5,validation,
987,O2fRfwuu,2025-09-18 18:32:41.662000+00:00,player_93fc09dc1d,player_cca7cea916,0.0,0.3914479680493763,0.29661499652817136,1827.4496125174837,1904.0990820465242,1762.0,1912.0,0.27546175715746396,0.5,validation,
988,S9tcGg6r,2025-09-18 18:32:41.662000+00:00,player_84577b4a79,player_d5f04bdeec,0.0,0.4231291002883428,0.3612622508882752,1495.3818646392504,1549.2241594247243,1449.0,1548.0,0.3493953720661275,0.5,validation,
989,WXaLtBkG,2025-09-18 18:32:41.662000+00:00,player_ec0d3464f8,player_2b7bd85604,1.0,0.8822829568834623,0.936330811469416,1994.6380355090196,1644.7306173874485,1995.0,1528.0,0.9452901966235238,0.5,validation,
990,Xt5RBC4E,2025-09-18 18:32:41.662000+00:00,player_5ae91b6d4e,player_c88594a5c4,1.0,0.6081489965586663,0.654519994382466,1831.3206923260345,1754.9650798215016,1823.0,1712.0,0.6622877974308888,0.5,validation,
991,fi3kBAjc,2025-09-18 18:32:41.662000+00:00,player_c82858060a,player_8149d3c56c,0.0,0.020297716979295912,0.01767083366404459,1475.770757644359,2149.229528626708,1466.0,2164.0,0.016984792153514942,0.5,validation,
992,gonTC7Ir,2025-09-18 18:32:41.662000+00:00,player_7daf8cb2ff,player_ae5764b808,1.0,0.5206474155709896,0.5057562084111449,1950.9511612865465,1936.595703791848,1894.0,1890.0,0.5043172397550598,0.5,validation,
993,kjFTit6t,2025-09-18 18:32:41.662000+00:00,player_ceb09b75c0,player_3430d7eb2d,0.5,0.9236769396698883,0.9248272212397116,2061.2804255732963,1628.1346954633352,2088.0,1652.0,0.9236177787081539,0.5,validation,
994,lJhmJ5yW,2025-09-18 18:32:41.662000+00:00,player_664279910c,player_c343e7f336,0.0,0.2580391413118242,0.21400339771784252,1539.2234372373002,1722.7016001021257,1471.0,1697.0,0.2054180849637705,0.5,validation,
995,u7OB5yFT,2025-09-18 18:32:41.662000+00:00,player_95b5fb3246,player_84f7ebde81,1.0,0.8166049725762218,0.8414923669232418,1875.0269206934527,1615.5771350406294,1882.0,1592.0,0.8460451004320948,0.5,validation,
996,zl01fCwQ,2025-09-18 18:32:41.662000+00:00,player_7ce6c5217c,player_9fc4f366ab,1.0,0.5317768450290695,0.5359159269451023,1800.541958158847,1778.431343725478,1763.0,1738.0,0.5373473171664928,0.5,validation,
997,4sZ58BCE,2025-09-18 18:32:41.663000+00:00,player_a0cfb76086,player_5459970f73,1.0,0.08301869267144119,0.05683152084009725,1155.0,1572.2738370305033,1155.0,1643.0,0.05209144932737488,0.5,validation,
998,C8jJtBpO,2025-09-18 18:32:41.663000+00:00,player_4c748ff14e,player_b3832d9015,1.0,0.4398498547680971,0.4398498547680971,1825.0,1867.0,1825.0,1867.0,0.4398498547680971,0.5,validation,
999,CFfRCwEV,2025-09-18 18:32:41.663000+00:00,player_96214e0378,player_3fbc2e91e8,0.0,0.2676858119023054,0.24661392221438547,1507.0,1681.8288381641564,1507.0,1701.0,0.23920390901085772,0.5,validation,
1000,DbNt2CeD,2025-09-18 18:32:41.663000+00:00,player_6ebc78a27e,player_2974fd4830,0.0,0.46838170217189273,0.46838170217189273,1868.0,1890.0,1868.0,1890.0,0.46838170217189273,0.5,validation,
1001,HO0FX3Jd,2025-09-18 18:32:41.663000+00:00,player_935717ae79,player_1e931b2cbd,0.5,0.4913661641789174,0.4913661641789174,1537.0,1543.0,1537.0,1543.0,0.4913661641789174,0.5,validation,
1002,T28HoVAA,2025-09-18 18:32:41.663000+00:00,player_7af80abc6c,player_92cfbb0eb2,0.0,0.49424379158885506,0.49424379158885506,1699.0,1703.0,1699.0,1703.0,0.49424379158885506,0.5,validation,
1003,VVuMxJJJ,2025-09-18 18:32:41.663000+00:00,player_92f34f1d45,player_c58406f07e,1.0,0.48705085510713625,0.48705085510713625,2039.0,2048.0,2039.0,2048.0,0.48705085510713625,0.5,validation,
1004,ZAYuDCCq,2025-09-18 18:32:41.663000+00:00,player_8824ea67c7,player_903df3be28,1.0,0.943228721299165,0.9599813179829412,1633.1953361127746,1145.0,1697.0,1145.0,0.9627593093435715,0.5,validation,
1005,bARNiWLA,2025-09-18 18:32:41.663000+00:00,player_38890ec10e,player_9f1e963216,1.0,0.6147548238269167,0.6145013610085578,1809.4046389635796,1728.2187446457083,1841.0,1760.0,0.6145013610085578,0.5,validation,
1006,hmHjaqPg,2025-09-18 18:32:41.663000+00:00,player_2b10095fc7,player_0db6ac79f0,0.0,0.1057070533243898,0.09283006384728522,1283.4957576139993,1654.4460931367503,1287.0,1683.0,0.07843767494302172,0.5,validation,
1007,mjGA8vJo,2025-09-18 18:32:41.663000+00:00,player_10c062bb3a,player_2ecd10721c,0.0,0.9278643747355715,0.9443901832417966,1639.7049803952543,1195.971100483088,1663.0,1171.0,0.9501361462210238,0.5,validation,
1008,mjifzRQX,2025-09-18 18:32:41.663000+00:00,player_b10b6ca0e2,player_48896252aa,0.0,0.41031649686004995,0.41031649686004995,1730.0,1793.0,1730.0,1793.0,0.41031649686004995,0.5,validation,
1009,ppxgqLkN,2025-09-18 18:32:41.663000+00:00,player_259ddf6274,player_a43116799c,1.0,0.5043172397550598,0.5043172397550598,1797.0,1794.0,1797.0,1794.0,0.5043172397550598,0.5,validation,
1010,rR18uUNp,2025-09-18 18:32:41.663000+00:00,player_b8d8b4ea8c,player_2ff26cc8dc,0.0,0.6172250309049463,0.6172250309049463,1662.0,1579.0,1662.0,1579.0,0.6172250309049463,0.5,validation,
1011,s7E0OHnF,2025-09-18 18:32:41.663000+00:00,player_f28ca29037,player_a4af4da67c,1.0,0.6548688499901446,0.6648579785547648,1712.0328931351728,1600.7648233883065,1761.0,1642.0,0.6686949563073317,0.5,validation,
1012,wLSYpiix,2025-09-18 18:32:41.663000+00:00,player_14677a4bad,player_8ceeb9ee8c,0.0,0.502878199574811,0.502878199574811,1726.0,1724.0,1726.0,1724.0,0.502878199574811,0.5,validation,
1013,xn0fU4td,2025-09-18 18:32:41.663000+00:00,player_e95f53cf21,player_17459335f4,1.0,0.48992755307256153,0.48992755307256153,1908.0,1915.0,1908.0,1915.0,0.48992755307256153,0.5,validation,
1014,0KjiKftU,2025-09-18 18:33:19.308000+00:00,player_54f56d1fc6,player_bb9295ada1,0.0,0.05932903500310276,0.05967313362891353,1673.8962449406188,2153.9644268048496,1674.0,2153.0,0.0593509431027676,0.5,validation,
1015,2MJtUz1T,2025-09-18 18:33:19.308000+00:00,player_934446d768,player_1275bc05b6,1.0,0.3308423099630717,0.384135895746244,1881.0623426900581,2003.4253142304412,1880.0,1962.0,0.39646368147382194,0.5,validation,
1016,2uNs5YHE,2025-09-18 18:33:19.308000+00:00,player_b795608238,player_7b3de668c2,0.0,0.8515361876218605,0.8876112598598545,1428.4330001236647,1125.0,1484.0,1125.0,0.8948627896440804,0.5,validation,
1017,M1MlmPtn,2025-09-18 18:33:19.308000+00:00,player_3b1f91ab0d,player_a58b4f30ac,1.0,0.4827374755676238,0.4827374755676238,1768.0,1780.0,1768.0,1780.0,0.4827374755676238,0.5,validation,
1018,O9FFR8Aj,2025-09-18 18:33:19.308000+00:00,player_1c67074439,player_44e465dc84,0.0,0.6253312678541942,0.6387377491117249,1786.466244803331,1697.4811671475882,1808.0,1709.0,0.6453524504393825,0.5,validation,
1019,OwSFmvv1,2025-09-18 18:33:19.308000+00:00,player_3eeb1c5e8a,player_02c1b57fd3,0.0,0.08036079599054868,0.12190992605740426,1615.2426140990312,2038.6719128954524,1675.0,2018.0,0.13277910403245627,0.5,validation,
1020,Q57NNjA5,2025-09-18 18:33:19.308000+00:00,player_b21cbf6e60,player_a9b8e0441a,0.0,0.9062593372098774,0.9380252840746419,1629.2589298940973,1235.1291401786984,1677.0,1205.0,0.9481920611104497,0.5,validation,
1021,R6v9oQXH,2025-09-18 18:33:19.308000+00:00,player_4f042b87b8,player_7694302c58,1.0,0.8426965018899188,0.8312539156520465,2200.1187698348463,1908.5456456061659,2195.0,1918.0,0.8288176477542757,0.5,validation,
1022,RlhoLdms,2025-09-18 18:33:19.308000+00:00,player_1e5a755272,player_3e7849ca33,0.5,0.48198671035972745,0.48705085510713625,1938.1007988528763,1950.6231340357465,1934.0,1943.0,0.4884891087822083,0.5,validation,
1023,TfDigpPd,2025-09-18 18:33:19.308000+00:00,player_7b52c2713d,player_088bd68364,0.0,0.018901023487491186,0.021530169041709298,1425.9089996535008,2112.0,1449.0,2112.0,0.022020627712812248,0.5,validation,
1024,UIotA8OD,2025-09-18 18:33:19.308000+00:00,player_025ca2fadc,player_66f4030e5c,1.0,0.3874339143195855,0.3546475495606176,1648.3603648543058,1727.9424906003917,1605.0,1709.0,0.34808796012533627,0.5,validation,
1025,VJj6YNCr,2025-09-18 18:33:19.308000+00:00,player_1929d8ad61,player_e2e2ba6f45,1.0,0.5686413918836677,0.5686413918836677,1760.0,1712.0,1760.0,1712.0,0.5686413918836677,0.5,validation,
1026,VwImj27D,2025-09-18 18:33:19.308000+00:00,player_ec130307e8,player_82c26c7ea9,1.0,0.9581381249858495,0.9668591818340627,2161.0367599066385,1617.192982031783,2131.0,1545.0,0.9688292506827381,0.5,validation,
1027,W43zO4fX,2025-09-18 18:33:19.308000+00:00,player_1a8443ce42,player_d9a91f076b,0.5,0.845416070928804,0.8910109110457655,2211.679760580683,1916.517297504256,2179.0,1814.0,0.8991173716432768,0.5,validation,
1028,WDzJrNw9,2025-09-18 18:33:19.308000+00:00,player_76f85d67e3,player_3243f4d046,1.0,0.6558003224357318,0.6466688423256146,1908.3280871045476,1796.3436204229652,1929.0,1824.0,0.6440338538222926,0.5,validation,
1029,aIybpEh5,2025-09-18 18:33:19.308000+00:00,player_9a46ffbbd8,player_532343cfb4,1.0,0.9602546908541815,0.9746573536119648,1980.2391865560837,1426.99896334578,2049.0,1415.0,0.9772231456449872,0.5,validation,
1030,dXjoq6da,2025-09-18 18:33:19.308000+00:00,player_573290eeee,player_95507f49de,1.0,0.5882899718631628,0.5882899718631628,1593.0,1531.0,1593.0,1531.0,0.5882899718631628,0.5,validation,
1031,dyzaTctX,2025-09-18 18:33:19.308000+00:00,player_cbc32abe9f,player_5dc4bce2c1,0.0,0.3773498042127379,0.3773498042127379,1833.0,1920.0,1833.0,1920.0,0.3773498042127379,0.5,validation,
1032,j3s1b2iH,2025-09-18 18:33:19.308000+00:00,player_05bddac032,player_f3cfab2553,0.0,0.8944696805344222,0.8980682790110263,2146.548146644921,1775.27279816534,2144.0,1766.0,0.8985940288909822,0.5,validation,
1033,tThCMhyd,2025-09-18 18:33:19.308000+00:00,player_55c67ec4b3,player_8993b8270f,1.0,0.6129280656299066,0.6199413590445233,1479.033505280604,1399.1863752541663,1484.0,1399.0,0.6226501957872621,0.5,validation,
1034,uibaZdOP,2025-09-18 18:33:19.308000+00:00,player_8eb5eab493,player_085c0b189a,0.0,0.14374744904292766,0.12377068106893543,1634.6179022449871,1944.6185950297863,1633.0,1973.0,0.11470632394592116,0.5,validation,
1035,yOGo1E8b,2025-09-18 18:33:19.308000+00:00,player_b95ff8ed32,player_cd0be30f80,1.0,0.6185841220890307,0.6185841220890307,2019.0,1935.0,2019.0,1935.0,0.6185841220890307,0.5,validation,
1036,0EogvweH,2025-09-18 18:33:56.782000+00:00,player_a2e86d20e3,player_a23797bd22,1.0,0.467458213917193,0.46551605527316847,1599.2032946156105,1621.8476526773125,1569.0,1593.0,0.4640840730548977,0.5,validation,
1037,0kssckg4,2025-09-18 18:33:56.782000+00:00,player_e0cd2caec3,player_d220abe47e,0.0,0.6243022579978232,0.6172250309049463,1803.6466744836912,1715.424146160973,1764.0,1681.0,0.6131368201531431,0.5,validation,
1038,2vsqlaoi,2025-09-18 18:33:56.782000+00:00,player_17000310e2,player_6ea3ee512c,1.0,0.502878199574811,0.502878199574811,1725.0,1723.0,1725.0,1723.0,0.502878199574811,0.5,validation,
1039,3vHRg6xp,2025-09-18 18:33:56.782000+00:00,player_2ff421b778,player_b99e1146b7,1.0,0.5981153707972912,0.5558909611168531,1983.8854821908026,1914.8120553001165,1947.0,1908.0,0.5416377027147634,0.5,validation,
1040,8YyCPLWj,2025-09-18 18:33:56.782000+00:00,player_1f9c22288d,player_df147156b7,0.0,0.500713599816691,0.5756869523764296,1981.2966346633348,1980.8007743863805,1968.0,1915.0,0.5910755963149433,0.5,validation,
1041,CEnbYztu,2025-09-18 18:33:56.782000+00:00,player_867628c4aa,player_37d63f048e,0.5,0.7065016907595405,0.7512407935337106,1958.9065426330324,1806.3035019251727,1918.0,1726.0,0.7607960909891424,0.5,validation,
1042,D8wwMzYU,2025-09-18 18:33:56.782000+00:00,player_c13dd34172,player_5a637797d0,0.0,0.6958565897030152,0.7607960909891424,2045.2384409833242,1901.4619077682848,2008.0,1807.0,0.7917488375081845,0.5,validation,
1043,EelzAvpC,2025-09-18 18:33:56.782000+00:00,player_39aa036cb7,player_d966362425,1.0,0.08400930227202193,0.07050909562522961,1135.313715918282,1550.339190117233,1131.0,1579.0,0.06755002899657621,0.5,validation,
1044,H4XYjXRL,2025-09-18 18:33:56.782000+00:00,player_e9e7de6f78,player_dbc760c330,1.0,0.27904190302063797,0.2812431701012181,1479.2986193244865,1644.1948587697318,1466.0,1629.0,0.2618909674595814,0.5,validation,
1045,KAb6xwQE,2025-09-18 18:33:56.782000+00:00,player_c2ae71ed7e,player_c61c9985a6,0.0,0.2766561099062479,0.22888573931240266,1636.2796702115265,1803.2414907939146,1616.0,1827.0,0.22085937918053045,0.5,validation,
1046,RVlQP7DZ,2025-09-18 18:33:56.782000+00:00,player_1b8c48a601,player_adcfd517c2,0.0,0.7053281331700644,0.7199190059471519,1831.4700612650174,1679.8490483644175,1785.0,1621.0,0.7222345336491706,0.5,validation,
1047,Sz7F2Ryk,2025-09-18 18:33:56.782000+00:00,player_599ee886a6,player_97881bd3b6,0.0,0.42994717641601177,0.42994717641601177,2078.0,2127.0,2078.0,2127.0,0.42994717641601177,0.5,validation,
1048,TdcYOgf1,2025-09-18 18:33:56.782000+00:00,player_be43eea7a1,player_06cd8b8e81,1.0,0.4331033166940924,0.44126863067523897,1708.3950012908456,1755.1599639108947,1690.0,1731.0,0.42571979634547563,0.5,validation,
1049,UIMhI5Jd,2025-09-18 18:33:56.782000+00:00,player_05e658379f,player_87657c2458,1.0,0.6596980728774728,0.6347433350523167,1845.6563795770348,1730.664056813075,1828.0,1732.0,0.6199413590445233,0.5,validation,
1050,UhG1ZyHo,2025-09-18 18:33:56.782000+00:00,player_3a5f3f5148,player_9702c8719d,1.0,0.5952430396515719,0.5952430396515719,1991.0,1924.0,1991.0,1924.0,0.5952430396515719,0.5,validation,
1051,WDwBln6j,2025-09-18 18:33:56.782000+00:00,player_21f2010af5,player_005a944af2,1.0,0.7812949329112467,0.8475387239958501,1938.152466078981,1716.970001056916,1984.0,1686.0,0.8618278475799177,0.5,validation,
1052,XaQNtbKX,2025-09-18 18:33:56.782000+00:00,player_a7ac2ec840,player_82926c7aed,0.0,0.42311185759171416,0.550199353253537,1778.9883880837854,1832.84295444472,1811.0,1776.0,0.5868950233791,0.5,validation,
1053,XijU7vFs,2025-09-18 18:33:56.782000+00:00,player_ef73ecd937,player_c24e843b48,0.0,0.38022233564065067,0.42010023964211857,1809.2076229193362,1894.086941200051,1863.0,1919.0,0.43135860811633236,0.5,validation,
1054,YXADWWwl,2025-09-18 18:33:56.782000+00:00,player_5713353109,player_97ba2468d3,0.5,0.8832040371960097,0.9027140342685218,2001.9203012102128,1650.467015421785,1971.0,1584.0,0.9032184042951807,0.5,validation,
1055,ZYAXguC3,2025-09-18 18:33:56.782000+00:00,player_f9a7f0dea2,player_da4b376af4,0.0,0.1452821221029258,0.12628957905491864,980.7093970716179,1288.5536423545848,1003.0,1339.0,0.12252748567058044,0.5,validation,
1056,adDJBWc4,2025-09-18 18:33:56.782000+00:00,player_0b5ecff75a,player_24c88d3b7f,1.0,0.5723920851715868,0.41589904118632204,1818.3136611023344,1767.6545072386846,1732.0,1791.0,0.38141587791096926,0.5,validation,
1057,bPSeM4GB,2025-09-18 18:33:56.782000+00:00,player_dce8f2a81a,player_cbde7fab8a,0.0,0.12762015865746965,0.13612852365814215,1340.9254995726565,1674.8400360891053,1379.0,1700.0,0.13817215242008227,0.5,validation,
1058,h9LBIckv,2025-09-18 18:33:56.782000+00:00,player_4109a84459,player_2a2129d64b,1.0,0.6109874702136391,0.6347433350523167,1711.7473077031616,1633.3198220094116,1755.0,1659.0,0.6374083767444845,0.5,validation,
1059,iIwl2hXh,2025-09-18 18:33:56.782000+00:00,player_eed3ca22ce,player_c95093aca9,0.0,0.6827589805204508,0.6887735686687132,1882.0851039992,1748.9338702398436,1913.0,1775.0,0.691236152414763,0.5,validation,
1060,jckeInBh,2025-09-18 18:33:56.782000+00:00,player_ebf4c91404,player_29be8049e6,0.0,0.42571979634547563,0.42571979634547563,1763.0,1815.0,1763.0,1815.0,0.42571979634547563,0.5,validation,
1061,n4uPIv3N,2025-09-18 18:33:56.782000+00:00,player_3d74b58f44,player_702cea49a9,0.0,0.736242875887137,0.7628849803052542,1561.1060880952634,1382.7793254408898,1592.0,1389.0,0.785026736998172,0.5,validation,
1062,nH8vMp3j,2025-09-18 18:33:56.782000+00:00,player_128e98e1fb,player_c8dd4feac5,0.0,0.0404302099408978,0.028826816395722262,1100.7695477803038,1650.9177758670396,1082.0,1693.0,0.02620989947288227,0.5,validation,
1063,wUJAnIYQ,2025-09-18 18:33:56.782000+00:00,player_3a509c3c97,player_f055c06ad8,1.0,0.422907524174671,0.422907524174671,1854.0,1908.0,1854.0,1908.0,0.422907524174671,0.5,validation,
1064,whxIE2aC,2025-09-18 18:33:56.782000+00:00,player_49679ad487,player_15e747c062,0.0,0.9201561143038741,0.9604212774283489,2302.5413897206463,1877.8934489017354,2361.0,1807.0,0.9681263328550135,0.5,validation,
1065,zJIZAQKZ,2025-09-18 18:33:56.782000+00:00,player_1841a7900d,player_d44538ba1e,0.5,0.9081214787750047,0.8964765078981858,1900.3736756143246,1502.401695206193,1880.0,1505.0,0.8937746801781464,0.5,validation,
1066,1KweshwL,2025-09-18 18:34:36.517000+00:00,player_a3cb35c7d1,player_80e7015e8d,1.0,0.6404927281293707,0.5071950817090514,1795.5989289179056,1695.2763193587195,1788.0,1783.0,0.4741190691088309,0.5,validation,
1067,3NEKLzgU,2025-09-18 18:34:36.517000+00:00,player_7e313ae3e6,player_c95ae88f67,1.0,0.5430664920222119,0.5430664920222119,2106.0,2076.0,2106.0,2076.0,0.5430664920222119,0.5,validation,
1068,5FOQwTgW,2025-09-18 18:34:36.517000+00:00,player_7683dd81fb,player_d77d27c9ce,1.0,0.009527560799533468,0.011095688866307733,1522.292251768806,2329.0365183793137,1549.0,2329.0,0.01167879707961596,0.5,validation,
1069,7OOE0wDj,2025-09-18 18:34:36.517000+00:00,player_01c2e33de1,player_aa9d4464a3,1.0,0.4374394973547656,0.39646368147382194,1883.1606798545868,1926.8611771511328,1807.0,1880.0,0.384135895746244,0.5,validation,
1070,A1npajYv,2025-09-18 18:34:36.517000+00:00,player_486e8abbbb,player_ca06dcd8b5,1.0,0.3744744424758241,0.33258157812677697,1560.5134721088245,1649.6426224271056,1569.0,1690.0,0.3211830802052434,0.5,validation,
1071,FjOLdYDd,2025-09-18 18:34:36.517000+00:00,player_941991fe0c,player_39cc58fb88,1.0,0.7588115577656631,0.7830774434096761,1856.1985682852437,1657.0875904313928,1882.0,1659.0,0.7888870682101548,0.5,validation,
1072,GkQJUoEt,2025-09-18 18:34:36.517000+00:00,player_a3dd9c3447,player_aeacea3497,0.0,0.4291482706370507,0.5459219227804837,1870.9329226698296,1920.499304389634,1899.0,1867.0,0.5742802036545245,0.5,validation,
1073,IeeuOH9p,2025-09-18 18:34:36.517000+00:00,player_6c71c5383e,player_25d490f1a0,0.0,0.5387780920571715,0.5387780920571715,1820.0,1793.0,1820.0,1793.0,0.5387780920571715,0.5,validation,
1074,MUW3G5A9,2025-09-18 18:34:36.517000+00:00,player_398c64db27,player_1e9cf3b383,1.0,0.5430664920222119,0.5430664920222119,1866.0,1836.0,1866.0,1836.0,0.5430664920222119,0.5,validation,
1075,OEXrrIzK,2025-09-18 18:34:36.517000+00:00,player_6da6f02902,player_2d74f44b85,0.0,0.45287805990468777,0.39784190682528303,1567.158860263676,1600.0,1528.0,1600.0,0.3868631798468569,0.5,validation,
1076,PF1SoFN8,2025-09-18 18:34:36.517000+00:00,player_3b38c16574,player_9c53c9af2a,0.0,0.3063120835780346,0.3063120835780346,1538.0,1680.0,1538.0,1680.0,0.3063120835780346,0.5,validation,
1077,SyuV4pDQ,2025-09-18 18:34:36.517000+00:00,player_1021938902,player_a2a18e398c,0.0,0.54388361069425,0.5516235473109605,1742.3072067025378,1711.7350889694576,1699.0,1663.0,0.5714631174083814,0.5,validation,
1078,TUboDX7I,2025-09-18 18:34:36.517000+00:00,player_23195b6a66,player_179d43c942,0.0,0.2805433722627284,0.2248471343503159,1887.16206343442,2050.763905282195,1912.0,2127.0,0.2120732319225979,0.5,validation,
1079,TcuNfMsq,2025-09-18 18:34:36.517000+00:00,player_ebe10c6e9d,player_ca5d2a0460,0.0,0.11396737402670767,0.11946643775259876,1449.0,1805.2676689568345,1449.0,1796.0,0.12129504878814854,0.5,validation,
1080,bLh0dc0b,2025-09-18 18:34:36.517000+00:00,player_e558f7f0c0,player_04d4b5b801,1.0,0.6090326034042396,0.6090326034042396,1775.0,1698.0,1775.0,1698.0,0.6090326034042396,0.5,validation,
1081,bU4yC4mT,2025-09-18 18:34:36.517000+00:00,player_28fc596757,player_8a7f244524,1.0,0.7626848089066117,0.8652197052285583,2260.184681160517,2057.3768583872265,2244.0,1921.0,0.8829346041256821,0.5,validation,
1082,fj9Smf5e,2025-09-18 18:34:36.517000+00:00,player_ec49a3e3e3,player_26a6cc3796,0.0,0.18436542478269022,0.1695550886467628,1513.040617173439,1771.3670768266802,1478.0,1754.0,0.1663375308165619,0.5,validation,
1083,gAwmGX24,2025-09-18 18:34:36.517000+00:00,player_3c53727464,player_964c1776f2,0.0,0.7210782431975601,0.7210782431975601,2067.0,1902.0,2067.0,1902.0,0.7210782431975601,0.5,validation,
1084,h0Oa81nR,2025-09-18 18:34:36.517000+00:00,player_f90389e219,player_6c4dd897f2,0.0,0.1355484678888098,0.13545299458869567,1569.648691487779,1891.5071055950023,1533.0,1855.0,0.13612852365814215,0.5,validation,
1085,lIQpk222,2025-09-18 18:34:36.517000+00:00,player_5a96470b35,player_2565819ed5,1.0,0.5153428028489071,0.5827018849642301,1901.2172982980846,1890.5526787831268,1866.0,1808.0,0.6117705007810643,0.5,validation,
1086,o6MWrLMc,2025-09-18 18:34:36.517000+00:00,player_a71ab86adb,player_567ff3b264,1.0,0.8800150721889243,0.8887546456176784,1528.0681804797503,1181.9228141162573,1503.0,1142.0,0.8910109110457655,0.5,validation,
1087,tO6q4EiI,2025-09-18 18:34:36.517000+00:00,player_277a2b5fa0,player_2164716222,0.0,0.08706721981490381,0.06366918853058397,1498.5525654925493,1906.7862152204636,1477.0,1944.0,0.057140865332443294,0.5,validation,
1088,u25nPAI5,2025-09-18 18:34:36.517000+00:00,player_8149d3c56c,player_ac929d51ac,0.5,0.8829044280788227,0.8658895824550439,2150.528582513383,1799.5792933791204,2164.0,1840.0,0.8618278475799177,0.5,validation,
1089,zG4orgTq,2025-09-18 18:34:36.517000+00:00,player_e03ed01123,player_c82858060a,1.0,0.9481383918584583,0.9570053549512674,1979.2820049274674,1474.471703757684,2005.0,1466.0,0.9595366739676358,0.5,validation,
1090,0NSgGFC5,2025-09-18 18:34:36.518000+00:00,player_c450831171,player_315ca9289e,1.0,0.7094028332527953,0.6661394245831221,1707.0,1551.959382826561,1707.0,1587.0,0.655820505912395,0.5,validation,
1091,9J4GqSj7,2025-09-18 18:34:36.518000+00:00,player_f31e256933,player_11bf4ccb6b,0.0,0.13905338139276818,0.11067748628905313,1335.0,1651.7178682003414,1335.0,1697.0,0.10513721035591964,0.5,validation,
1092,BHJ3Jefv,2025-09-18 18:34:36.518000+00:00,player_14b8ac2008,player_4ff3a8c942,0.0,0.781527429273767,0.8074241816712792,1712.41892243477,1491.0,1740.0,1491.0,0.8118599983337865,0.5,validation,
1093,KievULyO,2025-09-18 18:34:36.518000+00:00,player_d3f20ec1d1,player_51158ac5bc,1.0,0.5344839447268315,0.5344839447268315,1537.0,1513.0,1537.0,1513.0,0.5344839447268315,0.5,validation,
1094,juWeNkXm,2025-09-18 18:34:36.518000+00:00,player_017017d8a9,player_7d54128d1b,0.0,0.05861982037178291,0.07050909562522961,1034.711773249637,1517.0,1069.0,1517.0,0.07319608607220641,0.5,validation,
1095,mUV9mV3F,2025-09-18 18:34:36.518000+00:00,player_edf86a185e,player_d2957f5462,0.0,0.5249680769300815,0.4841750147352649,1439.4474345074507,1422.0833949398943,1466.0,1477.0,0.47555453887933863,0.5,validation,
1096,0P1YAMbw,2025-09-18 18:35:16.212000+00:00,player_9c2776cd18,player_7c89a68c2a,0.0,0.5641073104915783,0.5573116337622928,1141.5595426848574,1096.7666856584524,1101.0,1061.0,0.5644004902404213,0.5,validation,
1097,3UMT93VS,2025-09-18 18:35:16.212000+00:00,player_ba5449c385,player_54f56d1fc6,0.5,0.6858170554100209,0.6850596089933503,1805.7094569360347,1670.0991867004202,1808.0,1673.0,0.6850596089933503,0.5,validation,
1098,ARRk8ak6,2025-09-18 18:35:16.212000+00:00,player_bb9295ada1,player_c452fd0eed,1.0,0.9026674299192896,0.8698499490743091,2157.761485045048,1770.8536524944798,2154.0,1824.0,0.8590630023766738,0.5,validation,
1099,BcJ7Yv3p,2025-09-18 18:35:16.212000+00:00,player_9739737f0b,player_1f07f9a398,1.0,0.3854986389914422,0.3854986389914422,1700.0,1781.0,1700.0,1781.0,0.3854986389914422,0.5,validation,
1100,EcLPt2e5,2025-09-18 18:35:16.212000+00:00,player_2b7c501ae4,player_08095bbe41,1.0,0.8713193381674265,0.8263535539440318,1919.2069724625171,1586.941345654852,1891.0,1620.0,0.8153518152833006,0.5,validation,
1101,EdhiggZz,2025-09-18 18:35:16.212000+00:00,player_f7ec6e6f48,player_6a7243015c,0.0,0.5834396983651379,0.47842666694885455,2105.413832557657,2046.8865938043582,2035.0,2050.0,0.4569335079777882,0.5,validation,
1102,H6pn3U7C,2025-09-18 18:35:16.212000+00:00,player_8634e7a8c5,player_5f98eb3cbd,0.5,0.4561058949989497,0.44553062597832394,1856.0303051549354,1886.6097717013445,1827.0,1865.0,0.4483764526890395,0.5,validation,
1103,Ja7JF8d6,2025-09-18 18:35:16.212000+00:00,player_11f890c0d7,player_3b66b065e1,0.0,0.7124087378301079,0.7907981027972382,1598.7677813694256,1441.1863610879257,1634.0,1403.0,0.8074241816712792,0.5,validation,
1104,NBEigiFg,2025-09-18 18:35:16.212000+00:00,player_1dad1ad546,player_ac7a9abc26,0.0,0.16359855504174678,0.14163539582610227,1741.0747559205229,2024.5288802859652,1677.0,1990.0,0.13748809600868891,0.5,validation,
1105,OMVFnNUa,2025-09-18 18:35:16.212000+00:00,player_68a26254e6,player_9eac4b6faa,1.0,0.6524772860728183,0.6850596089933503,1527.432881017657,1418.0,1553.0,1418.0,0.691236152414763,0.5,validation,
1106,RlWeo0WE,2025-09-18 18:35:16.212000+00:00,player_d244016f29,player_8ffd49fad2,0.0,0.010340876164051719,0.007880683850330283,864.0228279716208,1656.3941461853656,856.0,1696.0,0.006831607235548349,0.5,validation,
1107,a8QyD4yN,2025-09-18 18:35:16.212000+00:00,player_d6a80e3dda,player_d2243b1cd1,1.0,0.6319226376167006,0.6062878237854281,1753.074189252843,1659.1842670915696,1755.0,1680.0,0.5993967967092568,0.5,validation,
1108,akq5L105,2025-09-18 18:35:16.212000+00:00,player_d33e974e79,player_251c6b9f68,1.0,0.5172625244323762,0.5172625244323762,1495.0,1483.0,1495.0,1483.0,0.5172625244323762,0.5,validation,
1109,bMWzMbPt,2025-09-18 18:35:16.212000+00:00,player_eaa0f84f04,player_72de9d8c65,1.0,0.9588059588360938,0.9396775657853119,2089.074190423799,1542.3156600996645,2089.0,1612.0,0.934593240137214,0.5,validation,
1110,cnl2S4C0,2025-09-18 18:35:16.212000+00:00,player_3efa1a4bf5,player_fb1994764a,1.0,0.2107760407956888,0.21594631611218493,1348.8783686246131,1578.2299760525339,1329.0,1553.0,0.21400339771784252,0.5,validation,
1111,dpC7sNyR,2025-09-18 18:35:16.212000+00:00,player_5df3e8ad7e,player_a0515efc94,1.0,0.9880969356066742,0.9898128410219639,1682.4507633768249,914.7944556326975,1707.0,912.0,0.9915604518227651,0.5,validation,
1112,hQcNyOdJ,2025-09-18 18:35:16.212000+00:00,player_d80f921c81,player_04bb5f271e,0.0,0.39590899609983393,0.389597577905311,1801.3902282986555,1874.7930275374829,1825.0,1903.0,0.389597577905311,0.5,validation,
1113,jVM0Lj5j,2025-09-18 18:35:16.212000+00:00,player_643d5f83e4,player_7e1d5365e3,1.0,0.7895934420237376,0.8038185194246843,1858.74377361324,1629.0060692910777,1843.0,1598.0,0.8047246934992595,0.5,validation,
1114,kBOacyLv,2025-09-18 18:35:16.212000+00:00,player_9e0f60d0e1,player_aa9409cef8,0.0,0.2197520143336346,0.2179019838686814,1671.1711618358436,1891.2910784199755,1650.0,1872.0,0.2169225565903239,0.5,validation,
1115,kiwZVjW5,2025-09-18 18:35:16.212000+00:00,player_10365fd30d,player_0d374b7141,1.0,0.9230746078381823,0.9437824521525733,2009.6754089616818,1578.0085747553007,2036.0,1546.0,0.9509479946527073,0.5,validation,
1116,mTISUdtX,2025-09-18 18:35:16.212000+00:00,player_e49d48485c,player_bd9a49b1b8,0.0,0.4640840730548977,0.4640840730548977,2162.0,2187.0,2162.0,2187.0,0.4640840730548977,0.5,validation,
1117,nGW9cWxx,2025-09-18 18:35:16.212000+00:00,player_1556d7324c,player_e8365e1d0b,1.0,0.5057562084111449,0.5057562084111449,1633.0,1629.0,1633.0,1629.0,0.5057562084111449,0.5,validation,
1118,nVkowH3p,2025-09-18 18:35:16.212000+00:00,player_a4886874e6,player_af624832cf,0.0,0.5686413918836677,0.5686413918836677,1619.0,1571.0,1619.0,1571.0,0.5686413918836677,0.5,validation,
1119,oX1ZwoB4,2025-09-18 18:35:16.212000+00:00,player_668863653e,player_8f396e4253,0.5,0.7170537075081689,0.6117705007810643,1956.8555883859376,1795.3165171844942,1872.0,1793.0,0.5784967523447427,0.5,validation,
1120,shwkCJjz,2025-09-18 18:35:16.212000+00:00,player_7ec648723c,player_0520ceb2e6,1.0,0.9259799456682866,0.9425482089233579,1721.8495002032641,1282.9486275829095,1811.0,1325.0,0.9458825630895223,0.5,validation,
1121,vmLOgUDD,2025-09-18 18:35:16.212000+00:00,player_0278688299,player_c8e4a0287b,0.0,0.4827374755676238,0.4827374755676238,1545.0,1557.0,1545.0,1557.0,0.4827374755676238,0.5,validation,
1122,xke3r9Rr,2025-09-18 18:35:16.212000+00:00,player_9edeb602b2,player_7d85ca537f,0.0,0.5129491448928637,0.5129491448928637,1440.0,1431.0,1440.0,1431.0,0.5129491448928637,0.5,validation,
1123,yqmVDfzi,2025-09-18 18:35:16.212000+00:00,player_d7f6ea0e0d,player_6835265010,1.0,0.7422408790804823,0.7533860777856145,1530.7323310431655,1347.0,1541.0,1347.0,0.7555188820711969,0.5,validation,
1124,zdkokGSK,2025-09-18 18:35:16.212000+00:00,player_4116cd89e5,player_8ef4c034c5,1.0,0.6609990912463583,0.6609990912463583,1911.0,1795.0,1911.0,1795.0,0.6609990912463583,0.5,validation,
1125,3VR7vZB0,2025-09-18 18:35:55.932000+00:00,player_33d1275475,player_94a1d0af2b,1.0,0.45265148195413535,0.45265148195413535,1530.0,1563.0,1530.0,1563.0,0.45265148195413535,0.5,validation,
1126,8eu2VRvd,2025-09-18 18:35:55.932000+00:00,player_25cbe16412,player_486e8abbbb,0.5,0.5742006986017337,0.5700528235839882,1652.4906165832829,1600.5471077903717,1625.0,1576.0,0.5728722513945045,0.5,validation,
1127,AchRyynl,2025-09-18 18:35:55.932000+00:00,player_0db6ac79f0,player_bc8f50ef56,0.0,0.29316917020961514,0.3507050528890364,1661.2113445495113,1814.0902189716894,1686.0,1793.0,0.3950870979920432,0.5,validation,
1128,BUDGHvLB,2025-09-18 18:35:55.932000+00:00,player_fe15c1f5ed,player_7b8d0ade12,1.0,0.4978511283928412,0.5728722513945045,1727.4380899005102,1728.931288024068,1791.0,1740.0,0.5938553852361779,0.5,validation,
1129,CASfX1T0,2025-09-18 18:35:55.932000+00:00,player_efb8e8d830,player_d8064a3fec,0.0,0.291787566559672,0.31992932426277854,1797.692042828524,1951.73074878513,1806.0,1937.0,0.32749035666501497,0.5,validation,
1130,Ck9iMyoe,2025-09-18 18:35:55.932000+00:00,player_d2ed955a08,player_ed60541359,0.0,0.47555453887933863,0.47555453887933863,1574.0,1591.0,1574.0,1591.0,0.47555453887933863,0.5,validation,
1131,Hvse7QsY,2025-09-18 18:35:55.932000+00:00,player_ae6197b66f,player_96762f0425,1.0,0.4305884743232019,0.5143871841659987,1677.9018933657264,1726.4474345074507,1763.0,1753.0,0.5316182978281073,0.5,validation,
1132,JNQMzLon,2025-09-18 18:35:55.932000+00:00,player_ca06dcd8b5,player_4b2f4de120,0.0,0.4729881595552759,0.45979177167625435,1609.6089867455585,1628.3970281915263,1683.0,1711.0,0.4569335079777882,0.5,validation,
1133,Q39KS3SF,2025-09-18 18:35:55.932000+00:00,player_e03ed01123,player_1a8443ce42,0.0,0.23300390202154375,0.27546175715746396,1982.6011478485261,2189.573132041239,2006.0,2174.0,0.2859210974146497,0.5,validation,
1134,Rzhyoo7q,2025-09-18 18:35:55.932000+00:00,player_90b1013359,player_e95f53cf21,1.0,0.3702571141223684,0.3692697113837977,1848.3806933152732,1940.644636603356,1821.0,1914.0,0.3692697113837977,0.5,validation,
1135,S5ep1Aa6,2025-09-18 18:35:55.932000+00:00,player_b2806ec8b0,player_de9a5b9e52,0.0,0.540362799969632,0.5230095872975623,1662.9308168259854,1634.8227076330832,1627.0,1611.0,0.5201367220358165,0.5,validation,
1136,WJD4fCgZ,2025-09-18 18:35:55.932000+00:00,player_b99e1146b7,player_23e885ddcd,1.0,0.06378591327842063,0.06975828735890625,1889.0914390311432,2355.7515963759506,1903.0,2353.0,0.07050909562522961,0.5,validation,
1137,XpHNXXrS,2025-09-18 18:35:55.932000+00:00,player_eea014ce1f,player_f227e4b9e0,0.0,0.36753532305103287,0.344179494087605,1214.0,1308.294876275044,1214.0,1326.0,0.33900090875364175,0.5,validation,
1138,aeq8cNDa,2025-09-18 18:35:55.932000+00:00,player_9b36aa3877,player_5e3edd9c33,1.0,0.7233878694391705,0.7233878694391705,1991.0,1824.0,1991.0,1824.0,0.7233878694391705,0.5,validation,
1139,ampoOgKm,2025-09-18 18:35:55.932000+00:00,player_06b7b30c6d,player_366327a96d,1.0,0.30772485990526227,0.2520004588039456,1407.6003129549656,1548.4467743723308,1412.0,1601.0,0.2402530733520421,0.5,validation,
1140,bBES6uYo,2025-09-18 18:35:55.932000+00:00,player_21485bca27,player_a3b34a6523,1.0,0.5980638908001966,0.6453524504393825,1665.8329284723586,1596.7967053843895,1732.0,1628.0,0.6571186864870786,0.5,validation,
1141,c0DzTgvp,2025-09-18 18:35:55.932000+00:00,player_4fb35a570a,player_56e48dfdf0,1.0,0.9681758272960881,0.9719681328483034,1796.6193066847268,1203.340461616168,1824.0,1208.0,0.9727417752885629,0.5,validation,
1142,fRt9B1Df,2025-09-18 18:35:55.932000+00:00,player_4151474c72,player_f15e3a3685,1.0,0.7761545753418307,0.7761545753418307,2216.0,2000.0,2216.0,2000.0,0.7761545753418307,0.5,validation,
1143,iRSSjpAM,2025-09-18 18:35:55.932000+00:00,player_fbc6c3aa67,player_49bd7dc7cf,0.0,0.8000201659002998,0.840723042661615,1732.7121016353244,1491.8662094281547,1724.0,1435.0,0.8490204427886767,0.5,validation,
1144,ivDwXx5M,2025-09-18 18:35:55.932000+00:00,player_0c7ad288f9,player_8b35fd0d98,1.0,0.14241814315407625,0.13545299458869567,1433.2153874433266,1745.0994935592803,1424.0,1746.0,0.1334433562104599,0.5,validation,
1145,jvbY6ijD,2025-09-18 18:35:55.932000+00:00,player_1cb42dae1c,player_25b40c3ac1,0.5,0.47482962976175264,0.48992755307256153,1641.6427326668356,1659.1476942831223,1617.0,1624.0,0.49424379158885506,0.5,validation,
1146,moL3bndm,2025-09-18 18:35:55.932000+00:00,player_b5d3aca269,player_3627829253,1.0,0.9055198507501379,0.8799266880106169,1895.0852000946757,1502.4622382258058,1894.0,1548.0,0.8743442268185462,0.5,validation,
1147,nhZQSYWz,2025-09-18 18:35:55.932000+00:00,player_8855d0e065,player_c2e473fec3,1.0,0.8427675089893099,0.8497568518427462,1539.787827003569,1248.1216313753869,1570.0,1269.0,0.8490204427886767,0.5,validation,
1148,swKx4RhW,2025-09-18 18:35:55.932000+00:00,player_17459335f4,player_cd0be30f80,1.0,0.45945718530455854,0.46838170217189273,1882.355363396644,1910.589383813698,1909.0,1931.0,0.4712494361077314,0.5,validation,
1149,sxFNotBu,2025-09-18 18:35:55.932000+00:00,player_c82858060a,player_b95ff8ed32,0.0,0.035771315253534025,0.03871267794717751,1471.1525608366253,2043.410616186302,1465.0,2023.0,0.038927468747573586,0.5,validation,
1150,ugBUTjJL,2025-09-18 18:35:55.932000+00:00,player_d9a91f076b,player_2ff421b778,0.0,0.39924636804645314,0.3161836858063414,1938.6239260436994,2009.606098459776,1819.0,1953.0,0.3063120835780346,0.5,validation,
1151,wqVs8Ori,2025-09-18 18:35:55.932000+00:00,player_7462a888ca,player_266941d75e,1.0,0.8266118557931272,0.8312539156520465,1596.4693801419473,1325.1564875032946,1606.0,1329.0,0.8328626902603795,0.5,validation,
1152,wsSrkd8U,2025-09-18 18:35:55.932000+00:00,player_7a3d6402f0,player_80d88cf3a0,0.0,0.1260840078881733,0.09984313269951924,1218.504965660364,1554.8288381641564,1196.0,1578.0,0.08763334779453696,0.5,validation,
1153,xGPonyhY,2025-09-18 18:35:55.932000+00:00,player_6fffeaa105,player_19c14d418c,1.0,0.8680138819069602,0.8893225137109468,1882.7519314833166,1555.5525654925493,1891.0,1529.0,0.8937746801781464,0.5,validation,
1154,1Oiuomk1,2025-09-18 18:36:35.539000+00:00,player_4ec4dc8f6d,player_c115812a60,0.0,0.38649777492721477,0.3719551943780582,1303.3039418397668,1383.5715995033047,1268.0,1359.0,0.3692697113837977,0.5,validation,
1155,25SztBOi,2025-09-18 18:36:35.539000+00:00,player_f9a7f0dea2,player_21447cc334,0.0,0.10995166264861732,0.10787608605677308,971.4113412570307,1334.6960581602332,1001.0,1368.0,0.1067730871742089,0.5,validation,
1156,3eZlDa2B,2025-09-18 18:36:35.539000+00:00,player_09fe126b7a,player_cc469b21f1,1.0,0.03772147468474902,0.043952102099315264,1615.0851087427343,2177.7699612424417,1642.0,2177.0,0.0477267210342039,0.5,validation,
1157,3rukWaJt,2025-09-18 18:36:35.539000+00:00,player_c88594a5c4,player_05bddac032,0.5,0.11215037655649637,0.07927393863120663,1729.8866156012562,2089.302087090718,1708.0,2134.0,0.07319608607220641,0.5,validation,
1158,60NbwosG,2025-09-18 18:36:35.539000+00:00,player_55c792da1b,player_13482fff35,0.0,0.9571287803431693,0.9514822459033807,2088.079220213376,1548.5574056699627,2063.0,1546.0,0.9501361462210238,0.5,validation,
1159,BIpRU3so,2025-09-18 18:36:35.539000+00:00,player_ae2d1d73b5,player_c78f26ab0a,1.0,0.5086338358210827,0.5086338358210827,1720.0,1714.0,1720.0,1714.0,0.5086338358210827,0.5,validation,
1160,EmnOSYzt,2025-09-18 18:36:35.539000+00:00,player_903df3be28,player_b59f7a9d5f,0.0,0.28635220124019184,0.29064536940123664,1141.3666381631465,1300.0,1145.0,1300.0,0.29064536940123664,0.5,validation,
1161,Fcr59U9j,2025-09-18 18:36:35.539000+00:00,player_f3cfab2553,player_ef5d225949,1.0,0.6101807012074402,0.5487743358597419,1832.518857719543,1754.6808050317986,1777.0,1743.0,0.6347433350523167,0.5,validation,
1162,J8HMY4SI,2025-09-18 18:36:35.539000+00:00,player_d62b36fee2,player_d244185209,0.0,0.15074929029057846,0.12439633135900663,1529.4220630481861,1829.7343199546622,1565.0,1904.0,0.11766170295305857,0.5,validation,
1163,KoveLKuX,2025-09-18 18:36:35.539000+00:00,player_96e42c3d0e,player_48356c6253,1.0,0.5870723266892492,0.667418421873223,1522.8699990533632,1461.742951030581,1561.0,1440.0,0.6838163141936586,0.5,validation,
1164,LRCm9cIR,2025-09-18 18:36:35.539000+00:00,player_8af0160fe4,player_1bee4dc1bf,0.0,0.550199353253537,0.550199353253537,1805.0,1770.0,1805.0,1770.0,0.550199353253537,0.5,validation,
1165,MpKcIPqW,2025-09-18 18:36:35.539000+00:00,player_601c46e256,player_9bd78904a7,1.0,0.5530468951694625,0.5530468951694625,1402.0,1365.0,1402.0,1365.0,0.5530468951694625,0.5,validation,
1166,Nt0WlPoZ,2025-09-18 18:36:35.539000+00:00,player_542768fe24,player_279df113ef,1.0,0.4971218004251891,0.4971218004251891,1688.0,1690.0,1688.0,1690.0,0.4971218004251891,0.5,validation,
1167,Ok89ZHKz,2025-09-18 18:36:35.539000+00:00,player_683ffa9252,player_9b15b29e0e,1.0,0.5784967523447427,0.5784967523447427,1534.0,1479.0,1534.0,1479.0,0.5784967523447427,0.5,validation,
1168,Rjw8fS2o,2025-09-18 18:36:35.539000+00:00,player_4a9295c544,player_81b4e34ef2,1.0,0.5301846800039021,0.5301846800039021,1745.0,1724.0,1745.0,1724.0,0.5301846800039021,0.5,validation,
1169,WeWXxKD9,2025-09-18 18:36:35.539000+00:00,player_50062ad209,player_df60523e12,1.0,0.41869852163108506,0.41869852163108506,1403.0,1460.0,1403.0,1460.0,0.41869852163108506,0.5,validation,
1170,WsrNGaAX,2025-09-18 18:36:35.539000+00:00,player_6c4dd897f2,player_93fc09dc1d,1.0,0.6371226388570661,0.6374083767444845,1900.1822075398861,1802.3969425623236,1857.0,1759.0,0.6374083767444845,0.5,validation,
1171,YHyq7HMW,2025-09-18 18:36:35.539000+00:00,player_593943d8bc,player_f81a442ec8,1.0,0.502878199574811,0.502878199574811,2017.0,2015.0,2017.0,2015.0,0.502878199574811,0.5,validation,
1172,ZwoZgbqC,2025-09-18 18:36:35.539000+00:00,player_f28e8884ba,player_4b16968a9e,1.0,0.6819866310247518,0.7607960909891424,1542.9803988347678,1410.448205402185,1605.0,1404.0,0.7791406208194696,0.5,validation,
1173,ftmBbDlI,2025-09-18 18:36:35.539000+00:00,player_fc26fe3bab,player_0c78212bc3,0.0,0.4441090388831469,0.4441090388831469,2321.0,2360.0,2321.0,2360.0,0.4441090388831469,0.5,validation,
1174,iMfEXVl2,2025-09-18 18:36:35.539000+00:00,player_5ae91b6d4e,player_f90389e219,1.0,0.8456139002423737,0.8445395282300351,1856.39915654628,1560.973589542895,1826.0,1532.0,0.8445395282300351,0.5,validation,
1175,iguh5pWI,2025-09-18 18:36:35.539000+00:00,player_df147156b7,player_ec130307e8,0.0,0.29557182362861045,0.22990332333901797,2012.8464447746487,2163.715919907544,1922.0,2132.0,0.2169225565903239,0.5,validation,
1176,m07t9S6M,2025-09-18 18:36:35.539000+00:00,player_2c01509854,player_8824ea67c7,1.0,0.40729418476291307,0.4075337694156682,1571.6563063977499,1636.8286979496281,1632.0,1697.0,0.4075337694156682,0.5,validation,
1177,ml3i9woG,2025-09-18 18:36:35.539000+00:00,player_cca7cea916,player_1f9c22288d,0.5,0.4711071325876874,0.4355995097595788,1929.1517520016844,1949.2509642750665,1916.0,1961.0,0.4285368825916186,0.5,validation,
1178,soGLy8JQ,2025-09-18 18:36:35.539000+00:00,player_c4e2ba07e4,player_2ff26cc8dc,1.0,0.7234456468506782,0.730245413297424,1785.5525654925493,1618.5024019779166,1759.0,1586.0,0.7313778578393882,0.5,validation,
1179,vBHLeV5d,2025-09-18 18:36:35.539000+00:00,player_994512bdb5,player_a5b1fb9ae7,1.0,0.46551605527316847,0.46551605527316847,1312.0,1336.0,1312.0,1336.0,0.46551605527316847,0.5,validation,
1180,wS9nvrBD,2025-09-18 18:36:35.539000+00:00,player_da4b376af4,player_ad0e8c47f8,0.0,0.47260649223688367,0.4555054269169921,1297.851698169172,1316.905736580256,1340.0,1371.0,0.45265148195413535,0.5,validation,
1181,0Mvganc9,2025-09-18 18:37:15.391000+00:00,player_f085c744a6,player_a5f43760a2,0.0,0.8815186564179259,0.8724346036357598,2081.0,1732.367384933584,2081.0,1747.0,0.8705002577432696,0.5,validation,
1182,1y60UYSL,2025-09-18 18:37:15.391000+00:00,player_532343cfb4,player_0063f66597,0.0,0.6773693432202766,0.7093546305987634,1424.4552635604477,1295.6073015744728,1414.0,1259.0,0.7164236941029388,0.5,validation,
1183,6A9m6gxa,2025-09-18 18:37:15.391000+00:00,player_48896252aa,player_1929d8ad61,1.0,0.545427151872067,0.5473485180458647,1819.2602557990433,1787.6069509194454,1798.0,1765.0,0.5473485180458647,0.5,validation,
1184,AuLTkQUx,2025-09-18 18:37:15.391000+00:00,player_ffec7320b5,player_df66ee2aa5,1.0,0.4939380605014606,0.5115108912177917,1600.3048053265406,1604.5172787277538,1592.0,1584.0,0.5784967523447427,0.5,validation,
1185,BMXZMre0,2025-09-18 18:37:15.391000+00:00,player_f6c958b6d0,player_2d67ac710b,0.0,0.07476948828089833,0.06901488036818262,1329.5446614616358,1766.5548766151016,1332.0,1784.0,0.06718834790965547,0.5,validation,
1186,BqDU7FwZ,2025-09-18 18:37:15.391000+00:00,player_7f5ab1205b,player_7d30d24744,0.0,0.6232737906977381,0.7369947605406894,1908.6143642788645,1821.1531526405074,1932.0,1753.0,0.7597469266479578,0.5,validation,
1187,Cg6wPZ7a,2025-09-18 18:37:15.391000+00:00,player_ca7a0f6a0a,player_7cf1f7b63c,0.0,0.5402082283237456,0.5402082283237456,1756.0,1728.0,1756.0,1728.0,0.5402082283237456,0.5,validation,
1188,CzQmkonf,2025-09-18 18:37:15.391000+00:00,player_b88b6fa8ed,player_4ed5f92a95,0.0,0.5652952434062927,0.5629847281035958,1914.7539330338896,1869.1215574950236,1885.0,1841.0,0.5629847281035958,0.5,validation,
1189,Gka1mFhS,2025-09-18 18:37:15.391000+00:00,player_d35ed7969e,player_cca27acf09,0.0,0.0313969801096587,0.02534264638803507,1511.0,2106.703176355893,1511.0,2145.0,0.024229675948180596,0.5,validation,
1190,HanD3pyW,2025-09-18 18:37:15.391000+00:00,player_c0c8a08a0d,player_e6f9b441e6,0.0,0.6059954057189907,0.6076610641268197,1748.1273953745092,1673.340177097622,1771.0,1695.0,0.6062878237854281,0.5,validation,
1191,HhqvZcCu,2025-09-18 18:37:15.391000+00:00,player_a88a18febf,player_0de84d6141,0.0,0.5868950233791,0.5868950233791,1955.0,1894.0,1955.0,1894.0,0.5868950233791,0.5,validation,
1192,LqW9QJKq,2025-09-18 18:37:15.391000+00:00,player_a5275371e3,player_1b96f1ae58,0.0,0.5601501452319029,0.5601501452319029,1883.0,1841.0,1883.0,1841.0,0.5601501452319029,0.5,validation,
1193,N3m0n1xZ,2025-09-18 18:37:15.391000+00:00,player_4d0a03a3f3,player_3b87eb035d,1.0,0.9194433736005418,0.9309851196318173,2017.7398183104706,1594.7703315387876,1967.0,1515.0,0.9335296284754416,0.5,validation,
1194,Od2KReSD,2025-09-18 18:37:15.391000+00:00,player_9a46ffbbd8,player_96e42c3d0e,1.0,0.9238147168454898,0.9419215858047358,1982.782886341416,1549.2973701452513,2049.0,1565.0,0.9452901966235238,0.5,validation,
1195,WXfeYAnA,2025-09-18 18:37:15.391000+00:00,player_c343e7f336,player_7ac78dcfca,0.0,0.1764218630475407,0.1761384714944276,1739.2161051460823,2006.877067202485,1700.0,1968.0,0.1753046865538316,0.5,validation,
1196,XX1fIZlQ,2025-09-18 18:37:15.391000+00:00,player_a0325732d5,player_5e4e64d0cd,1.0,0.7487722987517507,0.7069752948085409,2136.6243632816195,1946.9114654730474,2094.0,1941.0,0.7233878694391705,0.5,validation,
1197,dFm7bLpN,2025-09-18 18:37:15.391000+00:00,player_b9e7961f48,player_bb9295ada1,0.0,0.08660824417275387,0.07760948942937546,1754.7516282305978,2163.9907695302136,1726.0,2156.0,0.07319608607220641,0.5,validation,
1198,fU2DddAH,2025-09-18 18:37:15.391000+00:00,player_62b9ce5dd0,player_1d84a9997a,0.0,0.382891254703156,0.3493953720661275,1867.4793092914085,1950.3938108569787,1879.0,1987.0,0.34288131351292145,0.5,validation,
1199,jiYwYeIN,2025-09-18 18:37:15.391000+00:00,player_9d716f9924,player_664279910c,1.0,0.9516454615694412,0.9540716351028596,2040.3241076735133,1522.7089321933436,1996.0,1469.0,0.9548224553181525,0.5,validation,
1200,lulaJMm6,2025-09-18 18:37:15.391000+00:00,player_c58406f07e,player_f5a4c9d30d,1.0,0.9303056575076947,0.9396775657853119,2015.1712547268567,1565.0,2042.0,1565.0,0.941605874447001,0.5,validation,
1201,mpAkwgPl,2025-09-18 18:37:15.391000+00:00,player_19e00af498,player_398c64db27,0.0,0.4221770762011999,0.42010023964211857,1840.7236966556761,1895.2437445105784,1815.0,1871.0,0.41869852163108506,0.5,validation,
1202,nJGKemMh,2025-09-18 18:37:15.391000+00:00,player_d5c5815413,player_13f2ca33cf,0.0,0.3084938090267371,0.308763847585237,1455.6046638836099,1595.8245117968609,1406.0,1546.0,0.2812431701012181,0.5,validation,
1203,uKJhhISp,2025-09-18 18:37:15.391000+00:00,player_2c115abdde,player_6a7243015c,1.0,0.8144309971098109,0.8246953134461684,2341.1662786220204,2084.226734499727,2324.0,2055.0,0.8255259873611817,0.5,validation,
1204,uuHUMbHp,2025-09-18 18:37:15.391000+00:00,player_6a76f42963,player_b036680e1f,1.0,0.42721209575123087,0.41031649686004995,1572.9693409356132,1623.9094600499047,1615.0,1678.0,0.4075337694156682,0.5,validation,
1205,v5AgLjHj,2025-09-18 18:37:15.391000+00:00,player_6128bf3766,player_f7ec6e6f48,1.0,0.2017567054271781,0.21111293178984536,1829.1507712424775,2068.073691862288,1800.0,2029.0,0.2169225565903239,0.5,validation,
1206,wLFVU5Ms,2025-09-18 18:37:15.391000+00:00,player_32fe38091b,player_b8d8b4ea8c,0.0,0.4127395845517987,0.4327711556570478,1561.2357558916058,1622.4975980220834,1597.0,1644.0,0.41869852163108506,0.5,validation,
1207,wcgre8oI,2025-09-18 18:37:15.391000+00:00,player_b6ad2d9586,player_7b52c2713d,1.0,0.9867126301785972,0.9848342757499998,2173.0,1424.6993341503014,2173.0,1448.0,0.9843983377581704,0.5,validation,
1208,zchGaPkl,2025-09-18 18:37:15.391000+00:00,player_1e9cf3b383,player_420e3154be,0.0,0.46247782725265085,0.4569335079777882,1806.7562554894216,1832.8784425049764,1831.0,1861.0,0.4540780772195163,0.5,validation,
1209,1hwibLGu,2025-09-18 18:37:50.938000+00:00,player_d3ab849fc2,player_21ddbbfc50,0.0,0.20724029610207595,0.17036717656865663,1386.8946842049754,1619.9616292653886,1351.0,1626.0,0.16238454162860258,0.5,validation,
1210,3LD2ynWE,2025-09-18 18:37:50.938000+00:00,player_d2c745135e,player_f931cf221d,0.0,0.43701527189640416,0.43701527189640416,1585.0,1629.0,1585.0,1629.0,0.43701527189640416,0.5,validation,
1211,4tB2OnV5,2025-09-18 18:37:50.938000+00:00,player_d1a9c42e72,player_98459f9e7a,1.0,0.9523699638199351,0.9679482219721289,2025.9774830948372,1505.6075716501464,2046.0,1454.0,0.9706857587295497,0.5,validation,
1212,AH6rxn2Z,2025-09-18 18:37:50.938000+00:00,player_bf51230720,player_eaa0f84f04,0.0,0.29504273835809086,0.2686221421606117,1940.3994657343976,2091.710609058289,1916.0,2090.0,0.23092407656660718,0.5,validation,
1213,D8O7hoBo,2025-09-18 18:37:50.938000+00:00,player_a0ba9e8347,player_5dacf33841,1.0,0.5143871841659987,0.5143871841659987,1505.0,1495.0,1505.0,1495.0,0.5143871841659987,0.5,validation,
1214,DtTvYX3r,2025-09-18 18:37:50.938000+00:00,player_b0bebdfa76,player_a557539b5d,1.0,0.9670219806247802,0.9621351633851132,1783.8847107913957,1197.0,1759.0,1197.0,0.9610725312524264,0.5,validation,
1215,JU3Li4AC,2025-09-18 18:37:50.938000+00:00,player_d08187f31f,player_03e45ffb64,1.0,0.29582643949372167,0.3161836858063414,1497.0817547240556,1647.7388459962958,1578.0,1712.0,0.31992932426277854,0.5,validation,
1216,PtYKmFK7,2025-09-18 18:37:50.938000+00:00,player_3c53727464,player_6ebc78a27e,0.0,0.7412430245912608,0.7597469266479578,2020.8509924353561,1838.0235710609988,2059.0,1859.0,0.7586946201468556,0.5,validation,
1217,QG1gCk5R,2025-09-18 18:37:50.938000+00:00,player_f49177c9b4,player_b7120baa1d,0.5,0.059883240709575444,0.04746577633233676,831.0,1309.3505999037939,831.0,1352.0,0.04517754468184758,0.5,validation,
1218,TWejIM7T,2025-09-18 18:37:50.938000+00:00,player_964c1776f2,player_108ffeb6a3,0.0,0.6818125177192954,0.6699690139034832,1948.1490075646439,1815.7562554894216,1910.0,1787.0,0.667418421873223,0.5,validation,
1219,ZqfIfNFp,2025-09-18 18:37:50.938000+00:00,player_2974fd4830,player_acc164288c,0.0,0.947443931592107,0.9349442462224661,1919.9764289390012,1417.604169254673,1896.0,1433.0,0.9313540665199443,0.5,validation,
1220,aDIbeRS7,2025-09-18 18:37:50.938000+00:00,player_a43116799c,player_b10b6ca0e2,0.0,0.5834527378878956,0.5896835031399501,1762.2763033443239,1703.7397442009567,1788.0,1725.0,0.5910755963149433,0.5,validation,
1221,bDlIP435,2025-09-18 18:37:50.938000+00:00,player_32d0daef58,player_a6e334c54a,1.0,0.48705085510713625,0.48705085510713625,1524.0,1533.0,1524.0,1533.0,0.48705085510713625,0.5,validation,
1222,cg8ACaet,2025-09-18 18:37:50.938000+00:00,player_afb28e8c38,player_29be8049e6,1.0,0.37157618282107074,0.35596614617770733,1750.9641599873846,1842.2460669661104,1717.0,1820.0,0.35333115767438533,0.5,validation,
1223,icNwdx0W,2025-09-18 18:37:50.938000+00:00,player_72de9d8c65,player_8ffd49fad2,1.0,0.33722734317848174,0.3787032768775454,1539.6792414651745,1657.0559622598648,1611.0,1697.0,0.373300918333268,0.5,validation,
1224,kIlfDOEC,2025-09-18 18:37:50.938000+00:00,player_2164716222,player_4a673ee2af,0.0,0.8621005668107908,0.9057053735432374,1912.3585172886176,1593.9603374721214,1945.0,1552.0,0.9141902593095826,0.5,validation,
1225,o2DkdBqm,2025-09-18 18:37:50.938000+00:00,player_030fe27be7,player_95a4f7be7c,0.0,0.1494662255790737,0.13954883824228792,1786.43019004052,2088.4895886082263,1729.0,2045.0,0.14517082246824042,0.5,validation,
1226,pmgWcnJX,2025-09-18 18:37:50.938000+00:00,player_37bee017ff,player_d244016f29,1.0,0.9993151349644145,0.9993435301193212,2129.0,863.3610118971216,2129.0,856.0,0.9993584636116355,0.5,validation,
1227,qUz6VaRT,2025-09-18 18:37:50.938000+00:00,player_ee136d9400,player_fb1aa778b6,0.0,0.6035363185261781,0.6035363185261781,2124.0,2051.0,2124.0,2051.0,0.6035363185261781,0.5,validation,
1228,sajhpTIu,2025-09-18 18:37:50.938000+00:00,player_74daf94754,player_7c2d2c355b,1.0,0.28665466453731797,0.24341940570494724,1709.284365720826,1867.6606907626717,1706.0,1903.0,0.23194799683241596,0.5,validation,
1229,tCdqy4Oq,2025-09-18 18:37:50.938000+00:00,player_02c1b57fd3,player_abbe762f0d,1.0,0.9389657021938665,0.936330811469416,2043.8150038388474,1568.9846932126163,2019.0,1552.0,0.935986774333214,0.5,validation,
1230,y5u4OKBk,2025-09-18 18:37:50.938000+00:00,player_a0efc8f05c,player_a0cfb76086,1.0,0.8236902131826436,0.8376154583713974,1481.481797891659,1213.6868036690278,1453.0,1168.0,0.8430219644140362,0.5,validation,
1231,yM5r8BqL,2025-09-18 18:37:50.938000+00:00,player_92306bfce4,player_92018183e0,0.0,0.31233843635801434,0.29661499652817136,1631.9361125515306,1769.0358400126154,1652.0,1802.0,0.2918336117187994,0.5,validation,
1232,0Gehk9Tg,2025-09-18 18:38:28.616000+00:00,player_80d88cf3a0,player_55c67ec4b3,1.0,0.5842297535585844,0.6280448056219418,1562.8982146689996,1503.80610908029,1580.0,1489.0,0.6347433350523167,0.5,validation,
1233,0veAGyv9,2025-09-18 18:38:28.616000+00:00,player_ca5d2a0460,player_0e74bde4ce,1.0,0.8372420896730692,0.8631931113967899,1812.5615808945438,1528.0380017991286,1797.0,1477.0,0.8678823457606359,0.5,validation,
1234,CXZakzm6,2025-09-18 18:38:28.616000+00:00,player_84f7ebde81,player_c2c41d6ebe,0.0,0.07462960007471162,0.09932696400964386,1603.8398532855076,2041.201648950328,1591.0,1974.0,0.10568003014887221,0.5,validation,
1235,En2fJ2Z9,2025-09-18 18:38:28.616000+00:00,player_4039bd1e01,player_21f2010af5,1.0,0.49734383708299207,0.4726840269935071,1950.303881973443,1952.1495903726611,1967.0,1986.0,0.5100724469274385,0.5,validation,
1236,LPHCyFUg,2025-09-18 18:38:28.616000+00:00,player_5dc4bce2c1,player_60763798b1,1.0,0.7244309729611145,0.6622877974308888,1944.1503874696152,1776.2437445105784,1927.0,1810.0,0.6519120398746636,0.5,validation,
1237,PPff4t3m,2025-09-18 18:38:28.616000+00:00,player_95b5fb3246,player_5a96470b35,0.0,0.43493282657329846,0.5172625244323762,1886.7642024485745,1932.2353589157547,1883.0,1871.0,0.5330513938844411,0.5,validation,
1238,WhmNkknE,2025-09-18 18:38:28.616000+00:00,player_37a20655c3,player_d39c4ff769,1.0,0.868252813643251,0.8445395282300351,2104.8148957741546,1777.252955643499,2105.0,1811.0,0.9137376073691662,0.5,validation,
1239,ZGenxeIh,2025-09-18 18:38:28.616000+00:00,player_95f21b86f5,player_9f1e963216,1.0,0.3620412190397904,0.31122643133128686,1605.1492129889689,1703.563053370631,1617.0,1755.0,0.29902260138989206,0.5,validation,
1240,gXbJtZRA,2025-09-18 18:38:28.616000+00:00,player_38890ec10e,player_973b18a40d,1.0,0.6888813432756568,0.7152527510491987,1834.060330238657,1695.9729830294261,1845.0,1685.0,0.7233878694391705,0.5,validation,
1241,ljqoU6V6,2025-09-18 18:38:28.616000+00:00,player_8855d0e065,player_ac9aa3c4ad,0.0,0.06409734876447815,0.08140035057929543,1549.850706428253,2015.6069509194454,1572.0,1993.0,0.08535924209948728,0.5,validation,
1242,nqE2lEDO,2025-09-18 18:38:28.616000+00:00,player_005a944af2,player_6fffeaa105,0.0,0.2528410509617872,0.23092407656660718,1702.972876763236,1891.1990430412711,1684.0,1893.0,0.22384542465816928,0.5,validation,
1243,vEqrcWEF,2025-09-18 18:38:28.616000+00:00,player_19c14d418c,player_ec49a3e3e3,1.0,0.5656231813207421,0.5742802036545245,1547.1054539345948,1501.2412299873467,1528.0,1476.0,0.5756869523764296,0.5,validation,
1244,vSmD0cwD,2025-09-18 18:38:28.616000+00:00,player_8993b8270f,player_7d54128d1b,0.0,0.30103194516576254,0.32875941918416823,1374.4137714544802,1520.751668503794,1394.0,1518.0,0.3351420214452352,0.5,validation,
1245,4lqgjTIK,2025-09-18 18:38:28.617000+00:00,player_d999230d73,player_435e174d21,1.0,0.667563753983437,0.6825703854747719,1583.2778547565383,1462.1641032582236,1637.0,1504.0,0.6863002576833125,0.5,validation,
1246,Bh9gLW6e,2025-09-18 18:38:28.617000+00:00,player_fc4855a868,player_217305fb8c,1.0,0.9365711840965892,0.9434762493459331,1701.2763033443239,1233.5746283415851,1727.0,1238.0,0.9452901966235238,0.5,validation,
1247,N0z7gxdK,2025-09-18 18:38:28.617000+00:00,player_b07e76c677,player_5984ff8e62,1.0,0.42571979634547563,0.42571979634547563,1772.0,1824.0,1772.0,1824.0,0.42571979634547563,0.5,validation,
1248,W1Tckshz,2025-09-18 18:38:28.617000+00:00,player_c2e473fec3,player_017017d8a9,1.0,0.7671263778435814,0.7586946201468556,1238.0587519507028,1030.960104745843,1268.0,1069.0,0.7597469266479578,0.5,validation,
1249,aqaWNqvT,2025-09-18 18:38:28.617000+00:00,player_9f7b19bc35,player_dde53ccc56,1.0,0.8488416990635856,0.8793171534540078,1662.7578817251172,1363.0,1708.0,1363.0,0.8852936760540788,0.5,validation,
1250,cfijDdIg,2025-09-18 18:38:28.617000+00:00,player_6e7ce99497,player_6b78644533,1.0,0.48992755307256153,0.48992755307256153,1697.0,1704.0,1697.0,1704.0,0.48992755307256153,0.5,validation,
1251,ncIZw3OM,2025-09-18 18:38:28.617000+00:00,player_893f809f22,player_b8849af3fd,0.0,0.5201367220358165,0.5201367220358165,1970.0,1956.0,1970.0,1956.0,0.5201367220358165,0.5,validation,
1252,pp6pigVL,2025-09-18 18:38:28.617000+00:00,player_664743d1ae,player_aeced0232c,1.0,0.46551605527316847,0.46551605527316847,1878.0,1902.0,1878.0,1902.0,0.46551605527316847,0.5,validation,
1253,uRzRqgic,2025-09-18 18:38:28.617000+00:00,player_d78bcee283,player_cbc32abe9f,0.0,0.2687922553308038,0.24661392221438547,1635.0,1808.8496125303848,1635.0,1829.0,0.2423608251377483,0.5,validation,
1254,wNTofXpL,2025-09-18 18:38:28.617000+00:00,player_1493f41ec5,player_8b77a01331,0.5,0.7152527510491987,0.7152527510491987,2148.0,1988.0,2148.0,1988.0,0.7152527510491987,0.5,validation,
1255,0YmasQ4S,2025-09-18 18:39:08.439000+00:00,player_2ff26cc8dc,player_964c1776f2,0.0,0.14826227961860322,0.13748809600868891,1600.80292337636,1904.513006430609,1583.0,1902.0,0.1347802947714417,0.5,validation,
1256,4b2AklOQ,2025-09-18 18:39:08.439000+00:00,player_4c945685aa,player_f28ca29037,1.0,0.5175673310184,0.5728722513945045,1746.3333453040177,1734.1212867358036,1816.0,1765.0,0.5854986786718095,0.5,validation,
1257,7KCj209X,2025-09-18 18:39:08.439000+00:00,player_d6a4bed269,player_52e310c69a,1.0,0.8227570869872771,0.8288176477542757,2050.944404064827,1784.2633029620613,2033.0,1759.0,0.8304449113532372,0.5,validation,
1258,9be6eYOg,2025-09-18 18:39:08.439000+00:00,player_fe07396c8e,player_1e826fa561,0.0,0.09885109820973918,0.060649558509397815,1907.908683046506,2291.83470672675,1817.0,2293.0,0.05470980337647618,0.5,validation,
1259,ASHl1fhf,2025-09-18 18:39:08.439000+00:00,player_1c67074439,player_cecf45edb1,1.0,0.09197135760384598,0.1314590000241483,1746.4450436606626,2144.2238239328512,1801.0,2129.0,0.1423366814461431,0.5,validation,
1260,C0u0jz3f,2025-09-18 18:39:08.439000+00:00,player_f90389e219,player_278e5a49c4,0.0,0.04611353007644883,0.041366849223937824,1551.092879158407,2077.360206833452,1530.0,2076.0,0.040687418890373576,0.5,validation,
1261,CJ24FeYC,2025-09-18 18:39:08.439000+00:00,player_4e01041f96,player_c26ea918f9,0.0,0.4913661641789174,0.4913661641789174,1604.0,1610.0,1604.0,1610.0,0.4913661641789174,0.5,validation,
1262,DH8GYdHN,2025-09-18 18:39:08.439000+00:00,player_66f4030e5c,player_c4e2ba07e4,0.0,0.34092061868737483,0.41729811503576986,1688.7382611168453,1803.252044094106,1704.0,1762.0,0.42994717641601177,0.5,validation,
1263,Fw3mDZ3p,2025-09-18 18:39:08.439000+00:00,player_5e7d9aa6cf,player_6360065250,0.0,0.3937121762145718,0.3937121762145718,1864.0,1939.0,1864.0,1939.0,0.3937121762145718,0.5,validation,
1264,LT7M4dwm,2025-09-18 18:39:08.439000+00:00,player_025ca2fadc,player_07a7cd4f02,1.0,0.47471423403974544,0.3692697113837977,1687.5645943378522,1705.1499457731281,1612.0,1705.0,0.34548000561753406,0.5,validation,
1265,N0UgcrHA,2025-09-18 18:39:08.439000+00:00,player_5df3e8ad7e,player_06d06b03f6,1.0,0.20470490873800873,0.22888573931240266,1683.2125594979977,1918.9725774627045,1707.0,1918.0,0.2340053292335112,0.5,validation,
1266,R6jmGd5C,2025-09-18 18:39:08.439000+00:00,player_3abb26cd7c,player_b35e39c762,0.5,0.5115108912177917,0.5115108912177917,1474.0,1466.0,1474.0,1466.0,0.5115108912177917,0.5,validation,
1267,RmcwbqOd,2025-09-18 18:39:08.439000+00:00,player_f04d440878,player_7c5941499d,0.0,0.8677345405416945,0.8774725143294195,1947.7761760671488,1621.0,1963.0,1621.0,0.8793171534540078,0.5,validation,
1268,V1FXdiXS,2025-09-18 18:39:08.439000+00:00,player_f9c52ce45a,player_903df3be28,1.0,0.540150896326659,0.5143871841659987,1151.0,1123.0400972837742,1151.0,1141.0,0.5086338358210827,0.5,validation,
1269,WJpHFzn4,2025-09-18 18:39:08.439000+00:00,player_d6f3dd21c4,player_b078c0ad01,1.0,0.6727431673364968,0.5896835031399501,1955.8020725680535,1830.6178434467452,1944.0,1881.0,0.5714631174083814,0.5,validation,
1270,ZOZHtBMY,2025-09-18 18:39:08.439000+00:00,player_1275bc05b6,player_1717e4f9fd,0.0,0.4121840929834117,0.43701527189640416,1960.5992220680778,2022.2592648558532,1955.0,1999.0,0.44126863067523897,0.5,validation,
1271,gyJExGcz,2025-09-18 18:39:08.439000+00:00,player_0e778d3f65,player_dcd177f64f,1.0,0.6581144904819511,0.6997694032620582,1793.3575027219665,1679.5891990270154,1802.0,1655.0,0.7081663882812006,0.5,validation,
1272,hqOegf2Y,2025-09-18 18:39:08.439000+00:00,player_a0515efc94,player_21447cc334,0.0,0.07856247086426082,0.06682846456966873,914.0326595115246,1341.7329645697446,911.0,1369.0,0.05530827471561296,0.5,validation,
1273,ixwr8c0g,2025-09-18 18:39:08.439000+00:00,player_68a26254e6,player_f5a9fa68bd,0.0,0.20740365218811346,0.1547061893820004,1549.6743347089966,1782.5686015803665,1556.0,1851.0,0.14445792510730254,0.5,validation,
1274,jYvaWHfw,2025-09-18 18:39:08.439000+00:00,player_44e465dc84,player_ca0d4971ee,1.0,0.31542581256209934,0.3149403910066497,1737.5023682902565,1872.111683925313,1721.0,1856.0,0.3038712295704002,0.5,validation,
1275,l8I2M8Ed,2025-09-18 18:39:08.439000+00:00,player_b59f7a9d5f,player_06cd8b8e81,0.0,0.09064680642687269,0.08402058726172794,1318.3265408793723,1718.8785761793167,1309.0,1724.0,0.07969511932764055,0.5,validation,
1276,nlfuGSVV,2025-09-18 18:39:08.439000+00:00,player_030cfa39b1,player_d360f2bc80,1.0,0.4540780772195163,0.4540780772195163,2039.0,2071.0,2039.0,2071.0,0.4540780772195163,0.5,validation,
1277,o1rs7hWx,2025-09-18 18:39:08.439000+00:00,player_776e432ee9,player_eb7a60a326,0.0,0.224913722028074,0.15171893128728828,1815.0701770769222,2030.003815329722,1763.0,2062.0,0.13612852365814215,0.5,validation,
1278,pdLS3mgd,2025-09-18 18:39:08.439000+00:00,player_e3bd861454,player_bf3973fa8d,1.0,0.5201367220358165,0.5201367220358165,1584.0,1570.0,1584.0,1570.0,0.5201367220358165,0.5,validation,
1279,uOUpcWoQ,2025-09-18 18:39:08.439000+00:00,player_e384688a60,player_a929a1e08a,1.0,0.24768500639431762,0.24768500639431762,1666.0,1859.0,1666.0,1859.0,0.24768500639431762,0.5,validation,
1280,utLZ020k,2025-09-18 18:39:08.439000+00:00,player_934446d768,player_5ae91b6d4e,1.0,0.5821538784623256,0.584100958813678,1923.8884348524216,1866.279866930768,1887.0,1828.0,0.5854986786718095,0.5,validation,
1281,wYxHHlUB,2025-09-18 18:39:08.439000+00:00,player_d731db137d,player_1e9d72a955,0.0,0.4355995097595788,0.4355995097595788,1482.0,1527.0,1482.0,1527.0,0.4355995097595788,0.5,validation,
1282,wy1q9LOS,2025-09-18 18:39:08.439000+00:00,player_a2a18e398c,player_918f0c414b,1.0,0.4744894048472286,0.4271277486054956,1746.5436400538897,1764.2856229676738,1672.0,1723.0,0.3937121762145718,0.5,validation,
1283,2z9YvTyN,2025-09-18 18:39:47.255000+00:00,player_76a12ceccb,player_7ad302e497,0.5,0.4841750147352649,0.4841750147352649,1709.0,1720.0,1709.0,1720.0,0.4841750147352649,0.5,validation,
1284,7ACCCl5k,2025-09-18 18:39:47.255000+00:00,player_6ebc78a27e,player_d3f20ec1d1,1.0,0.8622865470257772,0.8711477984045555,1885.4631246348395,1566.7930275374829,1874.0,1542.0,0.8705002577432696,0.5,validation,
1285,7N6Z7W9L,2025-09-18 18:39:47.255000+00:00,player_941991fe0c,player_593943d8bc,1.0,0.26503971468875764,0.31122643133128686,1871.6346285882412,2048.815795227212,1885.0,2023.0,0.32243941991489944,0.5,validation,
1286,AQJm758q,2025-09-18 18:39:47.255000+00:00,player_a34bfe0ed8,player_e0cd2caec3,0.0,0.7768137589910292,0.7680520031675839,1980.3511265858765,1763.6913299718306,1964.0,1756.0,0.7690759234333929,0.5,validation,
1287,AknTvAVC,2025-09-18 18:39:47.255000+00:00,player_02fcecb30b,player_1021938902,1.0,0.8066624149090144,0.7820980161313187,1955.6488686218538,1707.4986556181057,1915.0,1693.0,0.7761545753418307,0.5,validation,
1288,C1Xg7Gia,2025-09-18 18:39:47.255000+00:00,player_06ea361d81,player_32fe38091b,0.0,0.18136013599246972,0.13748809600868891,1273.0,1534.8204224802907,1273.0,1592.0,0.12885220159544447,0.5,validation,
1289,FhCgWHUK,2025-09-18 18:39:47.255000+00:00,player_b8d8b4ea8c,player_935717ae79,0.0,0.6549889221265577,0.655820505912395,1648.9129314333984,1537.5525654925493,1649.0,1537.0,0.672509643334985,0.5,validation,
1290,Hd46qupH,2025-09-18 18:39:47.255000+00:00,player_05483bced9,player_57f89e6d2a,0.5,0.6427130688326204,0.6427130688326204,2013.0,1911.0,2013.0,1911.0,0.6427130688326204,0.5,validation,
1291,MbPmkNbo,2025-09-18 18:39:47.255000+00:00,player_76f85d67e3,player_d1201a2601,0.0,0.6660748546001538,0.6737761878883222,1930.3568664686609,1810.4073005081548,1933.0,1807.0,0.6737761878883222,0.5,validation,
1292,Q6KCpjJk,2025-09-18 18:39:47.255000+00:00,player_05e658379f,player_26faf633c9,0.0,0.401858433103956,0.4626526828335072,1867.4357029128766,1936.5280619217208,1834.0,1860.0,0.4569335079777882,0.5,validation,
1293,QQN9sxy0,2025-09-18 18:39:47.255000+00:00,player_a78c9b1940,player_1e5a755272,0.0,0.1491670490476409,0.09678159570481917,1636.7850883351396,1939.2536493898538,1546.0,1934.0,0.08717418825458685,0.5,validation,
1294,QgcIcMDA,2025-09-18 18:39:47.255000+00:00,player_c8c8bb41b1,player_73f51993cb,1.0,0.5558909611168531,0.5558909611168531,2061.0,2022.0,2061.0,2022.0,0.5558909611168531,0.5,validation,
1295,UAQR3mGo,2025-09-18 18:39:47.255000+00:00,player_1e931b2cbd,player_7b52c2713d,1.0,0.6643427819885555,0.6334077000711676,1542.4474345074507,1423.8489424817317,1543.0,1448.0,0.626699081666732,0.5,validation,
1296,V2Z8HtcR,2025-09-18 18:39:47.255000+00:00,player_25d490f1a0,player_e643340d13,1.0,0.6391501456647928,0.6360768996878818,1827.481797891659,1728.1712547268567,1799.0,1702.0,0.6347433350523167,0.5,validation,
1297,VtptABZa,2025-09-18 18:39:47.255000+00:00,player_b6ad2d9586,player_e558f7f0c0,0.0,0.895848962753925,0.9057053735432374,2173.85039166857,1800.0219133821286,2173.0,1780.0,0.908134935731807,0.5,validation,
1298,WxgJrlxl,2025-09-18 18:39:47.255000+00:00,player_04d4b5b801,player_6c71c5383e,0.0,0.3434780361843921,0.33258157812677697,1672.9780866178714,1785.518202108341,1693.0,1814.0,0.33130504369266833,0.5,validation,
1299,YQXEayI3,2025-09-18 18:39:47.255000+00:00,player_39cc58fb88,player_fb9f3bd030,1.0,0.971759584649719,0.9773509220216526,1641.6515301283953,1026.9764289390012,1657.0,1003.0,0.9783482271435652,0.5,validation,
1300,bavCVdQP,2025-09-18 18:39:47.255000+00:00,player_39fffe480d,player_f6a73297ab,1.0,0.6104024220946891,0.6104024220946891,1686.0,1608.0,1686.0,1608.0,0.6104024220946891,0.5,validation,
1301,ecPKtWhJ,2025-09-18 18:39:47.255000+00:00,player_5606388063,player_3c53727464,0.0,0.08122342810774014,0.05382352603126087,1552.0,1973.4114388615155,1552.0,2050.0,0.049052005347292676,0.5,validation,
1302,fLSCrcVc,2025-09-18 18:39:47.255000+00:00,player_6e54aad305,player_a4af4da67c,1.0,0.5367040512984194,0.48561281583400134,1604.2269782022356,1578.6764297876757,1628.0,1638.0,0.4741190691088309,0.5,validation,
1303,ha8P0bT2,2025-09-18 18:39:47.255000+00:00,player_3e7849ca33,player_7ce6c5217c,1.0,0.6648092912018402,0.7325072897556676,1949.470283498769,1830.5082400769866,1943.0,1768.0,0.7447304068650347,0.5,validation,
1304,iMpkcXMS,2025-09-18 18:39:47.255000+00:00,player_d8064a3fec,player_b5d3aca269,0.0,0.5983917980748683,0.5644004902404213,1970.405153044949,1901.1319296466668,1940.0,1895.0,0.5658152030692333,0.5,validation,
1305,j2RS1b9X,2025-09-18 18:39:47.255000+00:00,player_56070f28cf,player_ad126e8f5a,1.0,0.4884891087822083,0.4884891087822083,1574.0,1582.0,1574.0,1582.0,0.4884891087822083,0.5,validation,
1306,mdQCHtql,2025-09-18 18:39:47.255000+00:00,player_d220abe47e,player_0b5ecff75a,1.0,0.3728955443248891,0.4271277486054956,1755.3794906728335,1845.680567651353,1688.0,1739.0,0.4441090388831469,0.5,validation,
1307,npYgN7m4,2025-09-18 18:39:47.255000+00:00,player_d25057ff63,player_efb8e8d830,0.0,0.132083333520739,0.11354237633604944,1451.965635760696,1779.017638568705,1446.0,1803.0,0.10843133312663336,0.5,validation,
1308,pLx7F1pd,2025-09-18 18:39:47.255000+00:00,player_92924c8200,player_14b8ac2008,0.0,0.11273308000109453,0.07885479311008708,1304.0,1662.401166961249,1304.0,1731.0,0.07319608607220641,0.5,validation,
1309,qZ9KTU2Y,2025-09-18 18:39:47.255000+00:00,player_257b0330b9,player_3627829253,1.0,0.8271496854872894,0.7741479777018306,1768.3810826095798,1496.4155086738147,1761.0,1547.0,0.770096676660982,0.5,validation,
1310,s6RUdXMu,2025-09-18 18:39:47.255000+00:00,player_3243f4d046,player_5c8286e175,1.0,0.9208582447286879,0.9380252840746419,1774.314841058852,1348.0,1820.0,1348.0,0.94128855387098,0.5,validation,
1311,sUzZPoQN,2025-09-18 18:39:47.255000+00:00,player_3eb423b6f6,player_45636c392b,0.0,0.3546475495606176,0.3546475495606176,1792.0,1896.0,1792.0,1896.0,0.3546475495606176,0.5,validation,
1312,uEZGVVVN,2025-09-18 18:39:47.255000+00:00,player_b21cbf6e60,player_6a3f628a42,0.0,0.08254002026660257,0.08580974069041739,1571.258332312665,1989.6273554814072,1666.0,2077.0,0.08580974069041739,0.5,validation,
1313,yVrfeGrG,2025-09-18 18:39:47.255000+00:00,player_4ed5f92a95,player_108ffeb6a3,1.0,0.5656853717424869,0.5742802036545245,1905.3004530730263,1859.3922566234564,1847.0,1795.0,0.5756869523764296,0.5,validation,
1314,3L5RSSxC,2025-09-18 18:40:26.002000+00:00,player_bbe73bc840,player_b693603edf,1.0,0.3776775698363649,0.37061145278249774,1743.7562554894216,1830.5139600626128,1715.0,1807.0,0.3692697113837977,0.5,validation,
1315,9e4AMAlX,2025-09-18 18:40:26.002000+00:00,player_4109a84459,player_ceb09b75c0,0.0,0.15281791910904566,0.13411041754495612,1736.6441096094886,2034.1651014344234,1759.0,2083.0,0.1314590000241483,0.5,validation,
1316,BgSEoIso,2025-09-18 18:40:26.002000+00:00,player_80e7015e8d,player_30f0782407,1.0,0.34770705371653715,0.3692697113837977,1672.2678539589992,1781.5595264279486,1778.0,1871.0,0.384135895746244,0.5,validation,
1317,MFGGaKyc,2025-09-18 18:40:26.002000+00:00,player_ea0bb659d0,player_a3cb35c7d1,1.0,0.3432480623944149,0.39646368147382194,1705.8900869609665,1818.607394317626,1721.0,1794.0,0.4089244036850566,0.5,validation,
1318,OfkBjOdz,2025-09-18 18:40:26.002000+00:00,player_2b7bd85604,player_6e9e0ae007,0.0,0.1495254537765354,0.09283006384728522,1637.19672662799,1939.1752030715954,1527.0,1923.0,0.08270102779001329,0.5,validation,
1319,PYcYdJH7,2025-09-18 18:40:26.002000+00:00,player_5e4e64d0cd,player_f3cfab2553,0.0,0.604039788558265,0.6961287704295998,1930.8328925931594,1857.4672928422667,1926.0,1782.0,0.7069752948085409,0.5,validation,
1320,Q01IEBJ6,2025-09-18 18:40:26.002000+00:00,player_3430d7eb2d,player_adcfd517c2,0.0,0.4009625994946092,0.5387780920571715,1655.250019602208,1724.9900488873016,1657.0,1630.0,0.5742802036545245,0.5,validation,
1321,TJJaTOIY,2025-09-18 18:40:26.002000+00:00,player_1fadf8584b,player_f7fd229828,0.0,0.4891014993816245,0.5215733330511455,1586.2701446949368,1593.844398266955,1589.0,1574.0,0.527315973006493,0.5,validation,
1322,Yu3z6Qiq,2025-09-18 18:40:26.002000+00:00,player_ec0d3464f8,player_a0325732d5,0.0,0.29597765199291964,0.35860988804438204,2002.171926268478,2152.7029361615073,1996.0,2097.0,0.37599824138233284,0.5,validation,
1323,dW2BQQft,2025-09-18 18:40:26.002000+00:00,player_d44538ba1e,player_1b8c48a601,0.0,0.1848149950986155,0.1761384714944276,1528.5214698477932,1786.3290607421334,1509.0,1777.0,0.1753046865538316,0.5,validation,
1324,etSSr20V,2025-09-18 18:40:26.002000+00:00,player_2ecd10721c,player_c2ae71ed7e,0.0,0.1099885433290815,0.07719840648438053,1255.3544204661646,1618.5736791775266,1182.0,1613.0,0.07126736574414949,0.5,validation,
1325,hAokULQl,2025-09-18 18:40:26.002000+00:00,player_c7c60e733a,player_7694302c58,0.0,0.172737856587755,0.1314590000241483,1626.3759719119196,1898.4782217271206,1588.0,1916.0,0.12314773491920303,0.5,validation,
1326,qf73HYfS,2025-09-18 18:40:26.002000+00:00,player_40d7c3551f,player_0c78212bc3,0.0,0.017322856458101145,0.019562303872579522,1686.9064392753244,2388.4229784885215,1685.0,2365.0,0.020122039154696267,0.5,validation,
1327,ujpY6xXg,2025-09-18 18:40:26.002000+00:00,player_c61c9985a6,player_dcbf56325c,0.0,0.13790312665903506,0.16794015946966684,1820.9474818279145,2139.340264630212,1829.0,2107.0,0.1753046865538316,0.5,validation,
1328,wt6ATYjM,2025-09-18 18:40:26.002000+00:00,player_a9b8e0441a,player_4186e38648,0.0,0.04495914405623691,0.041825819962989425,1293.1297377601306,1824.0113042998942,1231.0,1775.0,0.034075571596872786,0.5,validation,
1329,xTZTJutP,2025-09-18 18:40:26.002000+00:00,player_1841a7900d,player_2ee848a5c6,0.0,0.48913773907742136,0.5043172397550598,1874.2539009727243,1881.8029606948123,1875.0,1872.0,0.5086338358210827,0.5,validation,
1330,z7mIMvZ2,2025-09-18 18:40:26.002000+00:00,player_2a2129d64b,player_c26ea918f9,1.0,0.45261666210916407,0.550199353253537,1608.4230201030846,1641.4474345074507,1655.0,1620.0,0.581301478368915,0.5,validation,
1331,D8drjAfd,2025-09-18 18:40:26.003000+00:00,player_1f4011309e,player_4fb4dbb91a,0.0,0.07422886745308846,0.055912905511951876,1533.945145277217,1972.3174653192088,1528.0,2019.0,0.05237642552941253,0.5,validation,
1332,DymNbrm2,2025-09-18 18:40:26.003000+00:00,player_4ceb64083d,player_ec6570e278,1.0,0.8149065989078241,0.8383969073869433,1770.0512690975067,1512.5645095117222,1771.0,1485.0,0.8430219644140362,0.5,validation,
1333,KhU7Mp26,2025-09-18 18:40:26.003000+00:00,player_dd8b5d8e20,player_a0cfb76086,1.0,0.9037553113390985,0.908134935731807,1591.472613587044,1202.402977312717,1564.0,1166.0,0.9105080840492277,0.5,validation,
1334,M3nIMCVM,2025-09-18 18:40:26.003000+00:00,player_26bacb70a7,player_d4ccf5765d,1.0,0.48705085510713625,0.48705085510713625,1870.0,1879.0,1870.0,1879.0,0.48705085510713625,0.5,validation,
1335,MzaP7I0O,2025-09-18 18:40:26.003000+00:00,player_c78f26ab0a,player_5352548671,0.0,0.4189912960303536,0.41589904118632204,1682.5525654925493,1739.3436204229652,1708.0,1767.0,0.41589904118632204,0.5,validation,
1336,NlClvlni,2025-09-18 18:40:26.003000+00:00,player_319d1e3e93,player_032940e141,1.0,0.21888459727003834,0.21888459727003834,1626.0,1847.0,1626.0,1847.0,0.21888459727003834,0.5,validation,
1337,YIVx334n,2025-09-18 18:40:26.003000+00:00,player_80dc495080,player_589dcb6ab1,1.0,0.9676599891344082,0.9714937550137935,1912.3930490805546,1322.0,1935.0,1322.0,0.9722801162737278,0.5,validation,
1338,c5dviCDl,2025-09-18 18:40:26.003000+00:00,player_315ca9289e,player_dce8f2a81a,0.0,0.7603803211203832,0.7659946707664889,1533.36116415474,1332.7578094185785,1584.0,1378.0,0.7680520031675839,0.5,validation,
1339,d5ThXXd2,2025-09-18 18:40:26.003000+00:00,player_a58b4f30ac,player_4fb35a570a,0.0,0.4260563919880624,0.4285368825916186,1746.895198436328,1798.6560537377773,1774.0,1824.0,0.4285368825916186,0.5,validation,
1340,jdl2zyzx,2025-09-18 18:40:26.003000+00:00,player_cfc01dba3c,player_592792b68b,1.0,0.7533860777856145,0.7533860777856145,2218.0,2024.0,2218.0,2024.0,0.7533860777856145,0.5,validation,
1341,mTGhCXef,2025-09-18 18:40:26.003000+00:00,player_b036680e1f,player_8a166b3122,0.0,0.33772158812230213,0.42571979634547563,1587.2510341779835,1704.2437445105784,1671.0,1723.0,0.4285368825916186,0.5,validation,
1342,n8AdIAYG,2025-09-18 18:40:26.003000+00:00,player_0278688299,player_6fa62cf77b,0.0,0.4620479826209608,0.45836229728523653,1514.104801563672,1540.527386412956,1540.0,1569.0,0.45836229728523653,0.5,validation,
1343,ug646Bdj,2025-09-18 18:40:26.003000+00:00,player_3e14395bcd,player_e72c5bec97,1.0,0.3546475495606176,0.3546475495606176,1494.0,1598.0,1494.0,1598.0,0.3546475495606176,0.5,validation,
1344,2HJJgEx6,2025-09-18 18:41:03.703000+00:00,player_1d84a9997a,player_a0efc8f05c,1.0,0.9413309226777101,0.956289152264316,1974.8988511579807,1492.7656242479698,1991.0,1455.0,0.9590873001033207,0.5,validation,
1345,3RMgwbBF,2025-09-18 18:41:03.703000+00:00,player_abbe762f0d,player_a3dd9c3447,0.0,0.1676275377628937,0.12314773491920303,1565.0784981530237,1843.4674333490584,1551.0,1892.0,0.1123887401401455,0.5,validation,
1346,8x8fS8Og,2025-09-18 18:41:03.703000+00:00,player_15e747c062,player_bc4e045a39,1.0,0.276025915171116,0.18206236894188432,1936.7834402171834,2104.2927050668486,1818.0,2079.0,0.1753046865538316,0.5,validation,
1347,94IJhqNX,2025-09-18 18:41:03.703000+00:00,player_e1ccd38199,player_9f7b19bc35,0.0,0.8866583293679559,0.8512207976249028,2029.778688374736,1672.4320129850478,2012.0,1709.0,0.8414923669232418,0.5,validation,
1348,Alhev8lc,2025-09-18 18:41:03.703000+00:00,player_3dccbbb04b,player_78f76fcfcd,0.0,0.44268836623770724,0.44268836623770724,1730.0,1770.0,1730.0,1770.0,0.44268836623770724,0.5,validation,
1349,AyDi5k6R,2025-09-18 18:41:03.703000+00:00,player_ce59f0ca7a,player_e1f98a8719,1.0,0.5344839447268315,0.5344839447268315,1629.0,1605.0,1629.0,1605.0,0.5344839447268315,0.5,validation,
1350,E7dUgOWC,2025-09-18 18:41:03.703000+00:00,player_3b66b065e1,player_7df46c050b,1.0,0.16827939179755202,0.20635925681183112,1486.7805203090525,1764.35913181856,1412.0,1646.0,0.2169225565903239,0.5,validation,
1351,FlSPXGpg,2025-09-18 18:41:03.703000+00:00,player_d62b36fee2,player_ba5449c385,0.5,0.1711471896243987,0.19800335588556686,1519.7741084695892,1793.8171653897934,1563.0,1806.0,0.2035453002882742,0.5,validation,
1352,J3SK6u33,2025-09-18 18:41:03.703000+00:00,player_52d2d21a8e,player_f2509c37cd,1.0,0.4971218004251891,0.4971218004251891,1800.0,1802.0,1800.0,1802.0,0.4971218004251891,0.5,validation,
1353,JbDjBuGZ,2025-09-18 18:41:03.703000+00:00,player_841bcd8983,player_11f890c0d7,1.0,0.9021882297353645,0.8246953134461684,1939.1360372294582,1553.1736221482988,1894.0,1625.0,0.7983147441549775,0.5,validation,
1354,Lobf99U1,2025-09-18 18:41:03.703000+00:00,player_d244185209,player_a5f43760a2,1.0,0.5723054914240298,0.7021826020905207,1839.382274533259,1788.784578944331,1906.0,1757.0,0.7279715135441962,0.5,validation,
1355,OTRdyras,2025-09-18 18:41:03.703000+00:00,player_b6fe7490c2,player_02c1b57fd3,1.0,0.5666740227017676,0.5952430396515719,2094.328630549911,2047.72119889844,2087.0,2020.0,0.6035363185261781,0.5,validation,
1356,OjX5fiZa,2025-09-18 18:41:03.703000+00:00,player_9b674ea365,player_2d67ac710b,1.0,0.42014206914264485,0.42994717641601177,1715.3699512491162,1771.3401238650792,1736.0,1785.0,0.42994717641601177,0.5,validation,
1357,QU5SMYSU,2025-09-18 18:41:03.703000+00:00,player_f81a442ec8,player_98159fa64e,1.0,0.941979566386968,0.946176473968739,1983.184204772788,1499.0,1997.0,1499.0,0.9512158141101019,0.5,validation,
1358,Qp3YVo33,2025-09-18 18:41:03.703000+00:00,player_8eccd7c223,player_21c1e07e8a,0.0,0.5043172397550598,0.5043172397550598,1774.0,1771.0,1774.0,1771.0,0.5043172397550598,0.5,validation,
1359,SLjqfEcW,2025-09-18 18:41:03.703000+00:00,player_e88198d0d4,player_56e48dfdf0,0.0,0.9558496868035137,0.9593125811096264,1735.4860399373872,1201.3037145631179,1756.0,1207.0,0.9606395144955483,0.5,validation,
1360,SzRF8TAg,2025-09-18 18:41:03.703000+00:00,player_8d1936f6be,player_5d93ebd8b6,1.0,0.44268836623770724,0.44268836623770724,1847.0,1887.0,1847.0,1887.0,0.44268836623770724,0.5,validation,
1361,TFnywdeb,2025-09-18 18:41:03.703000+00:00,player_c35e883c79,player_d4a5f9f474,1.0,0.6007782458900109,0.6007782458900109,1701.0,1630.0,1701.0,1630.0,0.6007782458900109,0.5,validation,
1362,ckg6TKZk,2025-09-18 18:41:03.703000+00:00,player_c343e7f336,player_255d4752b7,1.0,0.1733312948081417,0.13748809600868891,1727.9251059110397,1999.3069122265667,1698.0,2017.0,0.1308031345449462,0.5,validation,
1363,fulynmMU,2025-09-18 18:41:03.703000+00:00,player_cee1c3522c,player_873da49cd4,1.0,0.4985608882908471,0.4985608882908471,1726.0,1727.0,1726.0,1727.0,0.4985608882908471,0.5,validation,
1364,irxQCHwz,2025-09-18 18:41:03.703000+00:00,player_c13dd34172,player_934446d768,0.0,0.5715660696686348,0.6492949471109635,2000.7036192423311,1950.6305866308328,1999.0,1892.0,0.6622877974308888,0.5,validation,
1365,lCPSkoKI,2025-09-18 18:41:03.703000+00:00,player_a7ac2ec840,player_38890ec10e,0.0,0.3572040604714999,0.43843206102635396,1751.9092291979157,1853.9719242690148,1805.0,1848.0,0.4640840730548977,0.5,validation,
1366,rF4D5J1n,2025-09-18 18:41:03.703000+00:00,player_4d6de79939,player_6ebc78a27e,0.0,0.5242194822276147,0.5330513938844411,1911.1193866400913,1894.2767856251896,1900.0,1877.0,0.5430664920222119,0.5,validation,
1367,sCxsY4rm,2025-09-18 18:41:03.703000+00:00,player_5ae91b6d4e,player_8f396e4253,1.0,0.5435374964155326,0.5430664920222119,1839.537715152357,1809.2079544650169,1824.0,1794.0,0.5373473171664928,0.5,validation,
1368,thDUKTPk,2025-09-18 18:41:03.703000+00:00,player_1a30262d8c,player_ebf4c91404,0.0,0.11025103132450391,0.09830174539780497,1373.0,1735.7539330338896,1373.0,1758.0,0.09577985563038598,0.5,validation,
1369,tyKX6HsN,2025-09-18 18:41:03.703000+00:00,player_cfde590949,player_e9e7de6f78,0.0,0.8666487694091454,0.8691968654550538,1850.5783762847084,1525.4399375311657,1822.0,1493.0,0.8943199698511277,0.5,validation,
1370,vSS0RFuA,2025-09-18 18:41:03.703000+00:00,player_789b2b0faf,player_5082ae87d8,0.0,0.6635740980412955,0.6635740980412955,1272.0,1154.0,1272.0,1154.0,0.6635740980412955,0.5,validation,
1371,wMthG07k,2025-09-18 18:41:03.703000+00:00,player_17000310e2,player_4bca831314,0.0,0.4754997644514131,0.3950870979920432,1756.815795227212,1773.8539477995275,1731.0,1805.0,0.3773498042127379,0.5,validation,
1372,yQid99BQ,2025-09-18 18:41:03.703000+00:00,player_4ff3a8c942,player_26492a39ee,0.0,0.035562974441151675,0.03014442920073095,1541.017755473521,2114.328074399476,1500.0,2103.0,0.028988411199722616,0.5,validation,
1373,yfKTwziy,2025-09-18 18:41:03.703000+00:00,player_7ac78dcfca,player_668863653e,1.0,0.6065679856635856,0.6387377491117249,2018.1680664375276,1942.9641511054149,1970.0,1871.0,0.654519994382466,0.5,validation,
1374,ztkEa5K7,2025-09-18 18:41:03.703000+00:00,player_dbc760c330,player_6a76f42963,1.0,0.48334950847467834,0.4985608882908471,1598.0535405630526,1609.6277668075345,1621.0,1622.0,0.5014391117091528,0.5,validation,
1375,05XYh15b,2025-09-18 18:41:44.770000+00:00,player_2664d94925,player_dd8b5d8e20,1.0,0.8544878365252297,0.8583646041738978,1905.1549085203528,1597.6322736613417,1878.0,1565.0,0.8562520600981506,0.5,validation,
1376,0eToKW29,2025-09-18 18:41:44.770000+00:00,player_8234ec2285,player_6c6f8f4522,0.0,0.515824985264735,0.515824985264735,1428.0,1417.0,1428.0,1417.0,0.515824985264735,0.5,validation,
1377,6tvwimHh,2025-09-18 18:41:44.770000+00:00,player_085c0b189a,player_10365fd30d,0.0,0.41341177100428,0.41171002813683716,1953.8184317685336,2014.5986340600382,1975.0,2037.0,0.41310497662089996,0.5,validation,
1378,88x1yMcY,2025-09-18 18:41:44.770000+00:00,player_b6d627b631,player_ed96c59fea,0.0,0.48561281583400134,0.48561281583400134,1811.0,1821.0,1811.0,1821.0,0.48561281583400134,0.5,validation,
1379,8Onax775,2025-09-18 18:41:44.770000+00:00,player_702cea49a9,player_d5f04bdeec,0.0,0.3009500055822446,0.2918336117187994,1429.8988694976665,1576.3044218431783,1398.0,1552.0,0.2894599876301622,0.5,validation,
1380,98O2kLhQ,2025-09-18 18:41:44.770000+00:00,player_0d374b7141,player_c452fd0eed,0.0,0.24925544106803496,0.16794015946966684,1573.0853496569443,1764.6243680093144,1545.0,1823.0,0.1423366814461431,0.5,validation,
1381,C27d48gV,2025-09-18 18:41:44.770000+00:00,player_6835265010,player_361d35f71b,0.0,0.19004639375109061,0.18464818471669944,1330.503416261151,1582.3436204229652,1340.0,1598.0,0.1753046865538316,0.5,validation,
1382,CprJOc5X,2025-09-18 18:41:44.770000+00:00,player_d3f20ec1d1,player_38794755ff,0.0,0.3020069202925112,0.28357630589706123,1557.9793665471327,1703.5130554109844,1541.0,1702.0,0.287097842594546,0.5,validation,
1383,DscjZEZr,2025-09-18 18:41:44.770000+00:00,player_edf86a185e,player_f9a7f0dea2,1.0,0.926989206174663,0.9342404734144619,1405.8494775839254,964.3744348475192,1461.0,1000.0,0.9352934990460783,0.5,validation,
1384,GD0hXFuc,2025-09-18 18:41:44.770000+00:00,player_fc0265b681,player_711d3edef9,1.0,0.6924633925795177,0.6924633925795177,1759.0,1618.0,1759.0,1618.0,0.6924633925795177,0.5,validation,
1385,NKYaDZdE,2025-09-18 18:41:44.770000+00:00,player_664279910c,player_89d6485cc7,0.0,0.03281739247812785,0.015338641429021428,1519.6142417337878,2107.376004598272,1468.0,2191.0,0.01301104836375208,0.5,validation,
1386,QAIkbdKa,2025-09-18 18:41:44.770000+00:00,player_333b727a80,player_8873530087,0.0,0.7347693015963194,0.7801296039931584,1673.0662961195446,1496.0554103316892,1720.0,1500.0,0.7888870682101548,0.5,validation,
1387,T3joqftT,2025-09-18 18:41:44.770000+00:00,player_a0cfb76086,player_d999230d73,1.0,0.08703208208388674,0.060649558509397815,1196.2433172384192,1604.5537745015984,1165.0,1641.0,0.05500827253256483,0.5,validation,
1388,VDorIWnP,2025-09-18 18:41:44.770000+00:00,player_6128bf3766,player_6c4dd897f2,1.0,0.4381939461677791,0.42571979634547563,1880.238342095138,1923.406358653034,1809.0,1861.0,0.42571979634547563,0.5,validation,
1389,XOqeSgfZ,2025-09-18 18:41:44.770000+00:00,player_37bee017ff,player_39aa036cb7,1.0,0.9954265656438497,0.9966035717903663,2129.0438313622776,1193.9371205728726,2129.0,1142.0,0.9968295500345926,0.5,validation,
1390,bHIvJIXJ,2025-09-18 18:41:44.770000+00:00,player_8bc6fe346a,player_f474021626,1.0,0.4741190691088309,0.4741190691088309,1772.0,1790.0,1772.0,1790.0,0.4741190691088309,0.5,validation,
1391,bJx7O93K,2025-09-18 18:41:44.770000+00:00,player_97ba2468d3,player_54f56d1fc6,0.0,0.48992840979827834,0.37061145278249774,1674.9920738023295,1681.9914782466615,1589.0,1681.0,0.3546475495606176,0.5,validation,
1392,dc7lJpgK,2025-09-18 18:41:44.770000+00:00,player_3d74b58f44,player_d539a5e529,0.0,0.49078873792167993,0.6635740980412955,1513.9865440384867,1520.387908756309,1573.0,1455.0,0.7325072897556676,0.5,validation,
1393,dcDbyiFm,2025-09-18 18:41:44.770000+00:00,player_f5a4c9d30d,player_88e5dd9bf7,1.0,0.1825249777563967,0.1736464460559682,1560.5395620804925,1821.0004371135221,1564.0,1835.0,0.17118235224572423,0.5,validation,
1394,ekmKhXGY,2025-09-18 18:41:44.770000+00:00,player_d7f6ea0e0d,player_dad7fc297e,1.0,0.2630890422445252,0.2402530733520421,1547.2289147820145,1726.153816592947,1544.0,1744.0,0.23503873644731077,0.5,validation,
1395,hisDfJkl,2025-09-18 18:41:44.770000+00:00,player_d966362425,player_d244016f29,1.0,0.9738486006798155,0.9837672404220318,1491.7157854626425,863.317180534844,1569.0,856.0,0.9855889434351226,0.5,validation,
1396,k7FnNlxu,2025-09-18 18:41:44.770000+00:00,player_c2fbb99b4e,player_063cef7e75,1.0,0.5143871841659987,0.5143871841659987,1558.0,1548.0,1558.0,1548.0,0.5143871841659987,0.5,validation,
1397,mjPMYcp0,2025-09-18 18:41:44.770000+00:00,player_4802d3675e,player_192df6e25d,1.0,0.15850763307675816,0.15850763307675816,2018.0,2308.0,2018.0,2308.0,0.15850763307675816,0.5,validation,
1398,pL18taCU,2025-09-18 18:41:44.770000+00:00,player_4f042b87b8,player_9d716f9924,1.0,0.7231198625489951,0.7597469266479578,2210.1861937138915,2043.418798133069,2197.0,1997.0,0.7680520031675839,0.5,validation,
1399,sFA6v4WU,2025-09-18 18:41:44.770000+00:00,player_f7ec6e6f48,player_1eea41f6aa,1.0,0.5551041768075355,0.672509643334985,2016.9861210096274,1978.5396543507554,2020.0,1895.0,0.6949097127295025,0.5,validation,
1400,tefgvqjK,2025-09-18 18:41:44.770000+00:00,player_8ed1a7354e,player_b4161b7f7b,1.0,0.5708859167290247,0.584100958813678,1631.6563795770348,1582.0657550140602,1608.0,1549.0,0.5784967523447427,0.5,validation,
1401,x3WSKphi,2025-09-18 18:41:44.770000+00:00,player_c58406f07e,player_3e14395bcd,1.0,0.942025146923978,0.9577103416023746,2019.6316926463642,1535.3025568281205,2043.0,1501.0,0.9604212774283489,0.5,validation,
1402,yg4INeVr,2025-09-18 18:41:44.770000+00:00,player_92cfbb0eb2,player_542768fe24,0.0,0.5207795013594816,0.5230095872975623,1734.6316026616867,1720.1842047727878,1709.0,1693.0,0.5215733330511455,0.5,validation,
1403,ztMc6hL5,2025-09-18 18:41:44.770000+00:00,player_c4fe2c55ff,player_80f2fe7364,1.0,0.4913661641789174,0.4913661641789174,1928.0,1934.0,1928.0,1934.0,0.4913661641789174,0.5,validation,
1404,CuAXH2LR,2025-09-18 18:42:23.586000+00:00,player_c115812a60,player_eed3ca22ce,0.0,0.07757608751056352,0.04228965839762543,1408.3074570986464,1838.3885292458913,1364.0,1906.0,0.03683010032338034,0.5,validation,
1405,CwjcDQz1,2025-09-18 18:42:23.586000+00:00,player_1275bc05b6,player_b9e7961f48,1.0,0.7436463076387254,0.785026736998172,1934.2194401171394,1749.2087006035415,1950.0,1725.0,0.8001620559151359,0.5,validation,
1406,F7xSvYLA,2025-09-18 18:42:23.586000+00:00,player_06b7b30c6d,player_0c1124af83,0.0,0.27531638818281107,0.22284689468527405,1451.9059219210287,1620.0324725927996,1421.0,1638.0,0.20920189720276192,0.5,validation,
1407,HW7XmBQT,2025-09-18 18:42:23.586000+00:00,player_1717e4f9fd,player_01c2e33de1,1.0,0.6781570280397923,0.7490830628775357,2048.6390468067916,1919.1645520238817,2004.0,1814.0,0.7659946707664889,0.5,validation,
1408,ORxeyNLJ,2025-09-18 18:42:23.586000+00:00,player_97881bd3b6,player_b8849af3fd,0.5,0.7213419855615835,0.726830072276731,2154.516619290625,1989.2887502102922,2132.0,1962.0,0.7279715135441962,0.5,validation,
1409,T5FOoU5w,2025-09-18 18:42:23.586000+00:00,player_9c53c9af2a,player_e3bd861454,1.0,0.6197958488471452,0.6307302886162022,1699.6039733489943,1614.7112497897078,1683.0,1590.0,0.6347433350523167,0.5,validation,
1410,Uvf4csbp,2025-09-18 18:42:23.586000+00:00,player_e95f53cf21,player_b88b6fa8ed,1.0,0.5312829552090518,0.5402082283237456,1900.3410919071875,1878.5750374558868,1907.0,1879.0,0.5430664920222119,0.5,validation,
1411,Yw6hbLkR,2025-09-18 18:42:23.586000+00:00,player_df66ee2aa5,player_9d8044bdb0,0.0,0.4468510345707676,0.5244454611206615,1572.1293145998472,1609.2010492731836,1562.0,1545.0,0.4769904127024377,0.5,validation,
1412,ZSTrQnvI,2025-09-18 18:42:23.586000+00:00,player_1f9c22288d,player_df147156b7,0.0,0.43343822081064665,0.5601501452319029,1947.4018207606784,1993.9298480624177,1961.0,1919.0,0.5910755963149433,0.5,validation,
1413,c5GXkgQA,2025-09-18 18:42:23.586000+00:00,player_7af80abc6c,player_4ec4dc8f6d,1.0,0.903620375002235,0.9223905105706245,1667.3683973383133,1278.568084244425,1694.0,1264.0,0.9256237164516561,0.5,validation,
1414,cNNq0x2M,2025-09-18 18:42:23.586000+00:00,player_4fb35a570a,player_9b674ea365,1.0,0.6041460789269303,0.6226501957872621,1825.9236628250133,1752.4808588239869,1829.0,1742.0,0.626699081666732,0.5,validation,
1415,kUpbbDN6,2025-09-18 18:42:23.586000+00:00,player_05bddac032,player_90b1013359,1.0,0.7334035667418952,0.8497568518427462,2064.479711190334,1888.6842380114417,2129.0,1828.0,0.8691968654550538,0.5,validation,
1416,qtgB58qJ,2025-09-18 18:42:23.586000+00:00,player_934446d768,player_d9a91f076b,1.0,0.6051036436658961,0.6199413590445233,1987.2108150896254,1913.0721584887265,1900.0,1815.0,0.6253513933075368,0.5,validation,
1417,ti1UkVUs,2025-09-18 18:42:23.586000+00:00,player_a23797bd22,player_f9c52ce45a,1.0,0.9125205462587888,0.904220144369614,1587.7649783680129,1180.430342635094,1587.0,1197.0,0.9248272212397116,0.5,validation,
1418,tt1G9Pww,2025-09-18 18:42:23.586000+00:00,player_bb9295ada1,player_cca7cea916,0.5,0.7978813793729628,0.7992399910868982,2169.5336971572697,1931.0008955160724,2156.0,1916.0,0.7955199003127421,0.5,validation,
1419,x3Aj3hpj,2025-09-18 18:42:23.586000+00:00,player_cca27acf09,player_b07e76c677,1.0,0.8489899285126487,0.8915686668733666,2108.7125830829114,1808.7539330338896,2145.0,1779.0,0.8996383151500511,0.5,validation,
1420,zZwj6KHi,2025-09-18 18:42:23.586000+00:00,player_c88594a5c4,player_25cbe16412,1.0,0.6492519770624836,0.6240017586176672,1754.7089915016404,1647.741771872772,1713.0,1625.0,0.6172250309049463,0.5,validation,
1421,7Xfly71F,2025-09-18 18:42:23.587000+00:00,player_06a54f1a6d,player_893f809f22,0.0,0.1208593458118467,0.10513721035591964,1592.0,1936.7112497897078,1592.0,1964.0,0.10193172098897373,0.5,validation,
1422,D44glhYB,2025-09-18 18:42:23.587000+00:00,player_85342f5a9d,player_b795608238,1.0,0.6391070373595172,0.5330513938844411,1473.2127586082263,1373.9346841158656,1497.0,1474.0,0.5071950817090514,0.5,validation,
1423,GgTEo1sh,2025-09-18 18:42:23.587000+00:00,player_bf3973fa8d,player_72353f316c,1.0,0.14567503356388117,0.1458866380543756,1539.2887502102922,1846.5839387560213,1564.0,1871.0,0.10568003014887221,0.5,validation,
1424,O2qWbECU,2025-09-18 18:42:23.587000+00:00,player_d831ce64c8,player_599ee886a6,0.0,0.08076412861718014,0.07164931798655375,1628.0,2050.483380709375,1628.0,2073.0,0.06975828735890625,0.5,validation,
1425,YeGjplCQ,2025-09-18 18:42:23.587000+00:00,player_86b23a224d,player_4f59cdad6a,0.0,0.596629173305774,0.596629173305774,1430.0,1362.0,1430.0,1362.0,0.596629173305774,0.5,validation,
1426,eS65R14I,2025-09-18 18:42:23.587000+00:00,player_4d235613cf,player_a43116799c,1.0,0.05747195383213774,0.04205712781253946,1239.0,1724.9353281194985,1239.0,1782.0,0.039360485504451724,0.5,validation,
1427,gNeCeVOb,2025-09-18 18:42:23.587000+00:00,player_366327a96d,player_d29568cfff,1.0,0.035850665292839416,0.05807841419526414,1504.1411654062676,2076.0,1592.0,2076.0,0.06470650095392179,0.5,validation,
1428,hl2uSoLO,2025-09-18 18:42:23.587000+00:00,player_d2957f5462,player_532343cfb4,1.0,0.6057074343984199,0.6076610641268197,1455.6813518634196,1381.10362559435,1482.0,1406.0,0.6090326034042396,0.5,validation,
1429,j38ehTtH,2025-09-18 18:42:23.587000+00:00,player_317c1f7d73,player_d35ed7969e,1.0,0.8360508479361097,0.834459181708983,1792.0,1508.9905932729819,1792.0,1511.0,0.834459181708983,0.5,validation,
1430,pe09ID9y,2025-09-18 18:42:23.587000+00:00,player_f055c06ad8,player_a58b4f30ac,1.0,0.7051097136884626,0.6825703854747719,1871.066081547179,1719.627589349092,1902.0,1769.0,0.676301669492737,0.5,validation,
1431,sZDG35k4,2025-09-18 18:42:23.587000+00:00,player_b036680e1f,player_3b38c16574,1.0,0.5675691231775801,0.7033850034718286,1565.636852538156,1518.3960266510057,1667.0,1517.0,0.704584592662721,0.5,validation,
1432,0Xkqz9kT,2025-09-18 18:43:00.444000+00:00,player_1556d7324c,player_ae2d1d73b5,0.0,0.3775989278433928,0.3773498042127379,1664.6316026616867,1751.4474345074507,1639.0,1726.0,0.3773498042127379,0.5,validation,
1433,3LEaNzph,2025-09-18 18:43:00.444000+00:00,player_b846d40c1d,player_02fcecb30b,1.0,0.6028324449155203,0.6427130688326204,2040.5116160321943,1968.022474067677,2020.0,1918.0,0.6532171672188698,0.5,validation,
1434,5dmJs2Qo,2025-09-18 18:43:00.444000+00:00,player_8a166b3122,player_92018183e0,1.0,0.41008311766362415,0.399221754109989,1725.8579261504058,1789.0254999395283,1735.0,1806.0,0.399221754109989,0.5,validation,
1435,6LA6UDrW,2025-09-18 18:43:00.444000+00:00,player_8f3a2645e4,player_3a509c3c97,0.0,0.08688459913647137,0.07843767494302172,1482.3007720353744,1890.933918452821,1433.0,1861.0,0.07678931969710022,0.5,validation,
1436,Hpn1URpO,2025-09-18 18:43:00.444000+00:00,player_486e8abbbb,player_1c67074439,0.5,0.2410283986508674,0.20635925681183112,1605.2959525008825,1804.5588767740164,1577.0,1811.0,0.19618148057531573,0.5,validation,
1437,K27Yp29S,2025-09-18 18:43:00.444000+00:00,player_3c53727464,player_c8dd4feac5,0.5,0.8666261421966394,0.8864576236639505,1978.609738260411,1653.505309303257,2051.0,1694.0,0.8904506387229247,0.5,validation,
1438,KdJsBdTS,2025-09-18 18:43:00.444000+00:00,player_db00527c42,player_c5b91a311c,1.0,0.908623889787896,0.941605874447001,2008.7445992376104,1609.7240054062443,2065.0,1582.0,0.9470491982010917,0.5,validation,
1439,MXWIyLiz,2025-09-18 18:43:00.444000+00:00,player_9ead8cc339,player_b0bebdfa76,1.0,0.6651649013422319,0.6863002576833125,1905.2346435244683,1785.99530403141,1895.0,1759.0,0.6900062072803139,0.5,validation,
1440,QmydALz0,2025-09-18 18:43:00.444000+00:00,player_dcbf56325c,player_867628c4aa,1.0,0.7623385235056167,0.7533860777856145,2148.16606473639,1945.6904344244217,2109.0,1915.0,0.750163481828642,0.5,validation,
1441,Uvz2zqjN,2025-09-18 18:43:00.444000+00:00,player_6a7243015c,player_2ff421b778,0.5,0.5533207227278419,0.6334077000711676,2072.350318314755,2035.1578660147488,2053.0,1958.0,0.6597079941447481,0.5,validation,
1442,WiM9W8Q1,2025-09-18 18:43:00.444000+00:00,player_ec130307e8,player_2c115abdde,0.0,0.2727013719504008,0.24768500639431762,2182.6325166197753,2353.0426948069926,2134.0,2327.0,0.2487592064662893,0.5,validation,
1443,hU193I2G,2025-09-18 18:43:00.444000+00:00,player_420e3154be,player_683ffa9252,0.0,0.8501245444568082,0.8685409999758518,1862.4770234491461,1560.9762078499364,1867.0,1539.0,0.8724346036357598,0.5,validation,
1444,hiXyWpN4,2025-09-18 18:43:00.444000+00:00,player_9739737f0b,player_6fb1613252,1.0,0.3697268666507191,0.3612622508882752,1739.3280871045476,1831.987200943057,1707.0,1806.0,0.35860988804438204,0.5,validation,
1445,ighb7eng,2025-09-18 18:43:00.444000+00:00,player_361d35f71b,player_c500c8643c,1.0,0.4912385050911685,0.47842666694885455,1594.5065896230349,1600.5953230938453,1600.0,1615.0,0.4971218004251891,0.5,validation,
1446,lbSvd3S8,2025-09-18 18:43:00.444000+00:00,player_4bcd45f7e6,player_38ca9183e1,1.0,0.7736321181928469,0.8162168965756028,2246.3817906870345,2032.893916837765,2189.0,1930.0,0.8246953134461684,0.5,validation,
1447,x5JHay4e,2025-09-18 18:43:00.444000+00:00,player_4151474c72,player_3a5f3f5148,0.0,0.7735653625673972,0.784053683887815,2230.326107178123,2016.9044454622995,2219.0,1995.0,0.785026736998172,0.5,validation,
1448,0qRzHcy3,2025-09-18 18:43:00.445000+00:00,player_92306bfce4,player_14677a4bad,1.0,0.38431384546736713,0.39646368147382194,1611.9464526246177,1693.815795227212,1648.0,1721.0,0.40060320329074317,0.5,validation,
1449,8GPFmPrK,2025-09-18 18:43:00.445000+00:00,player_e8365e1d0b,player_6835265010,1.0,0.8328850859981027,0.8399506946347535,1597.3683973383133,1318.3404470610812,1623.0,1335.0,0.8352528323139615,0.5,validation,
1450,Kro8r8lG,2025-09-18 18:43:00.445000+00:00,player_a143161270,player_16ec20cd15,0.0,0.20825116249181558,0.20825116249181558,1912.0,2144.0,1912.0,2144.0,0.20825116249181558,0.5,validation,
1451,NeVKZ1ZV,2025-09-18 18:43:00.445000+00:00,player_9702c8719d,player_0008d08957,1.0,0.8145666866501119,0.8320598405303332,1898.0955545377005,1641.0,1919.0,1641.0,0.836043425542047,0.5,validation,
1452,RQBknmrY,2025-09-18 18:43:00.445000+00:00,player_fe7ec14dbd,player_75c176553b,0.0,0.525880930891169,0.525880930891169,1819.0,1801.0,1819.0,1801.0,0.525880930891169,0.5,validation,
1453,Y0lQWFif,2025-09-18 18:43:00.445000+00:00,player_e3654712da,player_e97a8de904,1.0,0.46551605527316847,0.46551605527316847,1657.0,1681.0,1657.0,1681.0,0.46551605527316847,0.5,validation,
1454,eTts6VcI,2025-09-18 18:43:00.445000+00:00,player_0afe6fb221,player_1e9cf3b383,0.0,0.11997744689624967,0.09331596833848053,1431.0,1777.157674545252,1431.0,1826.0,0.08855822999698423,0.5,validation,
1455,z4j8HMq3,2025-09-18 18:43:00.445000+00:00,player_2fa75eff25,player_56f60d1882,1.0,0.6035363185261781,0.6035363185261781,1212.0,1139.0,1212.0,1139.0,0.6035363185261781,0.5,validation,
1456,0QQx0KzW,2025-09-18 18:43:38.202000+00:00,player_23e885ddcd,player_ac3dd9df8d,0.0,0.6872788212359077,0.750163481828642,2295.8338948257697,2159.043628139797,2342.0,2151.0,0.7628849803052542,0.5,validation,
1457,LQO4B0tr,2025-09-18 18:43:38.202000+00:00,player_8a7f244524,player_928c2e13f3,1.0,0.7301328993134901,0.667418421873223,2042.1886861572498,1869.2878962900402,1920.0,1799.0,0.6466688423256146,0.5,validation,
1458,VXNCXyhG,2025-09-18 18:43:38.202000+00:00,player_85b73e0103,player_b99e1146b7,0.0,0.5836995514646625,0.6007782458900109,2007.722132890672,1949.0091405813243,1984.0,1913.0,0.6049129020079569,0.5,validation,
1459,fYCoMnOI,2025-09-18 18:43:38.202000+00:00,player_bf51230720,player_1d84a9997a,0.0,0.41850666969749933,0.3800586409554767,1921.5167304794797,1978.6536721066072,1906.0,1991.0,0.34029200585525193,0.5,validation,
1460,j14AmTv1,2025-09-18 18:43:38.202000+00:00,player_643d5f83e4,player_841bcd8983,0.0,0.3962072404902387,0.4271277486054956,1872.2097933237208,1945.3959905263948,1845.0,1896.0,0.4355995097595788,0.5,validation,
1461,raM73VVo,2025-09-18 18:43:38.202000+00:00,player_eaa0f84f04,player_28fc596757,0.0,0.27917710513095795,0.2942186402879975,2110.5933443132067,2275.3728533904937,2093.0,2245.0,0.2942186402879975,0.5,validation,
1462,02XvjdVv,2025-09-18 18:43:38.203000+00:00,player_1b96f1ae58,player_319d1e3e93,1.0,0.7606475354485153,0.7721286734685839,1876.8496092948417,1675.9913857747176,1848.0,1636.0,0.7751528656496841,0.5,validation,
1463,3ajPHk69,2025-09-18 18:43:38.203000+00:00,player_90ff108b74,player_7ec648723c,0.0,0.19627744942589506,0.1067730871742089,1481.6924844871403,1726.586783680494,1443.0,1812.0,0.09380415322649488,0.5,validation,
1464,4SgNmG3q,2025-09-18 18:43:38.203000+00:00,player_be0905ea0d,player_a5275371e3,0.0,0.015945681846587585,0.0134621294180251,1131.0,1847.1503907051583,1131.0,1877.0,0.01301104836375208,0.5,validation,
1465,5SofwwOz,2025-09-18 18:43:38.203000+00:00,player_84b84747c5,player_4a41ce008a,0.0,0.41310497662089996,0.41310497662089996,1487.0,1548.0,1487.0,1548.0,0.41310497662089996,0.5,validation,
1466,6eJXfZgC,2025-09-18 18:43:38.203000+00:00,player_d25eb787ff,player_bb127940c3,0.0,0.5473485180458647,0.5473485180458647,1854.0,1821.0,1854.0,1821.0,0.5473485180458647,0.5,validation,
1467,7loIMPWN,2025-09-18 18:43:38.203000+00:00,player_11f890c0d7,player_0db6ac79f0,1.0,0.36587768067109855,0.42571979634547563,1546.9136688513622,1642.4485176560959,1623.0,1675.0,0.399221754109989,0.5,validation,
1468,AOO2BgkN,2025-09-18 18:43:38.203000+00:00,player_a5b1fb9ae7,player_9edeb602b2,0.0,0.35283384047321525,0.34288131351292145,1301.7930275374829,1407.1712547268567,1321.0,1434.0,0.3546475495606176,0.5,validation,
1469,Bfp9gzIw,2025-09-18 18:43:38.203000+00:00,player_08095bbe41,player_8855d0e065,1.0,0.5472876284095493,0.5672288443429522,1578.7057832975675,1545.7484761073265,1618.0,1571.0,0.5728722513945045,0.5,validation,
1470,GtsKLOxw,2025-09-18 18:43:38.203000+00:00,player_5dc4bce2c1,player_2b7c501ae4,0.0,0.5492650186467356,0.5573116337622928,1961.7868052001038,1927.4425348198017,1933.0,1893.0,0.550199353253537,0.5,validation,
1471,TB16pk7u,2025-09-18 18:43:38.203000+00:00,player_032940e141,player_6835265010,1.0,0.9435877416601125,0.9490338639240656,1797.0086142252824,1307.64509256496,1838.0,1330.0,0.9467597847979775,0.5,validation,
1472,VEbAqeA4,2025-09-18 18:43:38.203000+00:00,player_94a1d0af2b,player_a4886874e6,1.0,0.4220124949492217,0.42150324765525726,1527.9696948450646,1582.6069509194454,1557.0,1612.0,0.42010023964211857,0.5,validation,
1473,XqVV26Sz,2025-09-18 18:43:38.203000+00:00,player_8ceeb9ee8c,player_1098dbe6da,0.0,0.48291042178502686,0.4741190691088309,1756.184204772788,1768.0638874484694,1730.0,1748.0,0.4712494361077314,0.5,validation,
1474,bXOKtNzX,2025-09-18 18:43:38.203000+00:00,player_7e1d5365e3,player_72de9d8c65,1.0,0.5479807631916873,0.4769904127024377,1615.5400495805968,1582.0966915017516,1602.0,1618.0,0.449800646746463,0.5,validation,
1475,feeAYB17,2025-09-18 18:43:38.203000+00:00,player_1e9d72a955,player_d33e974e79,1.0,0.541613650532785,0.5430664920222119,1554.8783686246131,1525.895198436328,1532.0,1502.0,0.5459219227804837,0.5,validation,
1476,h4D7lL2a,2025-09-18 18:43:38.203000+00:00,player_d6d0acaffa,player_0ec2da6c93,1.0,0.5868950233791,0.5868950233791,1987.0,1926.0,1987.0,1926.0,0.5868950233791,0.5,validation,
1477,isWrmxEL,2025-09-18 18:43:38.203000+00:00,player_aa9409cef8,player_4a5e68b6eb,1.0,0.8759593488944246,0.8678823457606359,1905.3552073373282,1565.7872413917737,1875.0,1548.0,0.8705002577432696,0.5,validation,
1478,izuHG6HX,2025-09-18 18:43:38.203000+00:00,player_22a8ead105,player_6af0fef417,1.0,0.30265492141014677,0.30265492141014677,2082.0,2227.0,2082.0,2227.0,0.30265492141014677,0.5,validation,
1479,jG4l4wUh,2025-09-18 18:43:38.203000+00:00,player_2d67ac710b,player_e8365e1d0b,1.0,0.6739855122704909,0.7057813597120025,1734.2292162902086,1608.0637518344347,1777.0,1625.0,0.7152527510491987,0.5,validation,
1480,lQTzCmBV,2025-09-18 18:43:38.203000+00:00,player_b82213ab8a,player_28f12ab761,0.0,0.4243130476235704,0.4243130476235704,1550.0,1603.0,1550.0,1603.0,0.4243130476235704,0.5,validation,
1481,n95fIHCW,2025-09-18 18:43:38.203000+00:00,player_0520ceb2e6,player_11bf4ccb6b,1.0,0.09963331197878814,0.10405894915827782,1278.2113441056797,1660.6172846094785,1324.0,1698.0,0.10459685263267142,0.5,validation,
1482,oT0hEnot,2025-09-18 18:43:38.203000+00:00,player_f545c6fb77,player_a0efc8f05c,1.0,0.5639891317334158,0.6661394245831221,1533.720171368122,1489.0108032993433,1574.0,1454.0,0.672509643334985,0.5,validation,
1483,wnss8jce,2025-09-18 18:43:38.203000+00:00,player_cb390f5ad7,player_5d17467af2,0.0,0.31122643133128686,0.31122643133128686,1621.0,1759.0,1621.0,1759.0,0.31122643133128686,0.5,validation,
1484,z4EyYPsM,2025-09-18 18:43:38.203000+00:00,player_60763798b1,player_b10b6ca0e2,1.0,0.5252014419199654,0.6049129020079569,1758.6073267800898,1741.080719425782,1806.0,1732.0,0.6145013610085578,0.5,validation,
1485,AvnZxwyr,2025-09-18 18:44:15.959000+00:00,player_de9a5b9e52,player_1e5a755272,1.0,0.16682149948696226,0.13817215242008227,1669.4059268311396,1948.8003405289028,1617.0,1935.0,0.13277910403245627,0.5,validation,
1486,FGdFmqIc,2025-09-18 18:44:15.959000+00:00,player_fb1994764a,player_5d93ebd8b6,0.0,0.13436971883641122,0.125024693001636,1527.719642663458,1851.3320554392133,1544.0,1882.0,0.12377068106893543,0.5,validation,
1487,PEquQeiy,2025-09-18 18:44:15.959000+00:00,player_af624832cf,player_6e7ce99497,0.0,0.33098427296853467,0.31992932426277854,1607.3930490805546,1729.644636603356,1579.0,1710.0,0.32622381211167784,0.5,validation,
1488,SP9QfPe9,2025-09-18 18:44:15.959000+00:00,player_90ff108b74,player_06b7b30c6d,0.0,0.549978606755536,0.5344839447268315,1469.130727723883,1434.2856730773287,1442.0,1418.0,0.5359159269451023,0.5,validation,
1489,ToH0YvQo,2025-09-18 18:44:15.959000+00:00,player_aeacea3497,player_278e5a49c4,0.0,0.3182450224912345,0.23711501969474583,1947.9647937104053,2080.3114727583447,1873.0,2076.0,0.2198703960068415,0.5,validation,
1490,Yx9joG2c,2025-09-18 18:44:15.959000+00:00,player_ca5d2a0460,player_f90389e219,1.0,0.8294997322383001,0.8246953134461684,1822.9780871554674,1548.1416132335141,1799.0,1530.0,0.8230246289217321,0.5,validation,
1491,ZbQuzZcm,2025-09-18 18:44:15.959000+00:00,player_2974fd4830,player_80dc495080,1.0,0.4213309000992429,0.4285368825916186,1859.3400173171062,1914.4628097759526,1885.0,1935.0,0.4285368825916186,0.5,validation,
1492,a5JvA7Cw,2025-09-18 18:44:15.959000+00:00,player_50062ad209,player_3efa1a4bf5,0.0,0.5584682116445524,0.6609990912463583,1440.2032946156105,1399.388702013689,1459.0,1343.0,0.615864104253756,0.5,validation,
1493,aIkXZ1Ez,2025-09-18 18:44:15.959000+00:00,player_5352548671,player_52e310c69a,1.0,0.4902718082615149,0.5215733330511455,1766.1590633689077,1772.919756529247,1772.0,1757.0,0.5287505638922686,0.5,validation,
1494,dl4n3Eh9,2025-09-18 18:44:15.959000+00:00,player_5f98eb3cbd,player_39fffe480d,1.0,0.7300937820370963,0.730245413297424,1883.8005489812772,1710.9342449859398,1864.0,1691.0,0.7279715135441962,0.5,validation,
1495,fgoN2jWq,2025-09-18 18:44:15.959000+00:00,player_179d43c942,player_a71ab86adb,1.0,0.9555545975286754,0.9731959575961598,2068.7186811070096,1535.747215859659,2129.0,1505.0,0.9763087922871821,0.5,validation,
1496,jPEBOcx2,2025-09-18 18:44:15.959000+00:00,player_7ec648723c,player_8149d3c56c,0.0,0.09734960220012322,0.11946643775259876,1739.1485404437512,2126.022699116338,1813.0,2160.0,0.12628957905491864,0.5,validation,
1497,rmv75Bst,2025-09-18 18:44:15.959000+00:00,player_2164716222,player_d6a4bed269,0.0,0.23493124998931364,0.35860988804438204,1857.184081012727,2062.287950497641,1934.0,2035.0,0.39233893587318014,0.5,validation,
1498,x5gWdqAG,2025-09-18 18:44:15.959000+00:00,player_0e74bde4ce,player_39cc58fb88,0.0,0.32642955347147856,0.2607797458593321,1517.621495538205,1643.4589167108134,1476.0,1657.0,0.24768500639431762,0.5,validation,
1499,yi2FFt2x,2025-09-18 18:44:15.959000+00:00,player_0c1124af83,player_ac929d51ac,1.0,0.2547966266114357,0.23711501969474583,1637.6527214364996,1824.085176776165,1641.0,1844.0,0.2340053292335112,0.5,validation,
1500,0O4xsNn9,2025-09-18 18:44:15.960000+00:00,player_a3b34a6523,player_ef3c7b9cb8,1.0,0.9151216650992249,0.935986774333214,1571.0727943956022,1158.0,1624.0,1158.0,0.9393504414906022,0.5,validation,
1501,5hKkv60D,2025-09-18 18:44:15.960000+00:00,player_fb9f3bd030,player_ee333a3fc8,0.0,0.013696638784262158,0.010481511451270421,1025.169042356583,1768.127646640642,1002.0,1792.0,0.00929913477864222,0.5,validation,
1502,8B8eG7Ge,2025-09-18 18:44:15.960000+00:00,player_a31f1f6e69,player_d63844d204,1.0,0.47986327796418354,0.47986327796418354,1650.0,1664.0,1650.0,1664.0,0.47986327796418354,0.5,validation,
1503,9Cx7vM7p,2025-09-18 18:44:15.960000+00:00,player_0b1e14e955,player_d731db137d,0.0,0.09374465254577487,0.08313877240427012,1060.0,1454.1216313753869,1060.0,1477.0,0.08097095080544864,0.5,validation,
1504,E6P6y2p9,2025-09-18 18:44:15.960000+00:00,player_5f0041b844,player_4385d4a442,0.5,0.5558909611168531,0.5558909611168531,1793.0,1754.0,1793.0,1754.0,0.5558909611168531,0.5,validation,
1505,O0dDB4ZB,2025-09-18 18:44:15.960000+00:00,player_96762f0425,player_60a2e71013,0.0,0.9198838192778191,0.94128855387098,1690.0050968641356,1266.0,1748.0,1266.0,0.944691725284387,0.5,validation,
1506,Q8jLjXXB,2025-09-18 18:44:15.960000+00:00,player_589dcb6ab1,player_eb32bf8912,0.0,0.19702728994952143,0.2120732319225979,1319.930239304602,1564.0,1336.0,1564.0,0.19891906017105437,0.5,validation,
1507,SXUWL6AE,2025-09-18 18:44:15.960000+00:00,player_46d23877ca,player_1f31c8c761,0.0,0.43701527189640416,0.43701527189640416,1852.0,1896.0,1852.0,1896.0,0.43701527189640416,0.5,validation,
1508,UrEGGdNF,2025-09-18 18:44:15.960000+00:00,player_4c9173cbff,player_edf86a185e,0.0,0.370537034296266,0.3300309860965169,1318.46674342801,1410.5221683887469,1338.0,1461.0,0.3211830802052434,0.5,validation,
1509,XKAFQM6g,2025-09-18 18:44:15.960000+00:00,player_16c96a3717,player_9cb6024ca1,1.0,0.4540780772195163,0.4540780772195163,1667.0,1699.0,1667.0,1699.0,0.4540780772195163,0.5,validation,
1510,iU49JxeJ,2025-09-18 18:44:15.960000+00:00,player_ae6197b66f,player_21485bca27,0.0,0.5327467503935379,0.5473485180458647,1714.3442310090416,1691.556839461146,1769.0,1736.0,0.5487743358597419,0.5,validation,
1511,pmGRofl6,2025-09-18 18:44:15.960000+00:00,player_c78f26ab0a,player_f31e256933,1.0,0.8696128999862994,0.8943199698511277,1655.7371225466068,1326.100583590863,1704.0,1333.0,0.8985940288909822,0.5,validation,
1512,rfuBN0zJ,2025-09-18 18:44:15.960000+00:00,player_5dacf33841,player_f9a7f0dea2,1.0,0.9479707747281003,0.9440870944880482,1463.9207797866238,959.7017440426976,1490.0,999.0,0.9428591346675568,0.5,validation,
1513,v8sqfNUc,2025-09-18 18:44:15.960000+00:00,player_3ecb4ee0d0,player_ccc6f98b3c,0.0,0.2812431701012181,0.2812431701012181,1964.0,2127.0,1964.0,2127.0,0.2812431701012181,0.5,validation,
1514,4RXBls8o,2025-09-18 18:44:53.724000+00:00,player_4a673ee2af,player_d1a9c42e72,1.0,0.1009395395284914,0.05839412555299908,1649.134773748012,2029.0258054103613,1563.0,2046.0,0.050966136075934296,0.5,validation,
1515,7JFtWC0W,2025-09-18 18:44:53.724000+00:00,player_c82858060a,player_d44538ba1e,1.0,0.4315985027988354,0.4398498547680971,1468.8631966603991,1516.6933101614818,1465.0,1507.0,0.43843206102635396,0.5,validation,
1516,ATBJgALH,2025-09-18 18:44:53.724000+00:00,player_964c1776f2,player_0c7ad288f9,1.0,0.9206845251745948,0.9352934990460783,1914.0017923261996,1488.1006262814658,1904.0,1440.0,0.94128855387098,0.5,validation,
1517,Fvvyrh3e,2025-09-18 18:44:53.724000+00:00,player_cbc32abe9f,player_c2fbb99b4e,0.0,0.7964295921797662,0.8230246289217321,1826.0523168715563,1589.0792202133762,1831.0,1564.0,0.8296328234313434,0.5,validation,
1518,FwXWaVJ4,2025-09-18 18:44:53.724000+00:00,player_adcfd517c2,player_ae5764b808,0.0,0.29033039124542265,0.19347247718289215,1750.6516552549565,1905.9171383883915,1636.0,1884.0,0.1736464460559682,0.5,validation,
1519,JDKTY56L,2025-09-18 18:44:53.724000+00:00,player_acc164288c,player_1fadf8584b,0.0,0.39134156385186314,0.30999379271968613,1478.240580876568,1554.9676487345127,1444.0,1583.0,0.293024705191459,0.5,validation,
1520,P9VqUmNa,2025-09-18 18:44:53.724000+00:00,player_6fa62cf77b,player_ef73ecd937,1.0,0.22507302120751208,0.16238454162860258,1570.0984573006976,1784.8733934383347,1574.0,1859.0,0.14950969845319736,0.5,validation,
1521,QOpnELBJ,2025-09-18 18:44:53.724000+00:00,player_e3654712da,player_649e6e0396,0.0,0.4471535895449451,0.43843206102635396,1691.2069724625171,1728.066081547179,1663.0,1706.0,0.43701527189640416,0.5,validation,
1522,R0F9ribz,2025-09-18 18:44:53.724000+00:00,player_b95ff8ed32,player_1cb42dae1c,0.5,0.9102480492182182,0.9119053076034237,2045.699980362528,1643.2536363620834,2023.0,1617.0,0.9123666522054631,0.5,validation,
1523,X16My8wi,2025-09-18 18:44:53.724000+00:00,player_1b8c48a601,player_3430d7eb2d,1.0,0.7251912588645081,0.676301669492737,1798.1572204284448,1629.5884132345532,1779.0,1651.0,0.6584145209169125,0.5,validation,
1524,csr5yCJa,2025-09-18 18:44:53.724000+00:00,player_c2c41d6ebe,player_7d30d24744,0.0,0.7435634771747415,0.7751528656496841,2045.9779433551096,1861.0426752451626,1976.0,1761.0,0.7830774434096761,0.5,validation,
1525,hziDdFQW,2025-09-18 18:44:53.724000+00:00,player_21447cc334,player_030cfa39b1,0.0,0.014979596856869724,0.020122039154696267,1346.7609627050572,2073.939003057951,1370.0,2045.0,0.021651772856434787,0.5,validation,
1526,lacHfU4F,2025-09-18 18:44:53.724000+00:00,player_893f809f22,player_fabfeb4f6a,1.0,0.9549331354838764,0.9599813179829412,1944.446247921666,1414.0,1966.0,1414.0,0.9608565972483071,0.5,validation,
1527,qMmUAezA,2025-09-18 18:44:53.724000+00:00,player_7f5ab1205b,player_d5c5815413,1.0,0.9235624410973718,0.953564505277882,1868.7248416742093,1435.8610601058988,1924.0,1399.0,0.9625523674635553,0.5,validation,
1528,swDxaeE6,2025-09-18 18:44:53.724000+00:00,player_1e9cf3b383,player_2ff26cc8dc,0.0,0.7528745888621116,0.8047246934992595,1784.836231146612,1591.3141374807694,1827.0,1581.0,0.8144835875047122,0.5,validation,
1529,wqs4Yon5,2025-09-18 18:44:53.724000+00:00,player_ed96c59fea,player_7e313ae3e6,0.0,0.16382679523037072,0.16160309261305672,1852.0792202133762,2135.2437445105784,1826.0,2112.0,0.16238454162860258,0.5,validation,
1530,xyZ9lKam,2025-09-18 18:44:53.724000+00:00,player_13f2ca33cf,player_f7fd229828,0.0,0.48621852101367063,0.4569335079777882,1615.568115574572,1625.146894227379,1550.0,1580.0,0.4483764526890395,0.5,validation,
1531,y6GWDMhr,2025-09-18 18:44:53.724000+00:00,player_fe238bcb8d,player_7f9e1dc20d,1.0,0.5376005049803433,0.5487743358597419,1783.413577440887,1757.2366506956412,1813.0,1779.0,0.554469374021676,0.5,validation,
1532,7JrT1Z6n,2025-09-18 18:44:53.725000+00:00,player_0925283c12,player_eea014ce1f,1.0,0.0710855564530641,0.06401322566678598,744.0,1190.4777393247339,744.0,1210.0,0.06264739145388692,0.5,validation,
1533,7XcEa9oY,2025-09-18 18:44:53.725000+00:00,player_ca97d5006a,player_39b330901c,0.0,0.4971218004251891,0.4971218004251891,1962.0,1964.0,1962.0,1964.0,0.4971218004251891,0.5,validation,
1534,8688SIKv,2025-09-18 18:44:53.725000+00:00,player_1a30262d8c,player_0afe6fb221,0.0,0.41816969973136525,0.4145013213281905,1365.9439339952316,1423.32144339864,1370.0,1430.0,0.41729811503576986,0.5,validation,
1535,9j3iBslN,2025-09-18 18:44:53.725000+00:00,player_b7120baa1d,player_a3c8a4d9a6,0.0,0.009150931902712054,0.013310080776597268,1281.1831273092066,2095.0,1347.0,2095.0,0.014411056564877497,0.5,validation,
1536,GGSlCGfW,2025-09-18 18:44:53.725000+00:00,player_6b78644533,player_081a214af1,1.0,0.9496856939270013,0.9565291425886061,1671.355363396644,1161.0,1698.0,1161.0,0.9579428721874605,0.5,validation,
1537,OkJqVB1l,2025-09-18 18:44:53.725000+00:00,player_610a289074,player_f49177c9b4,1.0,0.9951094666735635,0.9956288323373769,1782.5733266127197,859.1674725945871,1780.0,837.0,0.9957766028965842,0.5,validation,
1538,PB5BOXYT,2025-09-18 18:44:53.725000+00:00,player_4a2bd4876a,player_b6ef45444b,0.0,0.6145013610085578,0.6145013610085578,1843.0,1762.0,1843.0,1762.0,0.6145013610085578,0.5,validation,
1539,SBpYSZhP,2025-09-18 18:44:53.725000+00:00,player_ec9ab3f8cf,player_e1085ff5f2,1.0,0.6374083767444845,0.6374083767444845,1448.0,1350.0,1448.0,1350.0,0.6374083767444845,0.5,validation,
1540,bIe6CQk6,2025-09-18 18:44:53.725000+00:00,player_d360f2bc80,player_e60fb62b7c,1.0,0.9476409992470312,0.9550701200574039,2036.060996942049,1533.0,2064.0,1533.0,0.9567678748368029,0.5,validation,
1541,d9TUqmpp,2025-09-18 18:44:53.725000+00:00,player_063cef7e75,player_23fe62f465,0.0,0.6252445457084291,0.6584145209169125,1516.9207797866238,1428.0,1542.0,1428.0,0.6661394245831221,0.5,validation,
1542,dOWBwpGU,2025-09-18 18:44:53.725000+00:00,player_e97a8de904,player_d2ed955a08,1.0,0.6443353704128799,0.6427130688326204,1646.7930275374829,1543.5645095117222,1671.0,1569.0,0.6492949471109635,0.5,validation,
1543,jHXdyWMM,2025-09-18 18:44:53.725000+00:00,player_25eee35b60,player_06a54f1a6d,1.0,0.34513514148637153,0.33642590195870453,1473.0,1584.2650018680417,1473.0,1591.0,0.3351420214452352,0.5,validation,
1544,lYBlenyw,2025-09-18 18:44:53.725000+00:00,player_52234421e4,player_e49d48485c,0.0,0.06288490175023824,0.055912905511951876,1663.0,2132.2986193244865,1663.0,2154.0,0.05353112104053686,0.5,validation,
1545,nTrm1ex2,2025-09-18 18:44:53.725000+00:00,player_7a83a3320b,player_9f37ad0d94,1.0,0.4971218004251891,0.4971218004251891,1703.0,1705.0,1703.0,1705.0,0.4971218004251891,0.5,validation,
1546,u1dfwmH3,2025-09-18 18:44:53.725000+00:00,player_c95ae88f67,player_7f7b252070,1.0,0.9251293153848339,0.9342404734144619,2046.7562554894216,1610.0,2071.0,1610.0,0.935986774333214,0.5,validation,
1547,viLgB4i5,2025-09-18 18:44:53.725000+00:00,player_2d1b4ef804,player_d78bcee283,0.0,0.1649077969014509,0.1547061893820004,1336.0,1617.7972956588285,1336.0,1631.0,0.15171893128728828,0.5,validation,
1548,073RoDyE,2025-09-18 18:45:28.446000+00:00,player_257b0330b9,player_4039bd1e01,0.0,0.23708339320324218,0.2169225565903239,1779.4435027383934,1982.4738764001313,1763.0,1986.0,0.19891906017105437,0.5,validation,
1549,33EdyVzN,2025-09-18 18:45:28.446000+00:00,player_532343cfb4,player_f227e4b9e0,0.0,0.5345580846490723,0.6021580931747169,1355.8689013958488,1331.8171369503102,1402.0,1330.0,0.615864104253756,0.5,validation,
1550,4ZTQhAgG,2025-09-18 18:45:28.446000+00:00,player_c8c8bb41b1,player_4a9295c544,1.0,0.8593100998934321,0.8604511617577122,2089.4229784885215,1775.0681804797503,2066.0,1750.0,0.8604511617577122,0.5,validation,
1551,4pfTdzIx,2025-09-18 18:45:28.446000+00:00,player_09f5ca1b64,player_3288d41c63,1.0,0.6104024220946891,0.6104024220946891,1894.0,1816.0,1894.0,1816.0,0.6104024220946891,0.5,validation,
1552,AEk7rUsC,2025-09-18 18:45:28.446000+00:00,player_6a3f628a42,player_37bee017ff,0.0,0.31565295550328937,0.4271277486054956,1994.9099167784698,2129.3365311610714,2078.0,2129.0,0.4555054269169921,0.5,validation,
1553,AM3DmHwp,2025-09-18 18:45:28.446000+00:00,player_afe82545f4,player_930678778f,1.0,0.584100958813678,0.584100958813678,1779.0,1720.0,1779.0,1720.0,0.584100958813678,0.5,validation,
1554,CH0fa3pS,2025-09-18 18:45:28.446000+00:00,player_bd9a49b1b8,player_b21cbf6e60,1.0,0.9769299051539192,0.9543232189603377,2216.7013806755135,1565.9757710156025,2193.0,1665.0,0.9467597847979775,0.5,validation,
1555,CYD1hVna,2025-09-18 18:45:28.446000+00:00,player_e6f9b441e6,player_39aa036cb7,1.0,0.9518738900905453,0.9617134961177454,1712.1238830636373,1193.644420774079,1702.0,1142.0,0.963978055919827,0.5,validation,
1556,CqSIpLRP,2025-09-18 18:45:28.446000+00:00,player_3243f4d046,player_23195b6a66,1.0,0.3735334243152713,0.37599824138233284,1779.379913396216,1869.2072876096054,1821.0,1909.0,0.3787032768775454,0.5,validation,
1557,RV0ETAM1,2025-09-18 18:45:28.446000+00:00,player_4ffe569776,player_5cf7b0e439,1.0,0.39646368147382194,0.39646368147382194,1326.0,1399.0,1326.0,1399.0,0.39646368147382194,0.5,validation,
1558,SweUcOul,2025-09-18 18:45:28.446000+00:00,player_d966362425,player_f1b643f60c,1.0,0.8079994641305128,0.8937746801781464,1493.3894750191344,1243.7460222446432,1569.0,1199.0,0.9342404734144619,0.5,validation,
1559,UHuJsDkx,2025-09-18 18:45:28.446000+00:00,player_07b647559a,player_1b3562e449,0.0,0.49280491829094863,0.49280491829094863,1305.0,1310.0,1305.0,1310.0,0.49280491829094863,0.5,validation,
1560,UJi9H6Z7,2025-09-18 18:45:28.446000+00:00,player_89059ce0ae,player_e1e8c99b1f,1.0,0.4089244036850566,0.4089244036850566,1179.0,1243.0,1179.0,1243.0,0.4089244036850566,0.5,validation,
1561,WZJVqBEU,2025-09-18 18:45:28.446000+00:00,player_7694302c58,player_21f2010af5,1.0,0.48497130802309735,0.41171002813683716,1909.533444548737,1919.9795959459725,1918.0,1980.0,0.3937121762145718,0.5,validation,
1562,YijosoSJ,2025-09-18 18:45:28.446000+00:00,player_f82ab97e20,player_ce59f0ca7a,1.0,0.31863266552162905,0.33130504369266833,1526.7566225387006,1658.7930275374829,1513.0,1635.0,0.33258157812677697,0.5,validation,
1563,bxGa5zbo,2025-09-18 18:45:28.446000+00:00,player_06cd8b8e81,player_95f21b86f5,1.0,0.6113621714966542,0.6400649998028851,1724.6799717906365,1645.9785749704224,1725.0,1625.0,0.6479830132503057,0.5,validation,
1564,d96cZkpq,2025-09-18 18:45:28.446000+00:00,player_4bba7cd3be,player_36ed3dec74,1.0,0.6506046279338725,0.6506046279338725,1523.0,1415.0,1523.0,1415.0,0.6506046279338725,0.5,validation,
1565,fA2B0OMw,2025-09-18 18:45:28.446000+00:00,player_5984ff8e62,player_81b4e34ef2,0.5,0.6311515115585058,0.6400649998028851,1787.2460669661104,1693.9318195202497,1818.0,1718.0,0.6400649998028851,0.5,validation,
1566,feo9rk48,2025-09-18 18:45:28.446000+00:00,player_ea72663c98,player_8fe39ebc25,0.0,0.31122643133128686,0.31122643133128686,1037.0,1175.0,1037.0,1175.0,0.31122643133128686,0.5,validation,
1567,i4W4qWW5,2025-09-18 18:45:28.446000+00:00,player_065c67117d,player_f1a577cda1,0.0,0.49568276024494023,0.49568276024494023,1656.0,1659.0,1656.0,1659.0,0.49568276024494023,0.5,validation,
1568,kF0FtyNl,2025-09-18 18:45:28.446000+00:00,player_3627829253,player_2974fd4830,0.0,0.08579991894005269,0.11946643775259876,1485.3530885450011,1896.3748397107547,1544.0,1891.0,0.12377068106893543,0.5,validation,
1569,kaxJFQzo,2025-09-18 18:45:28.446000+00:00,player_ba1bfc0b56,player_bd89c20377,1.0,0.5487743358597419,0.5487743358597419,1707.0,1673.0,1707.0,1673.0,0.5487743358597419,0.5,validation,
1570,mpa1R9tA,2025-09-18 18:45:28.446000+00:00,player_5a4e157d0a,player_be64a45ef2,0.0,0.4827374755676238,0.4827374755676238,1619.0,1631.0,1619.0,1631.0,0.4827374755676238,0.5,validation,
1571,n2TzujvG,2025-09-18 18:45:28.446000+00:00,player_b2806ec8b0,player_9a46ffbbd8,0.0,0.1122101879548563,0.07802257631737311,1628.347597627929,1987.6587444633046,1621.0,2050.0,0.07203315850384262,0.5,validation,
1572,nZbRhGuG,2025-09-18 18:45:28.446000+00:00,player_fe07396c8e,player_95b5fb3246,0.0,0.5610770854685214,0.41310497662089996,1901.5822127610827,1858.9285015478833,1816.0,1877.0,0.37599824138233284,0.5,validation,
1573,pc9jeDS7,2025-09-18 18:45:28.446000+00:00,player_5a96470b35,player_ec130307e8,0.0,0.23492638763339482,0.18814000166621347,1960.0710598164458,2165.17962881495,1877.0,2131.0,0.17865852826298803,0.5,validation,
1574,rN9pfQsU,2025-09-18 18:45:28.446000+00:00,player_cfffc59502,player_98688a5bf7,1.0,0.5993967967092568,0.5993967967092568,2064.0,1994.0,2064.0,1994.0,0.5993967967092568,0.5,validation,
1575,rQ3FIEPm,2025-09-18 18:45:28.446000+00:00,player_1e826fa561,player_2c115abdde,0.0,0.3973808390574779,0.44553062597832394,2298.1611770121735,2370.4955826118185,2293.0,2331.0,0.46122190794282847,0.5,validation,
1576,sPzSNL1V,2025-09-18 18:45:28.446000+00:00,player_d244016f29,player_ddb8c01472,0.0,0.0009145582212846754,0.000885350683233795,861.6434909783522,2077.0,856.0,2077.0,0.0008652150779705097,0.5,validation,
1577,seri46aG,2025-09-18 18:45:28.446000+00:00,player_efb8e8d830,player_941991fe0c,0.0,0.31967748842115834,0.3746486066924632,1787.4709719140324,1918.6720868481607,1804.0,1893.0,0.3868631798468569,0.5,validation,
1578,tSEeVp5G,2025-09-18 18:45:28.446000+00:00,player_9ead8cc339,player_a7ac2ec840,1.0,0.7572329664286885,0.6387377491117249,1926.6640898385654,1729.0481693277397,1899.0,1800.0,0.5993967967092568,0.5,validation,
1579,yBIU055k,2025-09-18 18:45:28.446000+00:00,player_38890ec10e,player_0b5ecff75a,0.5,0.6011745671387493,0.667418421873223,1876.8329841391908,1805.545882488146,1853.0,1732.0,0.6863002576833125,0.5,validation,
1580,0JJLSHWG,2025-09-18 18:46:07.391000+00:00,player_f3cfab2553,player_1a8443ce42,0.5,0.144914169920305,0.0962795616480201,1896.1258393099956,2204.485381770618,1789.0,2178.0,0.08809469239657637,0.5,validation,
1581,1ebjmstc,2025-09-18 18:46:07.391000+00:00,player_cca7cea916,player_7ac78dcfca,1.0,0.3688911527509091,0.422907524174671,1950.065303795942,2043.3477153550582,1920.0,1974.0,0.43843206102635396,0.5,validation,
1582,6o1Muue2,2025-09-18 18:46:07.391000+00:00,player_7c2d2c355b,player_4b2f4de120,1.0,0.7191503444462252,0.7347570893165466,1822.0065892930602,1658.6682704030638,1894.0,1717.0,0.7414335229692995,0.5,validation,
1583,9Kq2KmaN,2025-09-18 18:46:07.391000+00:00,player_96e42c3d0e,player_f28ca29037,0.0,0.28612789612143624,0.24448111792880314,1544.4215120233625,1703.2455959209813,1564.0,1760.0,0.23711501969474583,0.5,validation,
1584,AD2ujmZG,2025-09-18 18:46:07.391000+00:00,player_edf86a185e,player_d2957f5462,1.0,0.4332240566769129,0.46838170217189273,1434.236538583708,1480.9160760619209,1465.0,1487.0,0.47555453887933863,0.5,validation,
1585,FgbZvakq,2025-09-18 18:46:07.391000+00:00,player_7b8d0ade12,player_c115812a60,0.0,0.844124283662546,0.8948627896440804,1696.7937602412098,1403.3425874979703,1735.0,1363.0,0.9032184042951807,0.5,validation,
1586,J2SekQPQ,2025-09-18 18:46:07.391000+00:00,player_085c0b189a,player_7daf8cb2ff,0.0,0.42252873976200717,0.5993967967092568,1927.3600784242597,1981.629726690003,1970.0,1900.0,0.6387377491117249,0.5,validation,
1587,LDjVZZAG,2025-09-18 18:46:07.391000+00:00,player_e558f7f0c0,player_ba5449c385,0.0,0.6193792296571186,0.4827374755676238,1857.3562469983797,1772.770585525755,1790.0,1802.0,0.45265148195413535,0.5,validation,
1588,LraG28Xn,2025-09-18 18:46:07.391000+00:00,player_542768fe24,player_683ffa9252,1.0,0.6889338577063683,0.7033850034718286,1753.5140928597946,1615.384178695172,1699.0,1549.0,0.7081663882812006,0.5,validation,
1589,MBUg7JWn,2025-09-18 18:46:07.391000+00:00,player_5e4e64d0cd,player_bb9295ada1,0.0,0.18439270822624734,0.18292116580002576,1892.1743461254305,2150.4692888774002,1893.0,2153.0,0.2054180849637705,0.5,validation,
1590,PFevgQEI,2025-09-18 18:46:07.391000+00:00,player_0c78212bc3,player_4c945685aa,1.0,0.971385567723025,0.9581741800370106,2389.53164130184,1777.20903611884,2365.0,1821.0,0.9540716351028596,0.5,validation,
1591,XT4DxSmA,2025-09-18 18:46:07.391000+00:00,player_3b87eb035d,player_02c1b57fd3,0.0,0.07745566288554578,0.05266287413392589,1589.6147074492224,2019.9883363513532,1514.0,2016.0,0.04851775409661937,0.5,validation,
1592,bmYe4Sak,2025-09-18 18:46:07.391000+00:00,player_c452fd0eed,player_e03ed01123,1.0,0.25405439169620947,0.2641225558985236,1780.5767162376685,1967.6888981191473,1825.0,2003.0,0.269754586702576,0.5,validation,
1593,clS28hKr,2025-09-18 18:46:07.391000+00:00,player_eed3ca22ce,player_74daf94754,0.0,0.6245619998596652,0.7512407935337106,1843.3533988465674,1754.9384671904377,1906.0,1714.0,0.777153105314726,0.5,validation,
1594,ed66y1fl,2025-09-18 18:46:07.391000+00:00,player_278e5a49c4,player_b6fe7490c2,0.0,0.46926713202028775,0.4827374755676238,2100.6791541977836,2122.0614930969978,2079.0,2091.0,0.4827374755676238,0.5,validation,
1595,kUEYq1w0,2025-09-18 18:46:07.391000+00:00,player_49bd7dc7cf,player_0d374b7141,0.0,0.4797691675042037,0.36259162325551547,1543.0675000457738,1557.1330014285902,1445.0,1543.0,0.35333115767438533,0.5,validation,
1596,l2ZCJUbr,2025-09-18 18:46:07.391000+00:00,player_98459f9e7a,player_21ddbbfc50,1.0,0.32034809278617954,0.2674927102443324,1502.5592493346223,1633.2250082159214,1453.0,1628.0,0.25636547799267223,0.5,validation,
1597,mWCo1R2H,2025-09-18 18:46:07.391000+00:00,player_664279910c,player_d62b36fee2,0.0,0.46650909816541797,0.3612622508882752,1517.5139286151878,1540.8206883336277,1468.0,1567.0,0.34029200585525193,0.5,validation,
1598,qMTqRMVU,2025-09-18 18:46:07.391000+00:00,player_07a7cd4f02,player_030fe27be7,1.0,0.3528936924399783,0.45836229728523653,1671.5316567516718,1776.8643516034595,1698.0,1727.0,0.46838170217189273,0.5,validation,
1599,uxqEPCbj,2025-09-18 18:46:07.391000+00:00,player_95a4f7be7c,player_4d0a03a3f3,0.0,0.6065076346492283,0.6117705007810643,2098.055427045287,2022.8954424000358,2047.0,1968.0,0.6131368201531431,0.5,validation,
1600,zq3KnpYD,2025-09-18 18:46:07.391000+00:00,player_e95f53cf21,player_179d43c942,1.0,0.3072618275309437,0.22185154578086755,1930.3389827738083,2071.5631868651744,1912.0,2130.0,0.20448009968725794,0.5,validation,
1601,ztZIHS4p,2025-09-18 18:46:07.391000+00:00,player_668863653e,player_10365fd30d,0.0,0.32968425545947716,0.2686221421606117,1917.7845021878843,2041.0569874043122,1867.0,2041.0,0.24768500639431762,0.5,validation,
1602,1L2iVTxH,2025-09-18 18:46:07.392000+00:00,player_95c884ac13,player_16cc68256b,0.0,0.5316182978281073,0.5316182978281073,1692.0,1670.0,1692.0,1670.0,0.5316182978281073,0.5,validation,
1603,4niZQIWH,2025-09-18 18:46:07.392000+00:00,player_8305d64086,player_80535e6838,1.0,0.6021580931747169,0.6021580931747169,1912.0,1840.0,1912.0,1840.0,0.6021580931747169,0.5,validation,
1604,BXPzc7jN,2025-09-18 18:46:07.392000+00:00,player_92cfbb0eb2,player_4b42985db1,1.0,0.2604820071152274,0.22990332333901797,1701.3017145746799,1882.5701207579516,1703.0,1913.0,0.22284689468527405,0.5,validation,
1605,Een2yQzx,2025-09-18 18:46:07.392000+00:00,player_9bd78904a7,player_e7da83c9b8,1.0,0.9680186906986895,0.9719681328483034,1336.3950012908456,744.0,1360.0,744.0,0.9727417752885629,0.5,validation,
1606,Hnr5gwPi,2025-09-18 18:46:07.392000+00:00,player_cd0be30f80,player_6dc8820943,0.0,0.9342385791267792,0.9495878577870241,1875.9946436731898,1415.0,1925.0,1415.0,0.9522732789657962,0.5,validation,
1607,JwBMBLKe,2025-09-18 18:46:07.392000+00:00,player_420e3154be,player_7462a888ca,0.0,0.7602748722109162,0.8074241816712792,1808.0690526039104,1607.566221371187,1857.0,1608.0,0.8170788341999742,0.5,validation,
1608,LkW3GNjI,2025-09-18 18:46:07.392000+00:00,player_7b52c2713d,player_3abb26cd7c,1.0,0.3993647672306417,0.4569335079777882,1402.3668805289992,1473.2633029620613,1444.0,1474.0,0.469815319996098,0.5,validation,
1609,UrLpSgxE,2025-09-18 18:46:07.392000+00:00,player_b8d557fe65,player_2eea3829fa,1.0,0.44268836623770724,0.44268836623770724,1525.0,1565.0,1525.0,1565.0,0.44268836623770724,0.5,validation,
1610,eLJ5epbP,2025-09-18 18:46:07.392000+00:00,player_f9a7f0dea2,player_6fb8a88dea,1.0,0.43612587299769895,0.49568276024494023,956.371873625296,1001.0,998.0,1001.0,0.5100724469274385,0.5,validation,
1611,iyusNL77,2025-09-18 18:46:07.392000+00:00,player_80dc495080,player_b6ad2d9586,1.0,0.20160364091507926,0.20635925681183112,1877.427987382304,2116.516058052319,1929.0,2163.0,0.20730361582423143,0.5,validation,
1612,kMf0Pxj8,2025-09-18 18:46:07.392000+00:00,player_5dacf33841,player_4116cd89e5,0.0,0.06420477175853034,0.07927393863120663,1467.2506502040253,1932.6960581602332,1490.0,1916.0,0.08357862293048655,0.5,validation,
1613,orAaDymx,2025-09-18 18:46:07.392000+00:00,player_a58b4f30ac,player_fe95bf7d4f,0.0,0.32535881692847585,0.37599824138233284,1700.7546110251535,1827.4387185037376,1765.0,1853.0,0.3800586409554767,0.5,validation,
1614,pFu86Zom,2025-09-18 18:46:07.392000+00:00,player_a235f79571,player_38fc9c066b,0.0,0.5086338358210827,0.5086338358210827,1670.0,1664.0,1670.0,1664.0,0.5086338358210827,0.5,validation,
1615,pkxem29i,2025-09-18 18:46:07.392000+00:00,player_8e039bf92f,player_be226fe4c2,1.0,0.46694860611555894,0.46694860611555894,1502.0,1525.0,1502.0,1525.0,0.46694860611555894,0.5,validation,
1616,pyahXhnV,2025-09-18 18:46:07.392000+00:00,player_b35e39c762,player_4c9173cbff,0.0,0.7290921394629578,0.6800706757372215,1466.7366970379387,1294.752373233049,1466.0,1335.0,0.6712405808158318,0.5,validation,
1617,qcVDJw9T,2025-09-18 18:46:07.392000+00:00,player_17459335f4,player_32d0daef58,1.0,0.8882535909100859,0.9016982546021951,1916.9501035371522,1556.8287452731433,1915.0,1530.0,0.9047175302821824,0.5,validation,
1618,uSIbsPnt,2025-09-18 18:46:07.392000+00:00,player_ec49a3e3e3,player_d3ab849fc2,0.0,0.6398127319613894,0.6686949563073317,1473.4411135918742,1373.6313052544426,1471.0,1349.0,0.676301669492737,0.5,validation,
1619,vMO8ncK3,2025-09-18 18:46:07.392000+00:00,player_9f1e963216,player_8824ea67c7,0.0,0.5908504061722988,0.581301478368915,1662.7336913891777,1598.8955257744547,1747.0,1690.0,0.581301478368915,0.5,validation,
1620,5vFa76RA,2025-09-18 18:46:44.253000+00:00,player_bc8f50ef56,player_fe15c1f5ed,1.0,0.6039183869930077,0.5014391117091528,1832.8530458651048,1759.5756176833684,1797.0,1796.0,0.4726840269935071,0.5,validation,
1621,5zZ33Gkd,2025-09-18 18:46:44.253000+00:00,player_19c14d418c,player_66f4030e5c,0.0,0.3705929617820341,0.28357630589706123,1574.9055703300673,1666.9193415208533,1538.0,1699.0,0.2607797458593321,0.5,validation,
1622,SrtdBCvk,2025-09-18 18:46:44.253000+00:00,player_c4e2ba07e4,player_f90389e219,1.0,0.8398278969986973,0.7983147441549775,1825.0709636900979,1537.2295960967654,1767.0,1528.0,0.7869632793894692,0.5,validation,
1623,vd5K26wE,2025-09-18 18:46:44.253000+00:00,player_a0325732d5,player_3e7849ca33,0.5,0.7605058051501097,0.7093546305987634,2171.645505889054,1970.9224888618512,2101.0,1946.0,0.6961287704295998,0.5,validation,
1624,2Q6ify5h,2025-09-18 18:46:44.254000+00:00,player_496e7261a0,player_5a70133a46,0.0,0.5143871841659987,0.5143871841659987,1929.0,1919.0,1929.0,1919.0,0.5143871841659987,0.5,validation,
1625,Fp6Az7a3,2025-09-18 18:46:44.254000+00:00,player_672bd4edb1,player_e96b502b7b,0.0,0.23711501969474583,0.23711501969474583,1930.0,2133.0,1930.0,2133.0,0.23711501969474583,0.5,validation,
1626,GTS7Hmdr,2025-09-18 18:46:44.254000+00:00,player_06b7b30c6d,player_2a2129d64b,0.0,0.2686546581172211,0.20448009968725794,1469.4843039096831,1643.455553728098,1424.0,1660.0,0.1872623183634652,0.5,validation,
1627,Hr8yIfmV,2025-09-18 18:46:44.254000+00:00,player_1f07f9a398,player_a738b197a3,1.0,0.9566896881681717,0.9637776316605438,1741.6719128954524,1204.0,1774.0,1204.0,0.9651583609532981,0.5,validation,
1628,Ox6Ypap8,2025-09-18 18:46:44.254000+00:00,player_f5a9fa68bd,player_366327a96d,1.0,0.7898400829417161,0.8083176725494586,1795.8424353204057,1565.8467228275258,1853.0,1603.0,0.8127376816365348,0.5,validation,
1629,PqGuonyd,2025-09-18 18:46:44.254000+00:00,player_30f233de56,player_b0190cc020,1.0,0.4271277486054956,0.4271277486054956,1701.0,1752.0,1701.0,1752.0,0.4271277486054956,0.5,validation,
1630,T4hiRytq,2025-09-18 18:46:44.254000+00:00,player_34bc976ae8,player_45c427d25b,0.0,0.6648579785547648,0.6648579785547648,1480.0,1361.0,1480.0,1361.0,0.6648579785547648,0.5,validation,
1631,U7LlpLwl,2025-09-18 18:46:44.254000+00:00,player_2f0c1abb01,player_64fd70fe62,0.0,0.41310497662089996,0.41310497662089996,1539.0,1600.0,1539.0,1600.0,0.41310497662089996,0.5,validation,
1632,XqANz2bg,2025-09-18 18:46:44.254000+00:00,player_88e5dd9bf7,player_885a2b4607,1.0,0.9448965040337987,0.9595366739676358,1768.6820356899316,1275.0,1825.0,1275.0,0.9625523674635553,0.5,validation,
1633,ZJXkfdVb,2025-09-18 18:46:44.254000+00:00,player_c24e843b48,player_5df3e8ad7e,1.0,0.7428762643913067,0.7680520031675839,1918.4211706810524,1734.1114453387652,1924.0,1716.0,0.7721286734685839,0.5,validation,
1634,aMxdWozw,2025-09-18 18:46:44.254000+00:00,player_bb127940c3,player_90ff108b74,1.0,0.9190711082318092,0.9061958467735052,1856.0303051549354,1433.9320968915285,1830.0,1436.0,0.9011868291216677,0.5,validation,
1635,bsDLH4rm,2025-09-18 18:46:44.254000+00:00,player_0f2b14cf25,player_980d5178c5,0.0,0.5301846800039021,0.5301846800039021,1658.0,1637.0,1658.0,1637.0,0.5301846800039021,0.5,validation,
1636,cc4BsZP5,2025-09-18 18:46:44.254000+00:00,player_f6e01d421a,player_ca06dcd8b5,1.0,0.991735053904346,0.9855889434351226,2411.0,1579.3377445340209,2411.0,1677.0,0.983675057533446,0.5,validation,
1637,hUg15dcW,2025-09-18 18:46:44.254000+00:00,player_8d1936f6be,player_e384688a60,0.0,0.7251350170393361,0.7369947605406894,1882.6679445607867,1714.1481595907637,1853.0,1674.0,0.7392202541406678,0.5,validation,
1638,kpcU4iFJ,2025-09-18 18:46:44.254000+00:00,player_7803401627,player_68a26254e6,1.0,0.7290321366572341,0.7436345220073278,1708.3320554392133,1536.4005009689574,1739.0,1554.0,0.7447304068650347,0.5,validation,
1639,lsXaf47O,2025-09-18 18:46:44.254000+00:00,player_8b35fd0d98,player_032940e141,0.5,0.34625524329264784,0.35596614617770733,1690.214254721141,1800.618998759035,1736.0,1839.0,0.3572869311673796,0.5,validation,
1640,mnAgzrnl,2025-09-18 18:46:44.254000+00:00,player_c26ea918f9,player_8634e7a8c5,0.0,0.1895290852514357,0.22284689468527405,1606.4149008824372,1858.8395278750027,1611.0,1828.0,0.22888573931240266,0.5,validation,
1641,r9vonGPC,2025-09-18 18:46:44.254000+00:00,player_8af0160fe4,player_e00ac6b07f,1.0,0.5023136447540987,0.5430664920222119,1769.7872413917737,1768.179544877482,1802.0,1772.0,0.5459219227804837,0.5,validation,
1642,rdQaEAYB,2025-09-18 18:46:44.254000+00:00,player_d1b2e47a87,player_d25eb787ff,0.0,0.06367958926228649,0.05470980337647618,1352.0,1818.9696948450646,1352.0,1847.0,0.05266287413392589,0.5,validation,
1643,uMSGTW7J,2025-09-18 18:46:44.254000+00:00,player_f5a4c9d30d,player_f055c06ad8,0.0,0.16868061208632126,0.12949974225673044,1612.857963504083,1889.9390598711175,1574.0,1905.0,0.12190992605740426,0.5,validation,
1644,yCjQd7N5,2025-09-18 18:46:44.254000+00:00,player_6835265010,player_d29568cfff,0.0,0.016486594170664382,0.01424844501647823,1304.0347080312072,2014.2944425787418,1329.0,2065.0,0.014825628234724655,0.5,validation,
1645,1VD9uZSw,2025-09-18 18:47:22.324000+00:00,player_14b8ac2008,player_d360f2bc80,1.0,0.10633692371053298,0.1282074219668559,1669.616084081319,2039.411972990239,1732.0,2065.0,0.13277910403245627,0.5,validation,
1646,2Ujy9DL6,2025-09-18 18:47:22.324000+00:00,player_398c64db27,player_a9b8e0441a,1.0,0.9743729620475174,0.9763087922871821,1922.2630773874553,1290.2523525405315,1876.0,1230.0,0.9808744720758243,0.5,validation,
1647,3EAjcqD9,2025-09-18 18:47:22.324000+00:00,player_32fe38091b,player_251c6b9f68,0.0,0.6325018666487147,0.6597079941447481,1546.4274711838088,1452.104801563672,1593.0,1478.0,0.6686949563073317,0.5,validation,
1648,91aGrGn1,2025-09-18 18:47:22.324000+00:00,player_a34bfe0ed8,player_44e465dc84,0.0,0.7025675913515392,0.7859966022821575,1930.6350460104507,1781.315116286282,1955.0,1729.0,0.8100951586047567,0.5,validation,
1649,FyoV6584,2025-09-18 18:47:22.324000+00:00,player_4ceb64083d,player_005a944af2,1.0,0.633549638593197,0.6280448056219418,1781.897246767406,1686.7910495016815,1773.0,1682.0,0.6320700121000735,0.5,validation,
1650,IPWLXDUu,2025-09-18 18:47:22.324000+00:00,player_ceb09b75c0,player_aeacea3497,1.0,0.6614482661036049,0.7741479777018306,2043.9454482574024,1927.5971122709664,2084.0,1870.0,0.7973863140277038,0.5,validation,
1651,OV1cwpt3,2025-09-18 18:47:22.324000+00:00,player_1f9c22288d,player_f7ec6e6f48,0.0,0.3264798567543935,0.40060320329074317,1919.661774628797,2045.459453693945,1954.0,2024.0,0.4271277486054956,0.5,validation,
1652,PrqA77IF,2025-09-18 18:47:22.324000+00:00,player_06d06b03f6,player_f28e8884ba,1.0,0.8524851536083101,0.8504903015468027,1868.073691621937,1563.3332544491836,1910.0,1608.0,0.8467934030726807,0.5,validation,
1653,QfemCo91,2025-09-18 18:47:22.324000+00:00,player_4ec4dc8f6d,player_dad7fc297e,0.0,0.08782143792492615,0.06197471592535801,1272.399788244568,1678.9915152965964,1263.0,1735.0,0.057140865332443294,0.5,validation,
1654,WK7ulzMI,2025-09-18 18:47:22.324000+00:00,player_f81a442ec8,player_7af80abc6c,1.0,0.8586169322770769,0.8526729520561114,1986.897512524022,1673.5366933381704,1999.0,1694.0,0.8604511617577122,0.5,validation,
1655,Y9XjGprw,2025-09-18 18:47:22.324000+00:00,player_ac929d51ac,player_4fb35a570a,1.0,0.39389610847998086,0.5014391117091528,1776.392160879297,1851.2583137736897,1835.0,1834.0,0.527315973006493,0.5,validation,
1656,ez2TsQX3,2025-09-18 18:47:22.324000+00:00,player_e0cd2caec3,player_ca5d2a0460,0.0,0.4705571365037957,0.449800646746463,1813.4074105472564,1833.8901042922162,1766.0,1801.0,0.44268836623770724,0.5,validation,
1657,f1ukdzb5,2025-09-18 18:47:22.324000+00:00,player_d9a91f076b,player_df147156b7,0.0,0.3163441352767596,0.34029200585525193,1887.7987916833438,2021.669894194299,1811.0,1926.0,0.344179494087605,0.5,validation,
1658,hX9kkXEr,2025-09-18 18:47:22.324000+00:00,player_9b674ea365,player_dbc760c330,1.0,0.6347794164199565,0.654519994382466,1727.1462078753104,1631.1191720206732,1738.0,1627.0,0.6597079941447481,0.5,validation,
1659,iTmAJri4,2025-09-18 18:47:22.324000+00:00,player_f14a11f9f0,player_6fffeaa105,1.0,0.6931479745093556,0.750163481828642,2048.939655961286,1907.3808703028255,2086.0,1895.0,0.761842109917936,0.5,validation,
1660,jixqOPVW,2025-09-18 18:47:22.324000+00:00,player_13482fff35,player_d5c5815413,0.0,0.7368213194676461,0.7140789025853503,1609.8136476119255,1430.9690563361305,1557.0,1398.0,0.730245413297424,0.5,validation,
1661,mGuv8idi,2025-09-18 18:47:22.324000+00:00,player_04bb5f271e,player_55c792da1b,0.0,0.32534912875639305,0.3038712295704002,1900.1312032878723,2026.8229782714134,1908.0,2052.0,0.29902260138989206,0.5,validation,
1662,mplAR9xn,2025-09-18 18:47:22.324000+00:00,player_a71ab86adb,player_a0cfb76086,1.0,0.8322443229708277,0.8638714763418578,1532.9027101014942,1254.6732639850504,1499.0,1178.0,0.8780900739425958,0.5,validation,
1663,o8j6xFlJ,2025-09-18 18:47:22.324000+00:00,player_15e747c062,player_934446d768,0.0,0.4578387077805006,0.39233893587318014,1983.117781646232,2012.484181895008,1828.0,1904.0,0.3787032768775454,0.5,validation,
1664,w8aoOqWV,2025-09-18 18:47:22.324000+00:00,player_eb7a60a326,player_4109a84459,1.0,0.8615084668347766,0.8541133619456244,2044.3982935395188,1726.8637627865096,2064.0,1757.0,0.8533946221118819,0.5,validation,
1665,wtRuUUJ5,2025-09-18 18:47:22.324000+00:00,player_0c1124af83,player_7f5ab1205b,0.0,0.25279218130451486,0.17036717656865663,1685.3457373333677,1873.6168454439776,1650.0,1925.0,0.1562177520757074,0.5,validation,
1666,5Ai4FbcC,2025-09-18 18:47:22.325000+00:00,player_309db14a57,player_ab6e017105,1.0,0.527315973006493,0.527315973006493,1739.0,1720.0,1739.0,1720.0,0.527315973006493,0.5,validation,
1667,7aPRmcBs,2025-09-18 18:47:22.325000+00:00,player_4a551de671,player_b3d13eaadc,0.0,0.389597577905311,0.389597577905311,1635.0,1713.0,1635.0,1713.0,0.389597577905311,0.5,validation,
1668,Ka81V2Tq,2025-09-18 18:47:22.325000+00:00,player_c2e473fec3,player_be6cb720c5,0.0,0.45517472225558464,0.4285368825916186,1252.9626637687136,1284.1943089866022,1270.0,1320.0,0.4271277486054956,0.5,validation,
1669,xPfEXcrP,2025-09-18 18:47:22.325000+00:00,player_c0056938ef,player_ee136d9400,0.0,0.037577807706730186,0.03134505945150395,1522.0,2085.3736756143244,1522.0,2118.0,0.030313179617691675,0.5,validation,
1670,2a7HwTq0,2025-09-18 18:48:00.295000+00:00,player_5e3edd9c33,player_94d465076b,1.0,0.8440073398003385,0.8548291775317596,1806.296823644107,1513.0,1821.0,1513.0,0.8569591392644484,0.5,validation,
1671,4HYy8lzz,2025-09-18 18:48:00.295000+00:00,player_ec49a3e3e3,player_017017d8a9,1.0,0.916613809876749,0.9037204383519798,1432.4930987463454,1016.0561929278322,1463.0,1074.0,0.9061958467735052,0.5,validation,
1672,5k2HtkH6,2025-09-18 18:48:00.295000+00:00,player_1e931b2cbd,player_317c1f7d73,1.0,0.2020903567860275,0.19257581832872078,1563.9294964601831,1802.492745732089,1547.0,1796.0,0.19257581832872078,0.5,validation,
1673,9vXVq9Qs,2025-09-18 18:48:00.295000+00:00,player_0008d08957,player_11d4d71a9d,0.0,0.8476370830807525,0.8548291775317596,1629.132267945607,1331.0,1639.0,1331.0,0.8562520600981506,0.5,validation,
1674,B8mLE8Kn,2025-09-18 18:48:00.295000+00:00,player_d39c4ff769,player_05bddac032,0.0,0.14183094095224721,0.1282074219668559,1768.8211357166672,2081.541882918853,1798.0,2131.0,0.07013276255157504,0.5,validation,
1675,EG3lR6YV,2025-09-18 18:48:00.295000+00:00,player_90b1013359,player_d1201a2601,0.0,0.5267218831988045,0.515824985264735,1871.622066282923,1853.0360912025646,1826.0,1815.0,0.5115108912177917,0.5,validation,
1676,FdYUbq7K,2025-09-18 18:48:00.295000+00:00,player_7f9e1dc20d,player_d7f6ea0e0d,1.0,0.6828844412038566,0.7820980161313187,1727.6430830143831,1594.3912160783648,1774.0,1552.0,0.8001620559151359,0.5,validation,
1677,G0qmMwk5,2025-09-18 18:48:00.295000+00:00,player_06a54f1a6d,player_8b7253f413,0.0,0.8634333403146771,0.8887546456176784,1542.3536509231694,1222.0,1583.0,1222.0,0.8937746801781464,0.5,validation,
1678,G38RSS4w,2025-09-18 18:48:00.295000+00:00,player_8f396e4253,player_26faf633c9,0.0,0.2593920896731311,0.39233893587318014,1779.994354235611,1962.247001640374,1789.0,1865.0,0.43135860811633236,0.5,validation,
1679,IaTACPEp,2025-09-18 18:48:00.295000+00:00,player_fe238bcb8d,player_b2806ec8b0,0.0,0.7510697083900254,0.7586946201468556,1813.007145122145,1621.166145598818,1819.0,1620.0,0.7607960909891424,0.5,validation,
1680,MAYBY8Q7,2025-09-18 18:48:00.295000+00:00,player_fc0265b681,player_c35e883c79,0.0,0.5744661758449959,0.581301478368915,1778.6823428749108,1726.5501922630392,1763.0,1706.0,0.5827018849642301,0.5,validation,
1681,MjDPFL84,2025-09-18 18:48:00.295000+00:00,player_d35ed7969e,player_3ad246d6ae,1.0,0.573573346040937,0.5882899718631628,1498.497847540893,1447.0,1509.0,1447.0,0.5910755963149433,0.5,validation,
1682,PROg0C1E,2025-09-18 18:48:00.295000+00:00,player_6fb8a88dea,player_ea72663c98,1.0,0.4254813339362178,0.4469531048305375,964.9120558718528,1017.0815083947977,995.0,1032.0,0.4483764526890395,0.5,validation,
1683,PpxQ7Yt2,2025-09-18 18:48:00.295000+00:00,player_abefce10be,player_ebf4c91404,1.0,0.5401941051452032,0.584100958813678,1770.800121394667,1742.809999038658,1819.0,1760.0,0.5952430396515719,0.5,validation,
1684,QpeqfO2a,2025-09-18 18:48:00.295000+00:00,player_ad126e8f5a,player_86b23a224d,1.0,0.7122508492212144,0.7069752948085409,1549.2633029620613,1391.8157329084304,1576.0,1423.0,0.7057813597120025,0.5,validation,
1685,SCf0qyVZ,2025-09-18 18:48:00.295000+00:00,player_b3832d9015,player_1e038bf320,0.0,0.9621666898389417,0.9679482219721289,1831.1503907051583,1269.0,1861.0,1269.0,0.969002622496188,0.5,validation,
1686,TJtZkuCs,2025-09-18 18:48:00.295000+00:00,player_7dcf59751d,player_f9a7f0dea2,1.0,0.9985693684969114,0.9984712531834009,2130.0,992.4598177534432,2130.0,1004.0,0.998435699798906,0.5,validation,
1687,XNR1ncTy,2025-09-18 18:48:00.295000+00:00,player_7f7b252070,player_e60fb62b7c,1.0,0.6070560200001455,0.6090326034042396,1605.2082761846293,1529.64902395181,1609.0,1532.0,0.6090326034042396,0.5,validation,
1688,bNIBX7eN,2025-09-18 18:48:00.295000+00:00,player_43291a0190,player_b7cc13146b,0.0,0.3338605754168779,0.3338605754168779,1679.0,1799.0,1679.0,1799.0,0.3338605754168779,0.5,validation,
1689,eYYld7HT,2025-09-18 18:48:00.295000+00:00,player_9a46ffbbd8,player_5ae91b6d4e,1.0,0.6738886374755857,0.7820980161313187,1994.8401964924155,1868.7513153817629,2051.0,1829.0,0.8038185194246843,0.5,validation,
1690,f2Ym35Wl,2025-09-18 18:48:00.295000+00:00,player_bc4e045a39,player_37a20655c3,0.0,0.4210985562992884,0.4483764526890395,2057.9583636378,2113.2467157009864,2070.0,2106.0,0.4398498547680971,0.5,validation,
1691,nFx89dZQ,2025-09-18 18:48:00.295000+00:00,player_4f59cdad6a,player_25eee35b60,0.0,0.3406447804594728,0.344179494087605,1400.1842670915696,1514.9113509448723,1369.0,1481.0,0.34548000561753406,0.5,validation,
1692,pB2q84JU,2025-09-18 18:48:00.295000+00:00,player_acc6657449,player_874ba2dbe8,0.0,0.6007782458900109,0.6007782458900109,1660.0,1589.0,1660.0,1589.0,0.6007782458900109,0.5,validation,
1693,pL9ld7D1,2025-09-18 18:48:00.295000+00:00,player_d3ab849fc2,player_2c01509854,0.0,0.2455351251950107,0.163956574457953,1414.5793200999715,1609.5894785729233,1356.0,1639.0,0.14877920237509723,0.5,validation,
1694,pPvDgUIN,2025-09-18 18:48:00.295000+00:00,player_c8ff9a5595,player_d78b1af798,1.0,0.4483764526890395,0.4483764526890395,2025.0,2061.0,2025.0,2061.0,0.4483764526890395,0.5,validation,
1695,tgErz89z,2025-09-18 18:48:00.295000+00:00,player_c95ae88f67,player_19e00af498,1.0,0.7972408340792388,0.8187932901343153,2051.547979304792,1813.7043637787992,2072.0,1810.0,0.8230246289217321,0.5,validation,
1696,zmfrfXdr,2025-09-18 18:48:00.295000+00:00,player_0afe6fb221,player_9702c8719d,0.0,0.06615708656114841,0.057451791076642215,1450.0843041814474,1909.9632865920935,1435.0,1921.0,0.05530827471561296,0.5,validation,
1697,8vGkOZ8H,2025-09-18 18:48:38.170000+00:00,player_7df46c050b,player_2974fd4830,0.0,0.25012034404435296,0.18638778949441326,1711.1290128936032,1901.8660345229182,1637.0,1893.0,0.17282198303686044,0.5,validation,
1698,8xD5CjqK,2025-09-18 18:48:38.170000+00:00,player_928c2e13f3,player_ea0bb659d0,1.0,0.645476536853591,0.596629173305774,1852.0164018461035,1747.922210967724,1795.0,1727.0,0.5854986786718095,0.5,validation,
1699,EyIBOO7H,2025-09-18 18:48:38.170000+00:00,player_a3cb35c7d1,player_80e7015e8d,1.0,0.5890714558476715,0.502878199574811,1776.5752703108685,1714.014602521141,1787.0,1785.0,0.4741190691088309,0.5,validation,
1700,H4KGWlQu,2025-09-18 18:48:38.170000+00:00,player_30f0782407,player_11f890c0d7,1.0,0.7061580903982609,0.7945819150362295,1739.812777865807,1587.497497288412,1864.0,1629.0,0.8038185194246843,0.5,validation,
1701,eCY9B04A,2025-09-18 18:48:38.170000+00:00,player_9d8044bdb0,player_a71ab86adb,0.0,0.6322847710551973,0.5700528235839882,1637.7995154857126,1543.6390734313613,1550.0,1501.0,0.5459219227804837,0.5,validation,
1702,h61bfFBe,2025-09-18 18:48:38.170000+00:00,player_8a7f244524,player_5a96470b35,1.0,0.6589637726364123,0.5700528235839882,2059.4601806011865,1945.0357710079086,1924.0,1875.0,0.5416377027147634,0.5,validation,
1703,lS1lk2BY,2025-09-18 18:48:38.170000+00:00,player_01c2e33de1,player_eaa0f84f04,0.0,0.24644347129162544,0.16713730973962054,1898.5666018184284,2092.7260095848255,1811.0,2090.0,0.15024314815725381,0.5,validation,
1704,lVKwtQNV,2025-09-18 18:48:38.170000+00:00,player_3627829253,player_abbe762f0d,0.0,0.3944153196170428,0.4913661641789174,1479.8618937328376,1554.3503357361985,1543.0,1549.0,0.502878199574811,0.5,validation,
1705,m9KUeRHj,2025-09-18 18:48:38.170000+00:00,player_ec130307e8,player_28fc596757,1.0,0.3428485381762873,0.34029200585525193,2180.214917623487,2293.240188118875,2134.0,2249.0,0.34029200585525193,0.5,validation,
1706,oHmslfcb,2025-09-18 18:48:38.170000+00:00,player_a3dd9c3447,player_80d88cf3a0,1.0,0.8210778449459125,0.8562520600981506,1854.1955957658836,1589.5075104412501,1894.0,1584.0,0.8672208959675437,0.5,validation,
1707,4UYiI54Q,2025-09-18 18:48:38.171000+00:00,player_e5ce0ac3ce,player_5352548671,1.0,0.9143799174138225,0.9232106803028998,2210.2020823000817,1798.7816676401708,2210.0,1778.0,0.9248272212397116,0.5,validation,
1708,7gcCjXHQ,2025-09-18 18:48:38.171000+00:00,player_3a509c3c97,player_26492a39ee,0.0,0.21976222473754953,0.1998379440848642,1896.4945327975552,2116.6041047637095,1862.0,2103.0,0.19437230595634977,0.5,validation,
1709,APw2Oy8S,2025-09-18 18:48:38.171000+00:00,player_e643340d13,player_ee136d9400,0.0,0.09948064108851286,0.081831824755152,1705.0768640494034,2087.7786553075553,1698.0,2118.0,0.07885479311008708,0.5,validation,
1710,B7nvblFD,2025-09-18 18:48:38.171000+00:00,player_59c4fd6a1f,player_db06ce1c13,0.0,0.5201367220358165,0.5201367220358165,1928.0,1914.0,1928.0,1914.0,0.5201367220358165,0.5,validation,
1711,EqwQkQrK,2025-09-18 18:48:38.171000+00:00,player_8f3a2645e4,player_3f88a537ec,1.0,0.8261388157308225,0.7859966022821575,1476.7401576906402,1206.0,1432.0,1206.0,0.7761545753418307,0.5,validation,
1712,GFFQmKQB,2025-09-18 18:48:38.171000+00:00,player_29be8049e6,player_b10b6ca0e2,1.0,0.6284929374399819,0.6199413590445233,1802.026942666659,1710.6936117086598,1812.0,1727.0,0.6199413590445233,0.5,validation,
1713,HgiwEbud,2025-09-18 18:48:38.171000+00:00,player_68cd6a7975,player_6699f8735c,0.0,0.5,0.5,1687.0,1687.0,1687.0,1687.0,0.5,0.5,validation,
1714,Ik4B8eXJ,2025-09-18 18:48:38.171000+00:00,player_3dccbbb04b,player_04d4b5b801,0.0,0.5724108218186525,0.5558909611168531,1701.6679445607867,1650.9954923020703,1725.0,1686.0,0.5459219227804837,0.5,validation,
1715,KlkeUUre,2025-09-18 18:48:38.171000+00:00,player_6dc8820943,player_c8ff9a5595,0.0,0.03323083065196542,0.02964362186895855,1474.791269064114,2060.3039070279015,1426.0,2032.0,0.028988411199722616,0.5,validation,
1716,LzmZXEwY,2025-09-18 18:48:38.171000+00:00,player_af8c78a283,player_a58b4f30ac,0.0,0.18041235857611576,0.12129504878814854,1417.0,1679.9316467417311,1417.0,1761.0,0.11011215781886716,0.5,validation,
1717,M6TBWXbZ,2025-09-18 18:48:38.171000+00:00,player_03e45ffb64,player_8993b8270f,0.0,0.8060996098049403,0.8583646041738978,1602.671738123894,1355.1477269638715,1704.0,1391.0,0.8691968654550538,0.5,validation,
1718,PqzR49L1,2025-09-18 18:48:38.171000+00:00,player_78f76fcfcd,player_ba1bfc0b56,0.0,0.5889222725574637,0.5882899718631628,1798.3320554392133,1735.8784425049764,1775.0,1713.0,0.5896835031399501,0.5,validation,
1719,QNsQ3T3g,2025-09-18 18:48:38.171000+00:00,player_dd8b5d8e20,player_df66ee2aa5,0.0,0.5641013510998253,0.5330513938844411,1588.3194951989565,1543.5308483873182,1563.0,1540.0,0.5629847281035958,0.5,validation,
1720,QyBq3NPR,2025-09-18 18:48:38.171000+00:00,player_c7c60e733a,player_60763798b1,0.0,0.26899134452880763,0.2169225565903239,1615.3207490903033,1788.994434497212,1587.0,1810.0,0.20825116249181558,0.5,validation,
1721,S2B9JyWh,2025-09-18 18:48:38.171000+00:00,player_6aa01e5bcf,player_4a194e7c55,0.5,0.389597577905311,0.389597577905311,1514.0,1592.0,1514.0,1592.0,0.389597577905311,0.5,validation,
1722,Xau4dc95,2025-09-18 18:48:38.171000+00:00,player_afb28e8c38,player_25d490f1a0,0.0,0.4153497084108882,0.3882294992189357,1791.1832842868362,1850.5761885691122,1725.0,1804.0,0.38277496909505365,0.5,validation,
1723,ai0WzUvD,2025-09-18 18:48:38.171000+00:00,player_39b4740e9d,player_71f54b00a3,1.0,0.6199413590445233,0.6199413590445233,1797.0,1712.0,1797.0,1712.0,0.6199413590445233,0.5,validation,
1724,eCWpe8E6,2025-09-18 18:48:38.171000+00:00,player_fe95bf7d4f,player_16ec20cd15,0.0,0.1444106978587435,0.16160309261305672,1848.26168278716,2157.328074399476,1861.0,2147.0,0.16713730973962054,0.5,validation,
1725,jTDlDHIT,2025-09-18 18:48:38.171000+00:00,player_23fe62f465,player_ddb8c01472,0.0,0.029143899583984546,0.024229675948180596,1468.0156509253395,2077.058531726162,1435.0,2077.0,0.023295036473579323,0.5,validation,
1726,q5vaqvdQ,2025-09-18 18:48:38.171000+00:00,player_6e7ce99497,player_1e9d72a955,1.0,0.7229413434021855,0.7381090325404187,1750.8276300733423,1584.215094990515,1717.0,1537.0,0.726830072276731,0.5,validation,
1727,tVcEnenQ,2025-09-18 18:48:38.171000+00:00,player_8b77a01331,player_649f518fcf,0.0,0.43104259821456353,0.4145013213281905,2001.7761760671488,2050.0,1990.0,2050.0,0.41171002813683716,0.5,validation,
1728,vGyQi5w5,2025-09-18 18:48:38.171000+00:00,player_081a214af1,player_b9dc83f927,1.0,0.6182851234326067,0.6212967231224545,1157.779884411328,1074.0,1160.0,1074.0,0.6226501957872621,0.5,validation,
1729,vM92yX6O,2025-09-18 18:48:38.171000+00:00,player_c0056938ef,player_004c40c63f,1.0,0.0803711424193331,0.08140035057929543,1519.5950203067694,1943.0,1522.0,1943.0,0.08140035057929543,0.5,validation,
1730,xtTGPONU,2025-09-18 18:48:38.171000+00:00,player_a0cfb76086,player_2ecd10721c,0.0,0.49369952089229846,0.49280491829094863,1243.9369006551833,1248.3151536931034,1176.0,1181.0,0.4841750147352649,0.5,validation,
1731,34xCmOL0,2025-09-18 18:49:16.063000+00:00,player_f2509c37cd,player_06a54f1a6d,1.0,0.8358238508893886,0.7830774434096761,1769.8157952272122,1487.09391714303,1796.0,1573.0,0.770096676660982,0.5,validation,
1732,3g1vWiAe,2025-09-18 18:49:16.063000+00:00,player_315ca9289e,player_84b84747c5,1.0,0.5346780724452198,0.6307302886162022,1484.6968236030355,1460.5612814962624,1575.0,1482.0,0.6506046279338725,0.5,validation,
1733,8iPugPaq,2025-09-18 18:49:16.063000+00:00,player_06ea361d81,player_063cef7e75,0.0,0.22433368397840225,0.17282198303686044,1261.392951296482,1476.9051288612843,1262.0,1534.0,0.17036717656865663,0.5,validation,
1734,AvfvrKux,2025-09-18 18:49:16.063000+00:00,player_a3c8a4d9a6,player_bf3973fa8d,1.0,0.9472279200550836,0.9527938123855935,2095.5856596417734,1593.9655480622037,2096.0,1574.0,0.953564505277882,0.5,validation,
1735,DSYWVCB3,2025-09-18 18:49:16.063000+00:00,player_2b7bd85604,player_85b73e0103,0.0,0.12207130418200142,0.06938566248174541,1627.6270975862917,1970.3653615969336,1526.0,1977.0,0.060649558509397815,0.5,validation,
1736,Eq4C287Y,2025-09-18 18:49:16.063000+00:00,player_57f89e6d2a,player_c2e473fec3,1.0,0.9821587086773766,0.9763087922871821,1920.1336364052877,1223.8314815443562,1912.0,1266.0,0.9747991526889288,0.5,validation,
1737,GjzBgtou,2025-09-18 18:49:16.063000+00:00,player_39b330901c,player_664743d1ae,1.0,0.6180526963229162,0.6062878237854281,1995.815795227212,1912.2069724625171,1969.0,1894.0,0.6212967231224545,0.5,validation,
1738,JdWfXuYg,2025-09-18 18:49:16.063000+00:00,player_108ffeb6a3,player_702cea49a9,1.0,0.91858159136796,0.9071699361527149,1831.5961204149755,1410.6380691404029,1790.0,1394.0,0.9047175302821824,0.5,validation,
1739,L2GvDzeK,2025-09-18 18:49:16.063000+00:00,player_b59f7a9d5f,player_d3f20ec1d1,0.0,0.21388163534785834,0.20920189720276192,1312.5251452680525,1538.650923648412,1306.0,1537.0,0.2035453002882742,0.5,validation,
1740,MLcF4RRF,2025-09-18 18:49:16.063000+00:00,player_1fadf8584b,player_4ed5f92a95,0.5,0.11583165488350948,0.17781538884649767,1580.013508821032,1933.0965892815072,1586.0,1852.0,0.1970908298461841,0.5,validation,
1741,P9jfQAV3,2025-09-18 18:49:16.063000+00:00,player_89d6485cc7,player_3efa1a4bf5,1.0,0.9798035570833041,0.9919831401585295,2109.4763177168725,1435.1306675589403,2191.0,1354.0,0.9939761249785115,0.5,validation,
1742,Q6hfTzBW,2025-09-18 18:49:16.063000+00:00,player_f9a7f0dea2,player_4802d3675e,0.0,0.0019971635915207527,0.002746663763163243,992.3682573372455,2071.8555114830874,1004.0,2028.0,0.002976496637590829,0.5,validation,
1743,TTJ56Hqt,2025-09-18 18:49:16.063000+00:00,player_39aa036cb7,player_935717ae79,1.0,0.09632589857313494,0.08949191595077233,1190.564349739874,1579.4718565086491,1142.0,1545.0,0.08763334779453696,0.5,validation,
1744,UGA6JIxn,2025-09-18 18:49:16.063000+00:00,player_f226a787f8,player_1556d7324c,1.0,0.7169767718369782,0.7369947605406894,1801.9384735498475,1640.4652712797094,1813.0,1634.0,0.7523149936056823,0.5,validation,
1745,UVHEaDZ8,2025-09-18 18:49:16.063000+00:00,player_d5f04bdeec,player_e6f9b441e6,1.0,0.33432323920800555,0.29902260138989206,1595.565222200442,1715.2039540978424,1555.0,1703.0,0.29064536940123664,0.5,validation,
1746,XUXE1028,2025-09-18 18:49:16.063000+00:00,player_2ee848a5c6,player_acc164288c,1.0,0.933855029925332,0.9248272212397116,1913.1077759957673,1453.1947207900487,1877.0,1441.0,0.9232106803028998,0.5,validation,
1747,cyTIzJ60,2025-09-18 18:49:16.063000+00:00,player_1717e4f9fd,player_de9a5b9e52,1.0,0.880235097378085,0.8991173716432768,2069.236997012245,1722.729350863974,2007.0,1627.0,0.9027140342685218,0.5,validation,
1748,mF18Gjyr,2025-09-18 18:49:16.063000+00:00,player_1e5a755272,player_b99e1146b7,0.0,0.37210447847056816,0.5071950817090514,1895.4769164960683,1986.3659118750627,1925.0,1920.0,0.5416377027147634,0.5,validation,
1749,rkAyXOF8,2025-09-18 18:49:16.063000+00:00,player_f227e4b9e0,player_50062ad209,1.0,0.44491571475458264,0.3773498042127379,1366.0288543678507,1404.4613290703592,1337.0,1424.0,0.39646368147382194,0.5,validation,
1750,rl3dFicO,2025-09-18 18:49:16.063000+00:00,player_55c792da1b,player_7dcf59751d,0.0,0.3835283731137513,0.3950870979920432,2047.6453225118225,2130.091560416198,2056.0,2130.0,0.39646368147382194,0.5,validation,
1751,saDUqPYR,2025-09-18 18:49:16.063000+00:00,player_dce8f2a81a,player_b8d8b4ea8c,1.0,0.21441860390020645,0.1872623183634652,1381.422149970283,1606.9936404172986,1387.0,1642.0,0.17036717656865663,0.5,validation,
1752,sdG60s9r,2025-09-18 18:49:16.063000+00:00,player_f1a577cda1,player_7d19da7e69,0.0,0.7335880880624418,0.7436345220073278,1690.7236966556761,1514.7642441083942,1664.0,1479.0,0.7469129214289432,0.5,validation,
1753,u1HxZlMP,2025-09-18 18:49:16.063000+00:00,player_3288d41c63,player_9fd51998fd,0.5,0.5897750846459584,0.6172250309049463,1791.0657550140602,1728.0,1811.0,1728.0,0.6240017586176672,0.5,validation,
1754,vcblUwiJ,2025-09-18 18:49:16.063000+00:00,player_05b4376c0d,player_b7120baa1d,1.0,0.9713983536616126,0.9586331507760623,1893.0,1280.597467667433,1893.0,1347.0,0.9553164906282028,0.5,validation,
1755,yyOdg4h4,2025-09-18 18:49:16.063000+00:00,player_8b7253f413,player_be6cb720c5,1.0,0.4482828307490938,0.4061446147638222,1277.2597337801394,1313.3254912109596,1259.0,1325.0,0.35333115767438533,0.5,validation,
1756,z1Ewd7hu,2025-09-18 18:49:16.063000+00:00,player_a20e19ed65,player_cd4070b519,1.0,0.46694860611555894,0.46694860611555894,1313.0,1336.0,1313.0,1336.0,0.46694860611555894,0.5,validation,
1757,16BdBixr,2025-09-18 18:49:54.916000+00:00,player_867628c4aa,player_d8064a3fec,0.0,0.4976571684179479,0.46838170217189273,1930.480099928781,1932.1080779681574,1912.0,1934.0,0.46551605527316847,0.5,validation,
1758,1v6nugDV,2025-09-18 18:49:54.916000+00:00,player_1e038bf320,player_26a6cc3796,0.0,0.06879779306628774,0.060649558509397815,1330.5786681496922,1783.1664640127724,1280.0,1756.0,0.05903038296052904,0.5,validation,
1759,5rCjRSfI,2025-09-18 18:49:54.916000+00:00,player_266941d75e,player_517eb9f99c,1.0,0.5967118025107976,0.6131368201531431,1314.0596462740548,1246.0,1326.0,1246.0,0.6172250309049463,0.5,validation,
1760,5whmtJNm,2025-09-18 18:49:54.916000+00:00,player_1c4f1504ee,player_91842e1e7a,1.0,0.6320700121000735,0.6320700121000735,1624.0,1530.0,1624.0,1530.0,0.6320700121000735,0.5,validation,
1761,65yzyP18,2025-09-18 18:49:54.916000+00:00,player_e3bd861454,player_6fb1613252,1.0,0.23891956568725595,0.2268600869232327,1590.378184115925,1791.649720408703,1586.0,1799.0,0.22284689468527405,0.5,validation,
1762,6Xrup0yA,2025-09-18 18:49:54.916000+00:00,player_496e7261a0,player_3eb423b6f6,0.0,0.6747581208522455,0.6850596089933503,1896.0792202133762,1769.3025568281205,1923.0,1788.0,0.6875382482123418,0.5,validation,
1763,7UIFKJoO,2025-09-18 18:49:54.916000+00:00,player_a791a7d67b,player_8eccd7c223,1.0,0.11722989493386014,0.10245988587127619,1391.0,1741.7236966556761,1391.0,1768.0,0.09932696400964386,0.5,validation,
1764,86ionYIv,2025-09-18 18:49:54.916000+00:00,player_e96b502b7b,player_1f31c8c761,0.5,0.7842547673893274,0.7945819150362295,2148.175361260464,1923.9689774013698,2136.0,1901.0,0.7964546997117258,0.5,validation,
1765,9c7R7DOG,2025-09-18 18:49:54.916000+00:00,player_6c4dd897f2,player_dcbf56325c,0.0,0.1696153790391175,0.18464818471669944,1887.4507712077718,2163.3763992320305,1854.0,2112.0,0.1890208418800522,0.5,validation,
1766,ABQNP4I7,2025-09-18 18:49:54.916000+00:00,player_8fe39ebc25,player_41fb25d2fb,0.0,0.2620258821057364,0.19527530650074057,1194.9184916052025,1374.797267158285,1178.0,1424.0,0.18378310342439722,0.5,validation,
1767,Atmb00Lw,2025-09-18 18:49:54.916000+00:00,player_4385d4a442,player_1493f41ec5,0.0,0.10264701102418954,0.09528246971781763,1757.5770215114785,2134.2238239328512,1755.0,2146.0,0.09380415322649488,0.5,validation,
1768,BnksRkeh,2025-09-18 18:49:54.916000+00:00,player_9c53c9af2a,player_9739737f0b,1.0,0.42048098950359114,0.4626526828335072,1723.937039022777,1779.6655676389016,1688.0,1714.0,0.4712494361077314,0.5,validation,
1769,BzzdZBWj,2025-09-18 18:49:54.916000+00:00,player_d63844d204,player_b3832d9015,0.0,0.3101656179511339,0.2487592064662893,1630.7112497897078,1769.571722555466,1658.0,1850.0,0.23711501969474583,0.5,validation,
1770,E0x1oqvG,2025-09-18 18:49:54.916000+00:00,player_b6f3b26670,player_5f0041b844,1.0,0.6807929393165761,0.676301669492737,1921.0,1789.4229784885215,1921.0,1793.0,0.676301669492737,0.5,validation,
1771,EKZKsuk8,2025-09-18 18:49:54.916000+00:00,player_c4fe2c55ff,player_c78f26ab0a,1.0,0.8463976747270189,0.7888870682101548,1960.5525654925493,1664.0818969474835,1934.0,1705.0,0.7741479777018306,0.5,validation,
1772,HiImxDLx,2025-09-18 18:49:54.916000+00:00,player_b07e76c677,player_317c1f7d73,0.5,0.5681651477994303,0.5014391117091528,1799.089288458699,1751.4265285663946,1777.0,1776.0,0.4712494361077314,0.5,validation,
1773,LMCXuCLG,2025-09-18 18:49:54.916000+00:00,player_6128bf3766,player_15e747c062,1.0,0.4460679707366735,0.48992755307256153,1916.1939295404002,1953.81610434828,1816.0,1823.0,0.5014391117091528,0.5,validation,
1774,LOBchMUc,2025-09-18 18:49:54.916000+00:00,player_45636c392b,player_16cc68256b,1.0,0.774825492830346,0.784053683887815,1918.6974431718795,1704.0235710609988,1900.0,1676.0,0.7859966022821575,0.5,validation,
1775,NlVBjiVN,2025-09-18 18:49:54.916000+00:00,player_aeced0232c,player_52d2d21a8e,0.0,0.551066534520137,0.6400649998028851,1867.7930275374829,1832.1842047727878,1901.0,1801.0,0.6427130688326204,0.5,validation,
1776,PON4ohC6,2025-09-18 18:49:54.916000+00:00,player_b5d3aca269,player_1275bc05b6,1.0,0.48389169496781625,0.4285368825916186,1939.4290047234583,1950.6260764282608,1902.0,1952.0,0.4061446147638222,0.5,validation,
1777,PZqfEXtu,2025-09-18 18:49:54.916000+00:00,player_15b9e23f5c,player_1b38516b74,0.5,0.47842666694885455,0.47842666694885455,1632.0,1647.0,1632.0,1647.0,0.47842666694885455,0.5,validation,
1778,Q5PLIGs8,2025-09-18 18:49:54.916000+00:00,player_7c2d2c355b,player_cca27acf09,0.0,0.16762165430064407,0.19347247718289215,1839.9809672485019,2118.3772276581017,1898.0,2146.0,0.1998379440848642,0.5,validation,
1779,kGiLOI3Z,2025-09-18 18:49:54.916000+00:00,player_0e778d3f65,player_38794755ff,1.0,0.6299210255367044,0.5896835031399501,1815.2381753311217,1722.8414983097052,1806.0,1743.0,0.6519120398746636,0.5,validation,
1780,mXiWRblZ,2025-09-18 18:49:54.916000+00:00,player_c2ae71ed7e,player_6b78644533,0.0,0.4300000380979779,0.3719551943780582,1625.6129459505878,1674.5754789853158,1614.0,1705.0,0.37061145278249774,0.5,validation,
1781,sgCbmDFn,2025-09-18 18:49:54.916000+00:00,player_934446d768,player_4bcd45f7e6,1.0,0.2207767010975948,0.16316903399710528,2041.78585919296,2260.869335122692,1908.0,2192.0,0.1547061893820004,0.5,validation,
1782,tePuolRD,2025-09-18 18:49:54.916000+00:00,player_26bacb70a7,player_b078c0ad01,0.0,0.6309385329092112,0.5071950817090514,1902.8287452731433,1809.6734061562809,1881.0,1876.0,0.46838170217189273,0.5,validation,
1783,zTzVx0Eh,2025-09-18 18:49:54.916000+00:00,player_53ca97c072,player_4eecbab457,0.0,0.4469531048305375,0.4469531048305375,1762.0,1799.0,1762.0,1799.0,0.4469531048305375,0.5,validation,
1784,0ziZHFFd,2025-09-18 18:50:33.829000+00:00,player_4a5e68b6eb,player_893f809f22,0.0,0.09603846941576553,0.08226538120060121,1557.848639721017,1947.330527250698,1547.0,1966.0,0.07638222129184609,0.5,validation,
1785,23FqhRwc,2025-09-18 18:50:33.829000+00:00,player_29be8049e6,player_4d6de79939,1.0,0.4260492273829553,0.39096739659576046,1825.8033946705,1877.569339777524,1817.0,1894.0,0.38277496909505365,0.5,validation,
1786,369z457m,2025-09-18 18:50:33.829000+00:00,player_d2ed955a08,player_1f017477db,1.0,0.888070969867604,0.9109760314653452,1520.8019732181465,1161.0,1565.0,1161.0,0.9150891110604187,0.5,validation,
1787,3FiKrCrL,2025-09-18 18:50:33.829000+00:00,player_653c4283cb,player_92c6b72d30,0.0,0.5021937398339484,0.5086338358210827,1404.5243763488381,1403.0,1409.0,1403.0,0.5100724469274385,0.5,validation,
1788,3UEyy3tt,2025-09-18 18:50:33.829000+00:00,player_ae5764b808,player_6e9e0ae007,0.0,0.4651629482228469,0.44553062597832394,1924.4982834280986,1948.7448321132938,1886.0,1924.0,0.44126863067523897,0.5,validation,
1789,7qoLf2pJ,2025-09-18 18:50:33.829000+00:00,player_d244185209,player_7694302c58,1.0,0.3926950498082066,0.47842666694885455,1866.7547230821212,1942.4952808352587,1909.0,1924.0,0.5014391117091528,0.5,validation,
1790,Ayb66L57,2025-09-18 18:50:33.829000+00:00,player_2a2129d64b,player_486e8abbbb,1.0,0.5555773186548404,0.615864104253756,1660.6494518476002,1621.870134987227,1662.0,1580.0,0.6374083767444845,0.5,validation,
1791,ChTgoeGD,2025-09-18 18:50:33.829000+00:00,player_6699f8735c,player_81ac4606ec,1.0,0.9565291425886061,0.949862711930845,1719.0,1182.0,1693.0,1182.0,0.9481920611104497,0.5,validation,
1792,DsyIF3p5,2025-09-18 18:50:33.829000+00:00,player_1556d7324c,player_1f4011309e,1.0,0.6309411437790424,0.6453524504393825,1622.351784677276,1529.1944977602195,1631.0,1527.0,0.6492949471109635,0.5,validation,
1793,EHN2EW76,2025-09-18 18:50:33.829000+00:00,player_c500c8643c,player_4f59cdad6a,1.0,0.7487059010142569,0.8019966441144332,1568.03458741968,1378.3830011421633,1608.0,1365.0,0.8136122105055869,0.5,validation,
1794,ElUJUD6L,2025-09-18 18:50:33.829000+00:00,player_07b647559a,player_5a4e157d0a,1.0,0.14048853486684218,0.1430408607355515,1273.4604852293792,1588.104801563672,1299.0,1610.0,0.14093699762332623,0.5,validation,
1795,HpwFCIi9,2025-09-18 18:50:33.829000+00:00,player_592792b68b,player_11ad009d76,1.0,0.812927467533855,0.8238615285055724,2008.2167089782793,1753.0,2021.0,1753.0,0.8263535539440318,0.5,validation,
1796,Hu5X5WVR,2025-09-18 18:50:33.829000+00:00,player_a5f43760a2,player_9f7b19bc35,1.0,0.5462557921790107,0.550199353253537,1761.412130395469,1729.178146064597,1754.0,1719.0,0.5459219227804837,0.5,validation,
1797,K5BgqPIw,2025-09-18 18:50:33.829000+00:00,player_e1ccd38199,player_8150304f9f,1.0,0.9725882997605672,0.9798779608453038,1973.0325552951867,1353.0353285933102,2002.0,1327.0,0.9834891447206308,0.5,validation,
1798,KKI3nrWK,2025-09-18 18:50:33.829000+00:00,player_a95ef56f3d,player_7355ee8426,1.0,0.9742272782157059,0.9742272782157059,2556.0,1925.0,2556.0,1925.0,0.9742272782157059,0.5,validation,
1799,MACwyHf9,2025-09-18 18:50:33.829000+00:00,player_b7120baa1d,player_76a12ceccb,1.0,0.07709765317065197,0.11011215781886716,1278.7669623017762,1710.012799056943,1346.0,1709.0,0.11886221644630175,0.5,validation,
1800,Vpf7ABLd,2025-09-18 18:50:33.829000+00:00,player_21ddbbfc50,player_4fb4dbb91a,1.0,0.09711380007225998,0.09090909090909091,1589.727286154237,1977.0681128362064,1620.0,2020.0,0.08996208018848378,0.5,validation,
1801,W5aUHJEJ,2025-09-18 18:50:33.829000+00:00,player_4bca831314,player_361d35f71b,0.0,0.7350022663822777,0.7639246991448386,1804.285932724418,1627.0673252972001,1810.0,1606.0,0.7555188820711969,0.5,validation,
1802,bi7p9sSx,2025-09-18 18:50:33.829000+00:00,player_d220abe47e,player_a2a18e398c,1.0,0.5220586236832981,0.5201367220358165,1795.5141758360405,1780.176318143667,1695.0,1681.0,0.5473485180458647,0.5,validation,
1803,dl5s9EhW,2025-09-18 18:50:33.829000+00:00,player_68cd6a7975,player_92924c8200,1.0,0.8871596353491092,0.8985940288909822,1655.0,1296.7850828799299,1682.0,1303.0,0.9006730359903561,0.5,validation,
1804,eV7Nym88,2025-09-18 18:50:33.829000+00:00,player_4c945685aa,player_98459f9e7a,0.0,0.7891944005204858,0.8876112598598545,1775.3777124531136,1546.0569713963068,1821.0,1462.0,0.9047175302821824,0.5,validation,
1805,fsyQigYt,2025-09-18 18:50:33.829000+00:00,player_6ebc78a27e,player_9ead8cc339,0.0,0.4793254459453975,0.47842666694885455,1927.826832487757,1942.2011799871293,1888.0,1903.0,0.4640840730548977,0.5,validation,
1806,h49DDgQm,2025-09-18 18:50:33.829000+00:00,player_c26ea918f9,player_e97a8de904,0.0,0.3933405144585002,0.399221754109989,1594.2850394263453,1669.5555638310586,1607.0,1678.0,0.399221754109989,0.5,validation,
1807,hAEdeIid,2025-09-18 18:50:33.829000+00:00,player_22a8ead105,player_4d235613cf,1.0,0.9915270655144925,0.9944080326911652,2126.6300850297507,1299.3217949547432,2151.0,1251.0,0.9922531970921242,0.5,validation,
1808,kTYFkAeI,2025-09-18 18:50:33.829000+00:00,player_5f98eb3cbd,player_1e931b2cbd,0.0,0.8384583823211179,0.8576633185538569,1901.0745469309031,1614.9957136258774,1868.0,1556.0,0.8590630023766738,0.5,validation,
1809,kw8eZO5u,2025-09-18 18:50:33.829000+00:00,player_adcfd517c2,player_05e658379f,0.0,0.3472442555700315,0.24768500639431762,1732.0705102152494,1841.7167631942234,1633.0,1826.0,0.23607530085516135,0.5,validation,
1810,lGfQvOr1,2025-09-18 18:50:33.829000+00:00,player_ae2d1d73b5,player_25eee35b60,1.0,0.7982231096996325,0.8038185194246843,1775.613765889428,1536.7126168942787,1730.0,1485.0,0.8056276940436502,0.5,validation,
1811,mynxOA8u,2025-09-18 18:50:33.829000+00:00,player_54f56d1fc6,player_0c78212bc3,0.0,0.019782549389392813,0.019562303872579522,1713.3468964737513,2391.3629649675663,1686.0,2366.0,0.01880423478946836,0.5,validation,
1812,s1gMGGR3,2025-09-18 18:50:33.829000+00:00,player_1c67074439,player_a7ac2ec840,0.0,0.6055642940799827,0.5172625244323762,1787.984694287672,1713.5110791791758,1808.0,1796.0,0.48705085510713625,0.5,validation,
1813,sSD6pMrf,2025-09-18 18:50:33.829000+00:00,player_a23797bd22,player_f226a787f8,0.0,0.2133376949921796,0.2120732319225979,1593.3636634074503,1820.0519601522808,1588.0,1816.0,0.20168525584502242,0.5,validation,
1814,tKMmt0t3,2025-09-18 18:50:33.829000+00:00,player_be64a45ef2,player_38fc9c066b,1.0,0.45028881308260627,0.4640840730548977,1661.895198436328,1696.5525654925493,1645.0,1670.0,0.45265148195413535,0.5,validation,
1815,vxgsySEA,2025-09-18 18:50:33.829000+00:00,player_3b38c16574,player_a235f79571,0.0,0.300560882628239,0.2789217568024399,1490.720450534371,1637.4474345074507,1499.0,1664.0,0.3186781648336063,0.5,validation,
1816,w7zNK8O0,2025-09-18 18:50:33.829000+00:00,player_9bd78904a7,player_b036680e1f,0.0,0.1873756921888154,0.1437479399018495,1338.4418050861295,1593.312428654791,1360.0,1670.0,0.13411041754495612,0.5,validation,
1817,wT8MH0xS,2025-09-18 18:50:33.829000+00:00,player_903397cd13,player_b8e140b90c,0.0,0.4019862342306564,0.4019862342306564,1599.0,1668.0,1599.0,1668.0,0.4019862342306564,0.5,validation,
1818,yDLJuwpP,2025-09-18 18:50:33.829000+00:00,player_1b3562e449,player_e49d48485c,0.0,0.010199719462479283,0.007925818944138005,1341.5395147706208,2136.3232530365017,1316.0,2155.0,0.007358552708171972,0.5,validation,
1819,6udB5evd,2025-09-18 18:51:11.539000+00:00,player_af624832cf,player_e3654712da,0.0,0.3918188017402468,0.38277496909505365,1586.2100556105684,1662.5891427316405,1575.0,1658.0,0.3787032768775454,0.5,validation,
1820,BUZGpMer,2025-09-18 18:51:11.539000+00:00,player_4b42985db1,player_f9c52ce45a,1.0,0.9781534082290873,0.9840407281093975,1835.2409692133263,1174.8316575956565,1904.0,1188.0,0.9881875662675944,0.5,validation,
1821,CmPfdyrJ,2025-09-18 18:51:11.539000+00:00,player_8bc6fe346a,player_cee1c3522c,0.0,0.5680260474991259,0.5658152030692333,1805.6563795770348,1758.0921031493858,1778.0,1732.0,0.5658152030692333,0.5,validation,
1822,J3sDRMLG,2025-09-18 18:51:11.539000+00:00,player_941991fe0c,player_c88594a5c4,1.0,0.7175620693830618,0.7381090325404187,1939.131446107115,1777.1568649696414,1897.0,1717.0,0.7436345220073278,0.5,validation,
1823,MpRITGvE,2025-09-18 18:51:11.539000+00:00,player_2ff421b778,player_df147156b7,0.0,0.4951855490266576,0.544494573083008,2038.5703922693308,2041.9159188520118,1960.0,1929.0,0.5430664920222119,0.5,validation,
1824,NT353hgt,2025-09-18 18:51:11.539000+00:00,player_39fffe480d,player_05b4376c0d,0.0,0.23902559331092832,0.2340053292335112,1693.6602470363139,1894.8305053656568,1688.0,1894.0,0.23297508185497873,0.5,validation,
1825,NvB5btle,2025-09-18 18:51:11.539000+00:00,player_5082ae87d8,player_17000310e2,0.0,0.04519863915726115,0.03765567938957777,1196.4687422746429,1726.3838103023215,1163.0,1726.0,0.03602194408017292,0.5,validation,
1826,Qaw9w5ae,2025-09-18 18:51:11.539000+00:00,player_841bcd8983,player_a71ab86adb,1.0,0.9025359159753576,0.9061958467735052,1970.75325391777,1584.105298778894,1901.0,1507.0,0.9016982546021951,0.5,validation,
1827,SQlYJBDC,2025-09-18 18:51:11.539000+00:00,player_b10b6ca0e2,player_ee321dbcaf,0.0,0.875458956967376,0.9086140467149137,1686.9171597048187,1348.1478429859164,1723.0,1324.0,0.9141902593095826,0.5,validation,
1828,ToCW6APk,2025-09-18 18:51:11.539000+00:00,player_cfc01dba3c,player_f9a7f0dea2,1.0,0.9992133146148346,0.9990940455331515,2233.7832910217207,992.2404388673882,2221.0,1004.0,0.9990568295340507,0.5,validation,
1829,ajKegSmc,2025-09-18 18:51:11.539000+00:00,player_ee333a3fc8,player_3d74b58f44,0.0,0.838730568533202,0.7936407431881689,1769.0042315228347,1482.5760648114992,1792.0,1558.0,0.7523149936056823,0.5,validation,
1830,ar75kW76,2025-09-18 18:51:11.539000+00:00,player_6a7243015c,player_8a7f244524,1.0,0.4822362614290086,0.6699690139034832,2068.9377920601733,2081.286499152456,2051.0,1928.0,0.7129021574054539,0.5,validation,
1831,avtW3b7M,2025-09-18 18:51:11.539000+00:00,player_b693603edf,player_5e3edd9c33,0.0,0.4632322810185562,0.46551605527316847,1790.6853245321402,1816.2803538968853,1799.0,1823.0,0.46838170217189273,0.5,validation,
1832,eiYqQtwt,2025-09-18 18:51:11.539000+00:00,player_8855d0e065,player_b6ad2d9586,1.0,0.040767525936724884,0.032773891454587506,1516.7748843255376,2065.418691070884,1566.0,2154.0,0.031170749317261933,0.5,validation,
1833,hNHQ3f4B,2025-09-18 18:51:11.539000+00:00,player_80dc495080,player_19c14d418c,0.0,0.8977187637182963,0.9109760314653452,1928.525354363739,1551.1876207760172,1938.0,1534.0,0.9168612275957299,0.5,validation,
1834,i31tN0lO,2025-09-18 18:51:11.539000+00:00,player_f28ca29037,player_bd9a49b1b8,0.0,0.0542294940580497,0.07760948942937546,1721.5577812727531,2218.177866745663,1763.0,2193.0,0.08446467329672434,0.5,validation,
1835,imFrHFHf,2025-09-18 18:51:11.539000+00:00,player_7d19da7e69,player_3c53727464,0.0,0.09408256702238807,0.03871267794717751,1561.7138817443904,1955.145665159826,1488.0,2046.0,0.03134505945150395,0.5,validation,
1836,j1YKlJJG,2025-09-18 18:51:11.539000+00:00,player_d3c19a0bce,player_fb9f3bd030,1.0,0.9966366813841664,0.9970405376709572,2013.0,1024.2924574743904,2013.0,1002.0,0.9971242622152393,0.5,validation,
1837,k7mw82cs,2025-09-18 18:51:11.539000+00:00,player_5d17467af2,player_599ee886a6,0.0,0.168961145741226,0.1423366814461431,1778.9184916052025,2055.652284940875,1762.0,2074.0,0.13748809600868891,0.5,validation,
1838,oJhZEaKw,2025-09-18 18:51:11.539000+00:00,player_d539a5e529,player_e9e7de6f78,0.0,0.45820928252700877,0.41171002813683716,1551.7983879832964,1580.905458773351,1462.0,1524.0,0.49280491829094863,0.5,validation,
1839,osuetqc5,2025-09-18 18:51:11.539000+00:00,player_4802d3675e,player_08095bbe41,1.0,0.9353993098176392,0.9114417700030158,2071.9833299529446,1607.6793750793563,2028.0,1623.0,0.9047175302821824,0.5,validation,
1840,yzRigEX6,2025-09-18 18:51:11.539000+00:00,player_66f4030e5c,player_23e885ddcd,0.0,0.03803069959118964,0.02577272178429416,1690.6372910749035,2251.8480502666716,1702.0,2333.0,0.023426369721582366,0.5,validation,
1841,zzqn1mHL,2025-09-18 18:51:11.539000+00:00,player_16ec20cd15,player_8634e7a8c5,1.0,0.8457456715286971,0.8625119039913111,2166.5703590624357,1870.9693893310946,2149.0,1830.0,0.8652197052285583,0.5,validation,
1842,1ZWA2Bil,2025-09-18 18:51:11.540000+00:00,player_c1375536fa,player_f99434f5ad,0.0,0.4769904127024377,0.4769904127024377,1995.0,2011.0,1995.0,2011.0,0.4769904127024377,0.5,validation,
1843,BTIF9Jdf,2025-09-18 18:51:11.540000+00:00,player_a43116799c,player_789b2b0faf,0.0,0.924459122755136,0.9487547111474991,1664.6135331647554,1229.5312577253571,1771.0,1264.0,0.9527938123855935,0.5,validation,
1844,Sglu05In,2025-09-18 18:51:11.540000+00:00,player_aeb4606df7,player_8eb534b9ad,1.0,0.24983651817135802,0.24983651817135802,1719.0,1910.0,1719.0,1910.0,0.24983651817135802,0.5,validation,
1845,j33nbrc0,2025-09-18 18:51:11.540000+00:00,player_94d465076b,player_cb390f5ad7,1.0,0.362505098498995,0.3520169867496943,1503.0164697472217,1601.0815083947975,1512.0,1618.0,0.3493953720661275,0.5,validation,
1846,scyXJMFB,2025-09-18 18:51:11.540000+00:00,player_c6de4a3953,player_19adc7dd88,1.0,0.8296328234313434,0.8296328234313434,1669.0,1394.0,1669.0,1394.0,0.8296328234313434,0.5,validation,
1847,4ZtqlqTA,2025-09-18 18:51:50.258000+00:00,player_1841a7900d,player_0e74bde4ce,0.0,0.8800598702762293,0.9037204383519798,1842.9490856717694,1496.7300041160304,1862.0,1473.0,0.9132827941566174,0.5,validation,
1848,6k9Oofaw,2025-09-18 18:51:50.258000+00:00,player_dad7fc297e,player_4c9173cbff,0.0,0.8782119198140469,0.9061958467735052,1684.6120873237917,1341.4142701586782,1736.0,1342.0,0.9119053076034237,0.5,validation,
1849,7U3C0dOd,2025-09-18 18:51:50.258000+00:00,player_60586e4852,player_a0761cb3ca,1.0,0.9061958467735052,0.9061958467735052,2146.0,1752.0,2146.0,1752.0,0.9061958467735052,0.5,validation,
1850,8RrKrOZ4,2025-09-18 18:51:50.258000+00:00,player_3a5f3f5148,player_649e6e0396,1.0,0.8560597409596088,0.8437822479242926,2066.412628666613,1756.6839112780556,2004.0,1711.0,0.8414923669232418,0.5,validation,
1851,AlXzou1w,2025-09-18 18:51:50.258000+00:00,player_26a6cc3796,player_eb7a60a326,0.0,0.17807455010869297,0.14445792510730254,1787.5695227690148,2053.261751662093,1757.0,2066.0,0.13612852365814215,0.5,validation,
1852,AzTSpjzC,2025-09-18 18:51:50.258000+00:00,player_d731db137d,player_a3b34a6523,0.0,0.338506124600784,0.30144137358197703,1460.1212891383166,1576.5050078292518,1478.0,1624.0,0.2942186402879975,0.5,validation,
1853,Ioyccdul,2025-09-18 18:51:50.258000+00:00,player_86b23a224d,player_0b1e14e955,0.0,0.862784350254862,0.8954031473673285,1373.399787258588,1054.0003422370703,1420.0,1047.0,0.8937746801781464,0.5,validation,
1854,L2jycft8,2025-09-18 18:51:50.258000+00:00,player_5f0041b844,player_4ec4dc8f6d,0.0,0.9473986964474701,0.9540716351028596,1768.9937266047823,1266.7792162173728,1789.0,1262.0,0.9553164906282028,0.5,validation,
1855,LjnSW1rn,2025-09-18 18:51:50.258000+00:00,player_26492a39ee,player_2b7c501ae4,1.0,0.7246225531588452,0.7659946707664889,2130.6688871469128,1962.5954960131928,2106.0,1900.0,0.7761545753418307,0.5,validation,
1856,SopMkSGx,2025-09-18 18:51:50.258000+00:00,player_3a509c3c97,player_5dc4bce2c1,0.0,0.436726239775481,0.41031649686004995,1882.429750414352,1926.6338440067127,1860.0,1923.0,0.4061446147638222,0.5,validation,
1857,VHYpvgWu,2025-09-18 18:51:50.258000+00:00,player_3f3cd4a3de,player_6c19f49d95,1.0,0.6307302886162022,0.6307302886162022,1729.0,1636.0,1729.0,1636.0,0.6307302886162022,0.5,validation,
1858,WfVjD1ST,2025-09-18 18:51:50.258000+00:00,player_a5275371e3,player_1f07f9a398,0.0,0.6449928781625287,0.6427130688326204,1848.17091434334,1744.4437728526893,1877.0,1775.0,0.6427130688326204,0.5,validation,
1859,WzLmvU00,2025-09-18 18:51:50.258000+00:00,player_c452fd0eed,player_5e4e64d0cd,1.0,0.42564101788378494,0.4271277486054956,1828.3172351691112,1880.3732127989506,1833.0,1884.0,0.3882294992189357,0.5,validation,
1860,an2Oyo1f,2025-09-18 18:51:50.258000+00:00,player_49bd7dc7cf,player_b95ff8ed32,0.0,0.051222391021272295,0.03464857993036949,1512.3622733255047,2019.4441052125621,1441.0,2019.0,0.031170749317261933,0.5,validation,
1861,e3Mitzt6,2025-09-18 18:51:50.258000+00:00,player_f055c06ad8,player_c58406f07e,1.0,0.3305308031257164,0.3136997423166875,1900.734619044642,2023.3420832432296,1907.0,2043.0,0.308763847585237,0.5,validation,
1862,eBq2McwN,2025-09-18 18:51:50.258000+00:00,player_e03ed01123,player_c343e7f336,0.0,0.6901496053608457,0.8383969073869433,1919.9483791877046,1780.8319030433186,1994.0,1708.0,0.8638714763418578,0.5,validation,
1863,fh1BYB60,2025-09-18 18:51:50.258000+00:00,player_ef3c7b9cb8,player_e88198d0d4,1.0,0.04727254635895408,0.033886608260335856,1152.5677865663504,1674.3116599819623,1158.0,1740.0,0.02964362186895855,0.5,validation,
1864,gxdEk1F3,2025-09-18 18:51:50.258000+00:00,player_23fe62f465,player_f5a4c9d30d,0.0,0.31380885879922293,0.3124617517876582,1466.1504413519644,1602.0624043305586,1435.0,1572.0,0.3124617517876582,0.5,validation,
1865,h8OlPyjg,2025-09-18 18:51:50.258000+00:00,player_bb9295ada1,player_37bee017ff,0.0,0.5183147697924091,0.5301846800039021,2162.27042220388,2149.538320313282,2155.0,2134.0,0.5344839447268315,0.5,validation,
1866,hmIJOqTN,2025-09-18 18:51:50.258000+00:00,player_ddb8c01472,player_2d67ac710b,1.0,0.8657756331182197,0.8460451004320948,2078.923741299537,1755.0941435048971,2077.0,1781.0,0.8399506946347535,0.5,validation,
1867,hus4s6KL,2025-09-18 18:51:50.258000+00:00,player_60a2e71013,player_4151474c72,0.0,0.0071945026092799,0.004628976688165087,1324.8725644337803,2180.8179239738097,1277.0,2210.0,0.0041992569147065225,0.5,validation,
1868,jd6nKnD8,2025-09-18 18:51:50.258000+00:00,player_21447cc334,player_1e038bf320,0.0,0.528215026736476,0.6280448056219418,1345.8022685062176,1326.1756093934498,1370.0,1279.0,0.6506046279338725,0.5,validation,
1869,kvWa4E5J,2025-09-18 18:51:50.258000+00:00,player_c8dd4feac5,player_664279910c,1.0,0.7483379717975874,0.7945819150362295,1676.969382403842,1487.657346332601,1699.0,1464.0,0.8056276940436502,0.5,validation,
1870,nOtbOvhe,2025-09-18 18:51:50.258000+00:00,player_4fb35a570a,player_0d374b7141,1.0,0.7846665308497189,0.834459181708983,1812.4676647164085,1587.8382281488593,1828.0,1547.0,0.8512207976249028,0.5,validation,
1871,oPVoG8vb,2025-09-18 18:51:50.258000+00:00,player_6fa62cf77b,player_9d1a5aec58,1.0,0.30516529787174507,0.2268600869232327,1619.693783943417,1762.6323256860226,1583.0,1796.0,0.21015582024186943,0.5,validation,
1872,pPnId5lK,2025-09-18 18:51:50.258000+00:00,player_b21cbf6e60,player_09f5ca1b64,0.0,0.11503703888025345,0.20635925681183112,1564.4992849454534,1918.9342449859398,1664.0,1898.0,0.23297508185497873,0.5,validation,
1873,qhRxDfgc,2025-09-18 18:51:50.258000+00:00,player_d62b36fee2,player_d6f3dd21c4,0.0,0.08806267867297429,0.10193172098897373,1570.6772706162144,1976.7465098585178,1571.0,1949.0,0.10568003014887221,0.5,validation,
1874,uUgKEozl,2025-09-18 18:51:50.258000+00:00,player_4109a84459,player_6a3f628a42,0.0,0.18577068308142403,0.13885906434295667,1718.0003046639354,1974.7081276262593,1756.0,2073.0,0.1282074219668559,0.5,validation,
1875,4YwWRHpJ,2025-09-18 18:52:30.444000+00:00,player_e0cd2caec3,player_c4e2ba07e4,0.0,0.4256772603612859,0.48705085510713625,1783.2917538110135,1835.3219782821811,1761.0,1770.0,0.5,0.5,validation,
1876,5CIrvfdF,2025-09-18 18:52:30.444000+00:00,player_95f21b86f5,player_0520ceb2e6,1.0,0.8378274859603774,0.8383969073869433,1621.1057539462083,1335.8348121390372,1621.0,1335.0,0.8376154583713974,0.5,validation,
1877,6tnWJ2xR,2025-09-18 18:52:30.444000+00:00,player_28f12ab761,player_b8d557fe65,0.0,0.5986890063504894,0.6076610641268197,1630.1560350479085,1560.6679445607867,1608.0,1532.0,0.6104024220946891,0.5,validation,
1878,78TRjscl,2025-09-18 18:52:30.444000+00:00,player_7462a888ca,player_54a683a4f0,1.0,0.5604340520361385,0.5129491448928637,1656.2238131926858,1614.023623667943,1618.0,1609.0,0.5,0.5,validation,
1879,C7nVMRdw,2025-09-18 18:52:30.444000+00:00,player_319d1e3e93,player_ec9ab3f8cf,1.0,0.7485058928383566,0.7313778578393882,1660.6728280434227,1471.205863888353,1633.0,1459.0,0.7358774441014764,0.5,validation,
1880,DzhkJMkn,2025-09-18 18:52:30.444000+00:00,player_0008d08957,player_9edeb602b2,1.0,0.6975040578016264,0.7533860777856145,1574.883494628439,1429.7526205171425,1632.0,1438.0,0.7607960909891424,0.5,validation,
1881,EGjc2FEn,2025-09-18 18:52:30.444000+00:00,player_f7fd229828,player_54f56d1fc6,1.0,0.4203583898449956,0.35860988804438204,1656.2648795722541,1712.08081331283,1585.0,1686.0,0.3572869311673796,0.5,validation,
1882,GfYeK76w,2025-09-18 18:52:30.444000+00:00,player_ba5449c385,player_4ceb64083d,1.0,0.5101598896736896,0.544494573083008,1812.4108562238107,1805.3500698974412,1808.0,1777.0,0.5530468951694625,0.5,validation,
1883,Iz9pn2D9,2025-09-18 18:52:30.444000+00:00,player_7694302c58,player_13f2ca33cf,1.0,0.8626331173510432,0.8954031473673285,1903.627764022984,1584.450130229697,1918.0,1545.0,0.9016982546021951,0.5,validation,
1884,MLEDwUay,2025-09-18 18:52:30.444000+00:00,player_39cc58fb88,player_06cd8b8e81,0.0,0.37978418426174704,0.40060320329074317,1664.350408132988,1749.5527928148506,1660.0,1730.0,0.4061446147638222,0.5,validation,
1885,Ra1EfIg0,2025-09-18 18:52:30.444000+00:00,player_ccc6f98b3c,player_f9a7f0dea2,1.0,0.9986895910708449,0.9984800147393638,2144.999562886478,992.1900910027376,2131.0,1004.0,0.9984084940480201,0.5,validation,
1886,Rqd57Kcb,2025-09-18 18:52:30.444000+00:00,player_d315b9b271,player_8d458bb3da,0.5,0.7576391748622517,0.7576391748622517,1965.0,1767.0,1965.0,1767.0,0.7576391748622517,0.5,validation,
1887,Tlcakn3J,2025-09-18 18:52:30.444000+00:00,player_6e9e0ae007,player_ca5d2a0460,1.0,0.6590738412155726,0.6699690139034832,1978.515260799556,1864.0057610284591,1929.0,1806.0,0.6750402010402987,0.5,validation,
1888,Uv3Bgnzw,2025-09-18 18:52:30.444000+00:00,player_2ecd10721c,player_e558f7f0c0,0.0,0.04327880514239031,0.030824939304314358,1279.9119230302106,1817.7159763003242,1186.0,1785.0,0.0291508846672584,0.5,validation,
1889,VTN8j4QK,2025-09-18 18:52:30.444000+00:00,player_9d716f9924,player_398c64db27,1.0,0.6424423849250487,0.6635740980412955,2025.6984693362047,1923.9032078164141,1994.0,1876.0,0.6661394245831221,0.5,validation,
1890,bqC24SmO,2025-09-18 18:52:30.444000+00:00,player_1493f41ec5,player_97881bd3b6,1.0,0.5006368089552339,0.5244454611206615,2140.7932326383993,2140.3507322146834,2147.0,2130.0,0.5301846800039021,0.5,validation,
1891,eITjaI9E,2025-09-18 18:52:30.444000+00:00,player_b3832d9015,player_420e3154be,0.0,0.5430820067167068,0.5071950817090514,1789.4223221043387,1759.4114607824117,1853.0,1848.0,0.4985608882908471,0.5,validation,
1892,iSNYJhr0,2025-09-18 18:52:30.444000+00:00,player_11bf4ccb6b,player_4385d4a442,0.0,0.2990059551091002,0.4061446147638222,1602.993816576121,1751.0076128059304,1688.0,1754.0,0.4327711556570478,0.5,validation,
1893,k7RXst70,2025-09-18 18:52:30.444000+00:00,player_a4af4da67c,player_333b727a80,0.0,0.3909460528880306,0.3882294992189357,1549.0254890707745,1626.0410608173802,1632.0,1711.0,0.3882294992189357,0.5,validation,
1894,kCXoqVTP,2025-09-18 18:52:30.444000+00:00,player_f16bc6c29b,player_1b96f1ae58,1.0,0.7765790776906645,0.8065275228171078,2108.5929052113293,1892.1681670261366,2098.0,1850.0,0.8118599983337865,0.5,validation,
1895,nWjdEK8b,2025-09-18 18:52:30.444000+00:00,player_0c78212bc3,player_7daf8cb2ff,0.5,0.9011650319631063,0.9335296284754416,2392.6290481284873,2008.6715660347716,2366.0,1907.0,0.940003038370024,0.5,validation,
1896,pR8QVoAd,2025-09-18 18:52:30.444000+00:00,player_a9b8e0441a,player_cfc01dba3c,0.0,0.004315866917416945,0.003300382620840306,1288.6122221115727,2233.8336388863713,1229.0,2221.0,0.0025638057871856445,0.5,validation,
1897,qxw4mOrh,2025-09-18 18:52:30.444000+00:00,player_4ff3a8c942,player_4ffe569776,0.0,0.7315083489964053,0.7222345336491706,1538.7417251092872,1364.6263243856754,1499.0,1333.0,0.7210782431975601,0.5,validation,
1898,tHaqRyOh,2025-09-18 18:52:30.444000+00:00,player_64fd70fe62,player_4a41ce008a,0.0,0.5742802036545245,0.5742802036545245,1626.4387185037376,1574.4387185037376,1605.0,1553.0,0.5742802036545245,0.5,validation,
1899,yISPxgrk,2025-09-18 18:52:30.444000+00:00,player_b8849af3fd,player_a0cfb76086,1.0,0.9895848204806367,0.989870722266409,2003.4546372862335,1212.3401313180761,1965.0,1169.0,0.9901552813672291,0.5,validation,
1900,GXHLSgKd,2025-09-18 18:52:30.445000+00:00,player_3daff1dd75,player_35dbc9de18,0.0,0.33642590195870453,0.33642590195870453,1624.0,1742.0,1624.0,1742.0,0.33642590195870453,0.5,validation,
1901,bXfIhGRt,2025-09-18 18:52:30.445000+00:00,player_fca3ee066f,player_bb807b6d8f,0.0,0.6145013610085578,0.6145013610085578,1513.0,1432.0,1513.0,1432.0,0.6145013610085578,0.5,validation,
1902,gXJ9bBGH,2025-09-18 18:52:30.445000+00:00,player_2eea3829fa,player_d2c745135e,0.0,0.4602222210857299,0.48561281583400134,1529.3320554392133,1557.0310225986302,1559.0,1569.0,0.4712494361077314,0.5,validation,
1903,I1KMPJAP,2025-09-18 18:53:11.343000+00:00,player_7f5ab1205b,player_8f396e4253,1.0,0.6742849859418145,0.6949097127295025,1889.7955450474665,1763.3932604965305,1927.0,1784.0,0.6936879164219654,0.5,validation,
1904,Qen5RVVh,2025-09-18 18:53:11.343000+00:00,player_26faf633c9,player_4039bd1e01,0.0,0.47297226539670034,0.3300309860965169,1978.8480953794544,1997.6472135651388,1870.0,1993.0,0.2847472489508014,0.5,validation,
1905,fNjZzcvh,2025-09-18 18:53:11.343000+00:00,player_10365fd30d,player_f7ec6e6f48,1.0,0.4939597716033369,0.5215733330511455,2062.1567797537186,2066.354164526226,2044.0,2029.0,0.5344839447268315,0.5,validation,
1906,gkG67F3F,2025-09-18 18:53:11.343000+00:00,player_a3cb35c7d1,player_89d6485cc7,1.0,0.1452464226653971,0.09186506426819295,1802.8746971366174,2110.768890063541,1793.0,2191.0,0.08226538120060121,0.5,validation,
1907,6J0sSHF1,2025-09-18 18:53:11.344000+00:00,player_3794ccac0e,player_ab0983f2d8,1.0,0.4512256641402582,0.4512256641402582,1594.0,1628.0,1594.0,1628.0,0.4512256641402582,0.5,validation,
1908,9NIrzkvm,2025-09-18 18:53:11.344000+00:00,player_80e7015e8d,player_1d84a9997a,0.0,0.13836219346489562,0.22284689468527405,1687.715175695392,2005.4380989672472,1779.0,1996.0,0.2530870785710568,0.5,validation,
1909,9PZmSE99,2025-09-18 18:53:11.344000+00:00,player_b8849af3fd,player_f28ca29037,0.0,0.8384235129898794,0.7628849803052542,2004.1212087754727,1718.087093653038,1965.0,1762.0,0.7414335229692995,0.5,validation,
1910,ImzcdXPg,2025-09-18 18:53:11.344000+00:00,player_e130fe568b,player_2d1b4ef804,0.0,0.8968335735386901,0.9027140342685218,1701.1152892086043,1325.4459009983073,1722.0,1335.0,0.9066840316615196,0.5,validation,
1911,KjLwo6o2,2025-09-18 18:53:11.344000+00:00,player_5cf7b0e439,player_86b23a224d,1.0,0.5604225615590254,0.4726840269935071,1360.3736756143246,1318.1815888422768,1392.0,1411.0,0.4555054269169921,0.5,validation,
1912,KnUgXEtO,2025-09-18 18:53:11.344000+00:00,player_c35e883c79,player_e384688a60,0.0,0.5039707631337671,0.5430664920222119,1763.316027517119,1760.5568006812812,1713.0,1683.0,0.550199353253537,0.5,validation,
1913,O9U2jzj3,2025-09-18 18:53:11.344000+00:00,player_25eee35b60,player_5d93ebd8b6,0.0,0.1262052387608442,0.09090909090909091,1523.798895915055,1859.9317174447435,1483.0,1883.0,0.08446467329672434,0.5,validation,
1914,OI2bcySd,2025-09-18 18:53:11.344000+00:00,player_bb127940c3,player_d539a5e529,1.0,0.8754385221472549,0.8964765078981858,1861.2097542280997,1522.4729939015679,1832.0,1457.0,0.8996383151500511,0.5,validation,
1915,RZ18P1xW,2025-09-18 18:53:11.344000+00:00,player_fd28568b04,player_5606388063,1.0,0.4401311198207199,0.43418479693076684,1505.0,1546.8017006011046,1505.0,1551.0,0.4327711556570478,0.5,validation,
1916,UO8rVlRW,2025-09-18 18:53:11.344000+00:00,player_d78bcee283,player_c5b91a311c,1.0,0.5351648677743018,0.5756869523764296,1628.3513946605212,1603.8759343526697,1634.0,1581.0,0.584100958813678,0.5,validation,
1917,UbSxM1Za,2025-09-18 18:53:11.344000+00:00,player_be0905ea0d,player_4a2bd4876a,0.0,0.0202709862073657,0.017275545250193657,1129.9794763618183,1803.6719128954524,1131.0,1833.0,0.01632494246655396,0.5,validation,
1918,YKirJIRh,2025-09-18 18:53:11.344000+00:00,player_80535e6838,player_9f2f7dcf88,1.0,0.9044880844857478,0.9146407579005127,1814.5381179631818,1424.0,1836.0,1424.0,0.9164213770695134,0.5,validation,
1919,ZJGMYW2k,2025-09-18 18:53:11.344000+00:00,player_a0efc8f05c,player_0c7ad288f9,1.0,0.4684987691246373,0.5172625244323762,1461.1061077302818,1483.0244358926398,1450.0,1438.0,0.5387780920571715,0.5,validation,
1920,b6dwIAZw,2025-09-18 18:53:11.344000+00:00,player_c618dea26b,player_2aea3245dc,0.0,0.5473485180458647,0.5473485180458647,1411.0,1378.0,1411.0,1378.0,0.5473485180458647,0.5,validation,
1921,dJUfwN8c,2025-09-18 18:53:11.344000+00:00,player_1e9cf3b383,player_315ca9289e,1.0,0.7822694797283825,0.7983147441549775,1736.6522574594367,1514.4774269665413,1818.0,1579.0,0.8001620559151359,0.5,validation,
1922,ef2NYa2N,2025-09-18 18:53:11.344000+00:00,player_c2e473fec3,player_49db744355,0.0,0.011013226741483348,0.01400791280223621,1222.6896388997084,2004.0,1265.0,2004.0,0.01490994138932865,0.5,validation,
1923,j2pYdI8K,2025-09-18 18:53:11.344000+00:00,player_a0cfb76086,player_90ff108b74,1.0,0.22276805868114136,0.17781538884649767,1211.673559828837,1428.7526478183643,1169.0,1435.0,0.16474716768603853,0.5,validation,
1924,ja2tZnE4,2025-09-18 18:53:11.344000+00:00,player_b6ef45444b,player_b7120baa1d,0.0,0.9351174758822781,0.9164213770695134,1801.3280871045476,1337.8327124988546,1773.0,1357.0,0.909565530807434,0.5,validation,
1925,lvMAcb5d,2025-09-18 18:53:11.344000+00:00,player_02fcecb30b,player_257b0330b9,0.0,0.7362505020962384,0.7069752948085409,1942.6037505422703,1764.2701655733858,1914.0,1761.0,0.698558626418023,0.5,validation,
1926,pVj61pWd,2025-09-18 18:53:11.344000+00:00,player_3e14395bcd,player_f82ab97e20,1.0,0.4444331298105415,0.48130022207044143,1531.592166231255,1570.3641319453163,1510.0,1523.0,0.47986327796418354,0.5,validation,
1927,xoApzEkG,2025-09-18 18:53:11.344000+00:00,player_bd9a49b1b8,player_b846d40c1d,1.0,0.710206279340387,0.726830072276731,2221.648554365378,2065.930339557601,2194.0,2024.0,0.7279715135441962,0.5,validation,
1928,yeHvdqj0,2025-09-18 18:53:11.344000+00:00,player_ce59f0ca7a,player_0b1e14e955,1.0,0.9484648215850071,0.9298672374484249,1615.1855181308672,1109.2185406533815,1626.0,1177.0,0.9635761343868098,0.5,validation,
1929,znI3SgfK,2025-09-18 18:53:11.344000+00:00,player_3efa1a4bf5,player_e5ce0ac3ce,0.0,0.01097983879428177,0.007192256309701658,1433.8380952122718,2215.681767585597,1354.0,2210.0,0.0059895055210679275,0.5,validation,
1930,4xkVdlJn,2025-09-18 18:53:50.141000+00:00,player_a5f43760a2,player_adcfd517c2,1.0,0.6139624198883706,0.676301669492737,1790.4517596960122,1709.8468778587674,1759.0,1631.0,0.6936879164219654,0.5,validation,
1931,AmKKnCx1,2025-09-18 18:53:50.141000+00:00,player_95b5fb3246,player_f3cfab2553,1.0,0.4654961504683572,0.6240017586176672,1894.8374350178688,1918.851332435096,1882.0,1794.0,0.6648579785547648,0.5,validation,
1932,HMG3X7NN,2025-09-18 18:53:50.141000+00:00,player_3e7849ca33,player_fe07396c8e,1.0,0.6685949412006548,0.6800706757372215,1987.5948603914583,1865.6732792910973,1942.0,1811.0,0.6973450785898532,0.5,validation,
1933,QmwCi5JQ,2025-09-18 18:53:50.141000+00:00,player_74daf94754,player_bf51230720,0.0,0.360171269378045,0.2541767916495005,1794.9104351814563,1894.7323036188398,1723.0,1910.0,0.2663662975861926,0.5,validation,
1934,SKEF2VeC,2025-09-18 18:53:50.141000+00:00,player_c2fbb99b4e,player_7e1d5365e3,1.0,0.49364151427620284,0.449800646746463,1640.0507141128812,1644.4692807363288,1573.0,1608.0,0.4512256641402582,0.5,validation,
1935,relLjPLo,2025-09-18 18:53:50.141000+00:00,player_1a8443ce42,player_ec0d3464f8,1.0,0.7581995131446627,0.7392202541406678,2181.7598886455175,1983.2293565409311,2173.0,1992.0,0.7313778578393882,0.5,validation,
1936,vdIL9gi5,2025-09-18 18:53:50.141000+00:00,player_05e658379f,player_ae2d1d73b5,0.0,0.6068550515705088,0.6374083767444845,1863.9403955507055,1788.5274868686515,1830.0,1732.0,0.6293885472175023,0.5,validation,
1937,2OcQoFFn,2025-09-18 18:53:50.142000+00:00,player_49db744355,player_78f76fcfcd,0.0,0.8029672965362445,0.7955199003127421,2004.704846511455,1760.6410299955355,2004.0,1768.0,0.7936407431881689,0.5,validation,
1938,7yArlup3,2025-09-18 18:53:50.142000+00:00,player_10d3e17885,player_23707af8ed,0.0,0.30144137358197703,0.30144137358197703,1632.0,1778.0,1632.0,1778.0,0.30144137358197703,0.5,validation,
1939,ASOT8bl4,2025-09-18 18:53:50.142000+00:00,player_2ff26cc8dc,player_5352548671,0.0,0.29206699500586164,0.2541767916495005,1639.4981111679447,1793.3019823546554,1590.0,1777.0,0.24661392221438547,0.5,validation,
1940,EPsVqRFf,2025-09-18 18:53:50.142000+00:00,player_bfcbc58a7a,player_6835265010,1.0,0.40339913558818136,0.3692697113837977,1235.0,1302.9795660042846,1235.0,1328.0,0.344179494087605,0.5,validation,
1941,Em8I6DC3,2025-09-18 18:53:50.142000+00:00,player_8824ea67c7,player_dd8b5d8e20,0.0,0.6192533954960082,0.691236152414763,1636.7099517694817,1552.2170087285676,1697.0,1557.0,0.7057813597120025,0.5,validation,
1942,HGhR94OG,2025-09-18 18:53:50.142000+00:00,player_f2509c37cd,player_cbc32abe9f,1.0,0.5075436256918521,0.46694860611555894,1780.3230687702915,1775.0808229720512,1799.0,1822.0,0.4555054269169921,0.5,validation,
1943,K18MXkPV,2025-09-18 18:53:50.142000+00:00,player_7f7b252070,player_80f2fe7364,0.0,0.17357150333203927,0.1423366814461431,1630.35669090462,1901.4474345074507,1613.0,1925.0,0.13411041754495612,0.5,validation,
1944,NLUujLCp,2025-09-18 18:53:50.142000+00:00,player_85342f5a9d,player_5cf7b0e439,1.0,0.6503471617650088,0.6453524504393825,1496.3099082172173,1388.506631674547,1502.0,1398.0,0.6440338538222926,0.5,validation,
1945,QHLqfFTi,2025-09-18 18:53:50.142000+00:00,player_06a54f1a6d,player_86b23a224d,1.0,0.745318729403922,0.7222345336491706,1476.5866435999508,1290.0486327820545,1571.0,1405.0,0.7175917231915314,0.5,validation,
1946,R3VSDVIp,2025-09-18 18:53:50.142000+00:00,player_e60fb62b7c,player_004c40c63f,0.0,0.10106911068469063,0.08809469239657637,1504.5006092318192,1884.1437531148374,1526.0,1932.0,0.08626239263083382,0.5,validation,
1947,TaM7FhQ6,2025-09-18 18:53:50.142000+00:00,player_d360f2bc80,player_92306bfce4,1.0,0.8704140365479623,0.9090909090909091,1982.2175361077132,1651.3503665147061,2055.0,1655.0,0.9159794127382721,0.5,validation,
1948,aLnBtgc7,2025-09-18 18:53:50.142000+00:00,player_b4161b7f7b,player_81ac4606ec,1.0,0.8966817888599583,0.8898878421811328,1554.6024536847178,1179.2178651256709,1545.0,1182.0,0.8887546456176784,0.5,validation,
1949,daYe7rj6,2025-09-18 18:53:50.142000+00:00,player_599ee886a6,player_ba1bfc0b56,1.0,0.8437035691979639,0.8864576236639505,2066.4657982683134,1773.5694679486542,2076.0,1719.0,0.8943199698511277,0.5,validation,
1950,e0rAO9Bg,2025-09-18 18:53:50.142000+00:00,player_acc6657449,player_005626c64d,1.0,0.8642434976990021,0.8829346041256821,1621.5501922630392,1300.0,1651.0,1300.0,0.8881842302218831,0.5,validation,
1951,fR4I6TX5,2025-09-18 18:53:50.142000+00:00,player_76d8db066a,player_27908e1e38,1.0,0.6035363185261781,0.6035363185261781,2100.0,2027.0,2100.0,2027.0,0.6035363185261781,0.5,validation,
1952,lf0RvfMp,2025-09-18 18:53:50.142000+00:00,player_a95ef56f3d,player_c0056938ef,1.0,0.9964481123406389,0.9972533362368368,2557.6494541941947,1578.451267191932,2556.0,1532.0,0.9974065837329428,0.5,validation,
1953,rrlPbdO7,2025-09-18 18:53:50.142000+00:00,player_ccc6f98b3c,player_6699f8735c,1.0,0.9195847315085319,0.9256237164516561,2145.083429057944,1721.7821348743291,2131.0,1693.0,0.9264124438824264,0.5,validation,
1954,uSzISnwA,2025-09-18 18:53:50.142000+00:00,player_8873530087,player_14b8ac2008,1.0,0.25776182546155474,0.20730361582423143,1543.0806456338537,1726.810520963845,1509.0,1742.0,0.1970908298461841,0.5,validation,
1955,xIjlAvX1,2025-09-18 18:53:50.142000+00:00,player_9a29138581,player_54f4491b77,0.0,0.33900090875364175,0.33900090875364175,1427.0,1543.0,1427.0,1543.0,0.33900090875364175,0.5,validation,
1956,zKXQ1Vdz,2025-09-18 18:53:50.142000+00:00,player_f9a7f0dea2,player_88e5dd9bf7,0.0,0.011089220632359249,0.008783518386297404,992.1062248312717,1772.2086594317684,1004.0,1825.0,0.008296252364539285,0.5,validation,
1957,kEM1GVWM,2025-09-18 18:54:28.838000+00:00,player_ec130307e8,player_6128bf3766,1.0,0.8260452610054406,0.8625119039913111,2222.272611180205,1951.645579413253,2141.0,1822.0,0.8705002577432696,0.5,validation,
1958,1H4VOHvt,2025-09-18 18:54:28.839000+00:00,player_30f0782407,player_085c0b189a,0.0,0.30667967014377356,0.36392310031211805,1758.6186600803183,1900.3182390794911,1866.0,1963.0,0.37061145278249774,0.5,validation,
1959,1WnpluAQ,2025-09-18 18:54:28.839000+00:00,player_eb32bf8912,player_2fa75eff25,1.0,0.8757516107117366,0.8817393593419074,1576.6097465567693,1237.3736756143246,1566.0,1217.0,0.8835282880564392,0.5,validation,
1960,9G7To58E,2025-09-18 18:54:28.839000+00:00,player_15e747c062,player_4f042b87b8,0.0,0.14407270376841777,0.09932696400964386,1918.3644544754272,2227.9065225107556,1817.0,2200.0,0.09090909090909091,0.5,validation,
1961,AFo4c44g,2025-09-18 18:54:28.839000+00:00,player_8eccd7c223,player_6393a121b1,1.0,0.8354320980559945,0.8852936760540788,1685.2264099314432,1403.0,1758.0,1403.0,0.8943199698511277,0.5,validation,
1962,B9ZmEAmo,2025-09-18 18:54:28.839000+00:00,player_d7f6ea0e0d,player_21485bca27,0.0,0.2947486852303529,0.24768500639431762,1574.0958203154116,1725.6526314863324,1550.0,1743.0,0.23607530085516135,0.5,validation,
1963,JOm4MVua,2025-09-18 18:54:28.839000+00:00,player_2164716222,player_22a8ead105,0.0,0.16236585157662842,0.2179019838686814,1842.148481013411,2127.1723528368234,1930.0,2152.0,0.32243941991489944,0.5,validation,
1964,KuixvE70,2025-09-18 18:54:28.839000+00:00,player_b2806ec8b0,player_542768fe24,0.0,0.3544002691705778,0.3950870979920432,1669.2346069357798,1773.422325966587,1629.0,1703.0,0.4047569603484281,0.5,validation,
1965,LIsC8pmN,2025-09-18 18:54:28.839000+00:00,player_d63844d204,player_4a551de671,0.0,0.5011439441913174,0.5373473171664928,1610.8606502408352,1610.0657550140602,1656.0,1630.0,0.5416377027147634,0.5,validation,
1966,M1OF7oDZ,2025-09-18 18:54:28.839000+00:00,player_d4ccf5765d,player_589dcb6ab1,1.0,0.9569699931460472,0.953818732599141,1846.1712547268567,1307.3204927478328,1860.0,1334.0,0.9610725312524264,0.5,validation,
1967,NT89o0yE,2025-09-18 18:54:28.839000+00:00,player_1cb42dae1c,player_7c2d2c355b,1.0,0.28504786511315755,0.17200061973883018,1669.5095115120494,1829.2531813732608,1622.0,1895.0,0.15097955721132328,0.5,validation,
1968,OwCEjqwC,2025-09-18 18:54:28.839000+00:00,player_94452001f9,player_139d48af5d,1.0,0.4355995097595788,0.4355995097595788,1744.0,1789.0,1744.0,1789.0,0.4355995097595788,0.5,validation,
1969,PCeM3Ui6,2025-09-18 18:54:28.839000+00:00,player_0f0c561de3,player_563ade11f6,0.0,0.3520169867496943,0.3520169867496943,1589.0,1695.0,1589.0,1695.0,0.3520169867496943,0.5,validation,
1970,QRLwMUJK,2025-09-18 18:54:28.839000+00:00,player_98688a5bf7,player_129b1a1eac,1.0,0.9023907151899178,0.9123666522054631,1968.3613949893925,1582.0,1989.0,1582.0,0.9146407579005127,0.5,validation,
1971,T4RSPRau,2025-09-18 18:54:28.839000+00:00,player_3243f4d046,player_db00527c42,0.0,0.24541918905823817,0.20261368597229626,1819.4737742400384,2014.592670291185,1828.0,2066.0,0.19437230595634977,0.5,validation,
1972,TfJbtSQb,2025-09-18 18:54:28.839000+00:00,player_457c4c5013,player_e645302cf0,1.0,0.42571979634547563,0.42571979634547563,1459.0,1511.0,1459.0,1511.0,0.42571979634547563,0.5,validation,
1973,VYnqwJG0,2025-09-18 18:54:28.839000+00:00,player_ba1bfc0b56,player_90b1013359,0.5,0.3946120532596824,0.35596614617770733,1763.5664963773238,1837.9118657581996,1718.0,1821.0,0.3493953720661275,0.5,validation,
1974,VaDUL3xL,2025-09-18 18:54:28.839000+00:00,player_ca06dcd8b5,player_ae6197b66f,1.0,0.358027982260958,0.3800586409554767,1578.808787983899,1680.248438983855,1677.0,1762.0,0.384135895746244,0.5,validation,
1975,XHUU2pSJ,2025-09-18 18:54:28.839000+00:00,player_90ff108b74,player_ce59f0ca7a,0.0,0.20124632352427763,0.238157890082064,1379.0098035739572,1618.4837695494268,1425.0,1627.0,0.2487592064662893,0.5,validation,
1976,bV8rwM6k,2025-09-18 18:54:28.839000+00:00,player_23195b6a66,player_94a1d0af2b,1.0,0.8206244914673635,0.8749753069983639,1829.1134267657828,1564.9608951683144,1902.0,1564.0,0.8841193563384137,0.5,validation,
1977,c0XpE8Rq,2025-09-18 18:54:28.839000+00:00,player_3430d7eb2d,player_9f7b19bc35,1.0,0.37581206174862836,0.399221754109989,1612.0006538018818,1700.1385167640537,1647.0,1718.0,0.41729811503576986,0.5,validation,
1978,dcTQnlA3,2025-09-18 18:54:28.839000+00:00,player_980d5178c5,player_206a863fb3,0.0,0.5375478780127323,0.5416377027147634,1670.9318195202497,1644.7916694256753,1643.0,1614.0,0.5430664920222119,0.5,validation,
1979,gYPN9iKH,2025-09-18 18:54:28.839000+00:00,player_7e313ae3e6,player_8ed1a7354e,1.0,0.9427377446671503,0.946176473968739,2145.728659405322,1659.1196809063772,2113.0,1615.0,0.9490338639240656,0.5,validation,
1980,hfHRqFCE,2025-09-18 18:54:28.839000+00:00,player_683ffa9252,player_8a166b3122,1.0,0.27530477644737067,0.23297508185497873,1595.4759455883795,1763.6126066199338,1545.0,1752.0,0.23503873644731077,0.5,validation,
1981,hggXBYec,2025-09-18 18:54:28.839000+00:00,player_a6e334c54a,player_a4886874e6,1.0,0.4349705448796004,0.3882294992189357,1500.1712547268567,1545.6157505961955,1527.0,1606.0,0.3787032768775454,0.5,validation,
1982,m3CdYuTz,2025-09-18 18:54:28.839000+00:00,player_d1201a2601,player_a0cfb76086,1.0,0.9733949326953959,0.9756338529292065,1886.746291727288,1261.416404073244,1821.0,1180.0,0.977094665303013,0.5,validation,
1983,rvdqv9CB,2025-09-18 18:54:28.839000+00:00,player_4d235613cf,player_ed96c59fea,0.0,0.04210010511468222,0.03542705695208463,1298.7795271476707,1841.5943053186325,1251.0,1825.0,0.033886608260335856,0.5,validation,
1984,sC0notQw,2025-09-18 18:54:28.839000+00:00,player_cca27acf09,player_e9e7de6f78,1.0,0.9519778666352361,0.9710115888002774,2129.105013533343,1610.2308528550795,2148.0,1538.0,0.9833011506249288,0.5,validation,
1985,tGSLEJlZ,2025-09-18 18:54:28.839000+00:00,player_11f890c0d7,player_7ec648723c,0.0,0.279818110127677,0.25636547799267223,1568.6916150739007,1732.9181659029434,1627.0,1812.0,0.2541767916495005,0.5,validation,
1986,tjqE9f6N,2025-09-18 18:54:28.839000+00:00,player_60a2e71013,player_8e039bf92f,1.0,0.22817210062415533,0.20920189720276192,1324.4121162667864,1536.1152892086043,1277.0,1508.0,0.20448009968725794,0.5,validation,
1987,vqXzJJHy,2025-09-18 18:54:28.839000+00:00,player_8149d3c56c,player_599ee886a6,1.0,0.5795972452655657,0.6185841220890307,2132.253073657146,2076.4687698396438,2161.0,2077.0,0.6253513933075368,0.5,validation,
1988,wR0La0Qn,2025-09-18 18:54:28.839000+00:00,player_9cb6024ca1,player_0f2b14cf25,1.0,0.55730143162133,0.5487743358597419,1664.060996942049,1624.0681804797503,1685.0,1651.0,0.558731369324761,0.5,validation,
1989,07IBAGa3,2025-09-18 18:55:06.883000+00:00,player_9a46ffbbd8,player_1717e4f9fd,0.0,0.41283895330194975,0.5658152030692333,2015.711323693978,2076.9019507800476,2054.0,2008.0,0.6007782458900109,0.5,validation,
1990,J4b3Jozb,2025-09-18 18:55:06.883000+00:00,player_de9a5b9e52,player_7f5ab1205b,0.0,0.24493126084665787,0.14732704794388854,1715.0643970961714,1910.6413059471904,1625.0,1930.0,0.1308031345449462,0.5,validation,
1991,Xczd0suR,2025-09-18 18:55:06.883000+00:00,player_eaa0f84f04,player_2ff421b778,1.0,0.6422104343249652,0.691236152414763,2108.4983917474897,2006.8785171316247,2092.0,1952.0,0.7105400123698378,0.5,validation,
1992,6pzFP4yG,2025-09-18 18:55:06.884000+00:00,player_5cf7b0e439,player_76a12ceccb,0.0,0.16252693676887164,0.14732704794388854,1366.1288500275075,1650.947048859865,1394.0,1699.0,0.1437479399018495,0.5,validation,
1993,8kRmxTHw,2025-09-18 18:55:06.884000+00:00,player_ac3dd9df8d,player_841bcd8983,1.0,0.7860338952114629,0.8144835875047122,2203.029472698895,1976.9909552953472,2159.0,1902.0,0.8221846111535023,0.5,validation,
1994,A1Qk059f,2025-09-18 18:55:06.884000+00:00,player_a235f79571,player_aa3fd28b27,1.0,0.10640469633879936,0.1282074219668559,1656.683330995658,2026.355363396644,1668.0,2001.0,0.1334433562104599,0.5,validation,
1995,Alp78fbQ,2025-09-18 18:55:06.884000+00:00,player_7af80abc6c,player_0b1e14e955,1.0,0.9614087922818557,0.9057053735432374,1664.4881770039033,1105.920289234822,1693.0,1300.0,0.9753586587164795,0.5,validation,
1996,C46XgUwL,2025-09-18 18:55:06.884000+00:00,player_c78f26ab0a,player_cfffc59502,0.0,0.07541836620536742,0.10898908895423456,1654.2513481300127,2089.6386050106075,1703.0,2068.0,0.11766170295305857,0.5,validation,
1997,D3E8SY0b,2025-09-18 18:55:06.884000+00:00,player_9f1e963216,player_5082ae87d8,1.0,0.9229422314379676,0.9655434476270603,1624.9192653941507,1193.5760293685782,1741.0,1162.0,0.9714937550137935,0.5,validation,
1998,Dh05REYr,2025-09-18 18:55:06.884000+00:00,player_399f4200e6,player_8499a5d86f,1.0,0.49568276024494023,0.49568276024494023,1606.0,1609.0,1606.0,1609.0,0.49568276024494023,0.5,validation,
1999,DjheHmxg,2025-09-18 18:55:06.884000+00:00,player_02c1b57fd3,player_d1201a2601,1.0,0.6869152316144459,0.7544540419421866,2024.945498776028,1888.4490160347827,2016.0,1821.0,0.7670249181450214,0.5,validation,
2000,H77x3cpg,2025-09-18 18:55:06.884000+00:00,player_3eeb1c5e8a,player_1493f41ec5,0.0,0.03772814054539639,0.05903038296052904,1610.0995231556362,2172.7524768652643,1671.0,2152.0,0.0661140613371956,0.5,validation,
2001,NNkHsIDw,2025-09-18 18:55:06.884000+00:00,player_a71ab86adb,player_3b87eb035d,0.0,0.4902297237114127,0.4884891087822083,1577.8675974013167,1584.6575450245475,1506.0,1514.0,0.5014391117091528,0.5,validation,
2002,O4p1ysRF,2025-09-18 18:55:06.884000+00:00,player_f23c8716bb,player_e539512417,1.0,0.544494573083008,0.544494573083008,1793.0,1762.0,1793.0,1762.0,0.544494573083008,0.5,validation,
2003,SjTnmACs,2025-09-18 18:55:06.884000+00:00,player_94d465076b,player_0925283c12,1.0,0.9861002489858788,0.9858321812888555,1543.816143443286,803.450524387004,1519.0,782.0,0.9881875662675944,0.5,validation,
2004,X9gm2OYu,2025-09-18 18:55:06.884000+00:00,player_19aa1dd29b,player_3b38c16574,0.0,0.19303760176325344,0.18292116580002576,1223.0,1471.4845540461636,1223.0,1483.0,0.14024148054180438,0.5,validation,
2005,YQezyf0W,2025-09-18 18:55:06.884000+00:00,player_278e5a49c4,player_01c2e33de1,1.0,0.7467516625472076,0.821341471737012,2070.6460577484854,1882.7942196557644,2074.0,1809.0,0.8391753178526756,0.5,validation,
2006,ZhGeNB6g,2025-09-18 18:55:06.884000+00:00,player_3b1f91ab0d,player_a791a7d67b,1.0,0.8844771650743213,0.8948627896440804,1801.104801563672,1447.497286724233,1776.0,1404.0,0.8975401141287239,0.5,validation,
2007,bKbiSrxU,2025-09-18 18:55:06.884000+00:00,player_96e4430c2b,player_c2b882bb65,1.0,0.44268836623770724,0.44268836623770724,1394.0,1434.0,1394.0,1434.0,0.44268836623770724,0.5,validation,
2008,c5IkRTCw,2025-09-18 18:55:06.884000+00:00,player_21ddbbfc50,player_f5a9fa68bd,1.0,0.28266421415640197,0.21497326300182792,1647.5120029496122,1809.2926700121359,1630.0,1855.0,0.20076000891310175,0.5,validation,
2009,eI6cyAaR,2025-09-18 18:55:06.884000+00:00,player_8f396e4253,player_16ec20cd15,0.0,0.07601949284961346,0.1067730871742089,1742.5474995968066,2176.442636084599,1781.0,2150.0,0.11766170295305857,0.5,validation,
2010,eMoosVhe,2025-09-18 18:55:06.884000+00:00,player_0ab0ebacb4,player_d8a4ba0848,0.0,0.6320700121000735,0.6320700121000735,2051.0,1957.0,2051.0,1957.0,0.6320700121000735,0.5,validation,
2011,kUznfCfI,2025-09-18 18:55:06.884000+00:00,player_ca11373b75,player_9ded5cfe6c,1.0,0.43843206102635396,0.43843206102635396,1910.0,1953.0,1910.0,1953.0,0.43843206102635396,0.5,validation,
2012,nWHgJVOE,2025-09-18 18:55:06.884000+00:00,player_eea014ce1f,player_cb390f5ad7,0.0,0.07791720563979698,0.08626239263083382,1131.02721493773,1560.2818346987333,1200.0,1610.0,0.08763334779453696,0.5,validation,
2013,r18M3B9r,2025-09-18 18:55:06.884000+00:00,player_add2e509f9,player_025a8fd90a,0.0,0.34678283278113026,0.34678283278113026,1455.0,1565.0,1455.0,1565.0,0.34678283278113026,0.5,validation,
2014,t3nMq3rd,2025-09-18 18:55:06.884000+00:00,player_4bba7cd3be,player_7a83a3320b,0.0,0.2511086018144254,0.2607797458593321,1545.361303812232,1735.1842047727878,1527.0,1708.0,0.2618909674595814,0.5,validation,
2015,tdoCPEUk,2025-09-18 18:55:06.884000+00:00,player_4116cd89e5,player_f5a4c9d30d,1.0,0.8595216660813402,0.8768522650807969,1936.805163552779,1622.146171293709,1917.0,1576.0,0.8799266880106169,0.5,validation,
2016,teMn2HSZ,2025-09-18 18:55:06.884000+00:00,player_d8bf2bb3f3,player_a28f11f5a7,1.0,0.32243941991489944,0.32243941991489944,1621.0,1750.0,1621.0,1750.0,0.32243941991489944,0.5,validation,
2017,tkCuDHlz,2025-09-18 18:55:06.884000+00:00,player_39b330901c,player_c82858060a,1.0,0.9509532385416791,0.9476235744705875,2020.2604226625454,1505.2408924812737,1974.0,1471.0,0.9473371258660742,0.5,validation,
2018,wwEGIOQJ,2025-09-18 18:55:06.884000+00:00,player_930678778f,player_5606388063,1.0,0.7407845013292731,0.726830072276731,1693.3824613640754,1510.9700922696306,1715.0,1545.0,0.7245382428425361,0.5,validation,
2019,0cbAcfZu,2025-09-18 18:55:44.674000+00:00,player_ef3c7b9cb8,player_d35ed7969e,1.0,0.1421633285679333,0.12068284654599212,1213.5423435993773,1525.789153394273,1169.0,1514.0,0.1158806436615864,0.5,validation,
2020,2JMWpWxP,2025-09-18 18:55:44.674000+00:00,player_e3bd861454,player_7803401627,0.0,0.3779090089186521,0.3002305967379419,1639.0873319119407,1725.6739986931502,1595.0,1742.0,0.2847472489508014,0.5,validation,
2021,5ORs1LLR,2025-09-18 18:55:44.674000+00:00,player_53547b5e30,player_3dccbbb04b,1.0,0.6266537611458537,0.5530468951694625,1755.0,1665.033651964393,1755.0,1718.0,0.5359159269451023,0.5,validation,
2022,72jpsuXq,2025-09-18 18:55:44.674000+00:00,player_b3d13eaadc,player_fd28568b04,1.0,0.7566893877418339,0.7659946707664889,1737.9342449859398,1540.831608331474,1718.0,1512.0,0.7680520031675839,0.5,validation,
2023,7aJCRTXt,2025-09-18 18:55:44.674000+00:00,player_179d43c942,player_c24e843b48,1.0,0.6298595313332632,0.7544540419421866,2027.2279438271548,1934.8770897600089,2121.0,1926.0,0.7801296039931584,0.5,validation,
2024,CxetlJHH,2025-09-18 18:55:44.674000+00:00,player_d39c4ff769,player_4a673ee2af,1.0,0.5757844121772221,0.7751528656496841,1759.7439554957234,1706.6746432181887,1788.0,1573.0,0.7069752948085409,0.5,validation,
2025,G7o5OCYd,2025-09-18 18:55:44.674000+00:00,player_f9a7f0dea2,player_06a54f1a6d,0.0,0.052809609699713926,0.036222368339456294,991.3965147108007,1492.8862449180997,1004.0,1574.0,0.03351171054837125,0.5,validation,
2026,Jay5tOH6,2025-09-18 18:55:44.674000+00:00,player_6dc8820943,player_89059ce0ae,0.0,0.8134687049519098,0.7983147441549775,1472.6644959023881,1216.8288381641564,1425.0,1186.0,0.7955199003127421,0.5,validation,
2027,Ki85lidt,2025-09-18 18:55:44.674000+00:00,player_92306bfce4,player_64fd70fe62,1.0,0.5762100629683068,0.5798997603578815,1643.0568648537758,1589.684785469848,1654.0,1598.0,0.5798997603578815,0.5,validation,
2028,L9qyYtCX,2025-09-18 18:55:44.674000+00:00,player_c8ff9a5595,player_72de9d8c65,1.0,0.9493844384754538,0.921145206889913,2062.4306801896273,1553.1674603460197,2033.0,1606.0,0.908134935731807,0.5,validation,
2029,LYAhkLF7,2025-09-18 18:55:44.674000+00:00,player_cca7cea916,player_928c2e13f3,1.0,0.6606770135543644,0.6737761878883222,1990.456270019884,1874.7059034874737,1926.0,1800.0,0.6813218351663937,0.5,validation,
2030,My5uDlJY,2025-09-18 18:55:44.674000+00:00,player_4a41ce008a,player_17459335f4,0.0,0.14169893775118325,0.11354237633604944,1611.1926515376272,1924.1018737189067,1559.0,1916.0,0.10787608605677308,0.5,validation,
2031,NoIHxEyM,2025-09-18 18:55:44.674000+00:00,player_6fb1613252,player_04d4b5b801,0.0,0.5789329268618927,0.6374083767444845,1742.9405726126872,1687.629784898464,1790.0,1692.0,0.6440338538222926,0.5,validation,
2032,NpC4YIZb,2025-09-18 18:55:44.674000+00:00,player_21485bca27,player_80d88cf3a0,0.5,0.7227654987878369,0.7199190059471519,1744.516547341075,1578.0564925177885,1746.0,1582.0,0.7222345336491706,0.5,validation,
2033,OSreprcB,2025-09-18 18:55:44.674000+00:00,player_a0cfb76086,player_108ffeb6a3,0.0,0.034823598571752816,0.028826816395722262,1259.7136797657492,1836.806898567426,1180.0,1791.0,0.02650535152801521,0.5,validation,
2034,Tb0j4enj,2025-09-18 18:55:44.674000+00:00,player_c94197573d,player_c646912f35,0.0,0.515824985264735,0.515824985264735,1985.0,1974.0,1985.0,1974.0,0.515824985264735,0.5,validation,
2035,Tu37LZos,2025-09-18 18:55:44.674000+00:00,player_251c6b9f68,player_d7f6ea0e0d,0.0,0.410808273335489,0.41310497662089996,1492.5849210291897,1555.231904460669,1486.0,1547.0,0.4145013213281905,0.5,validation,
2036,UgiiBSat,2025-09-18 18:55:44.674000+00:00,player_aeacea3497,player_398c64db27,1.0,0.5070659917333287,0.49424379158885506,1905.929801301597,1901.0195204516172,1868.0,1872.0,0.4841750147352649,0.5,validation,
2037,VKIbPgKR,2025-09-18 18:55:44.674000+00:00,player_38794755ff,player_d3f20ec1d1,0.0,0.6995481544302211,0.7403284195148304,1699.1564439440542,1552.3393483106747,1727.0,1545.0,0.7129021574054539,0.5,validation,
2038,W1UPKvJJ,2025-09-18 18:55:44.674000+00:00,player_68a26254e6,player_266941d75e,1.0,0.7372049968220914,0.7820980161313187,1519.0585577150205,1339.8700909133638,1552.0,1330.0,0.7888870682101548,0.5,validation,
2039,W2VMozaA,2025-09-18 18:55:44.674000+00:00,player_05bddac032,player_7ac78dcfca,0.0,0.623545569491373,0.7199190059471519,2090.6190631397967,2002.9567491311163,2132.0,1968.0,0.7425355589430698,0.5,validation,
2040,XgAQHBRC,2025-09-18 18:55:44.674000+00:00,player_3c53727464,player_f227e4b9e0,1.0,0.9616313209133044,0.9828219117166813,1961.1669494492587,1401.5542486235574,2047.0,1344.0,0.9858321812888555,0.5,validation,
2041,axT4PNh0,2025-09-18 18:55:44.674000+00:00,player_2974fd4830,player_7d30d24744,1.0,0.5132986072751788,0.672509643334985,1917.873736541757,1908.6307377843461,1895.0,1770.0,0.7081663882812006,0.5,validation,
2042,faZ5FOqD,2025-09-18 18:55:44.674000+00:00,player_c4fe2c55ff,player_7df46c050b,1.0,0.8298457290458178,0.8519483458525737,1970.3831143100201,1695.1213108747645,1938.0,1634.0,0.8562520600981506,0.5,validation,
2043,htX3kHhT,2025-09-18 18:55:44.674000+00:00,player_88e5dd9bf7,player_702cea49a9,1.0,0.8923956677306681,0.9232106803028998,1772.9183695522395,1405.4272909879523,1825.0,1393.0,0.9298672374484249,0.5,validation,
2044,jYYA4AWL,2025-09-18 18:55:44.674000+00:00,player_86b23a224d,player_e7da83c9b8,0.0,0.9552662952883106,0.9779793722871879,1273.7490314639056,741.9531962047162,1402.0,743.0,0.9810892600911034,0.5,validation,
2045,kOoTG0ZM,2025-09-18 18:55:44.674000+00:00,player_c2c41d6ebe,player_9d716f9924,0.0,0.4282658493658686,0.4555054269169921,1998.389880815926,2048.5821567010016,1967.0,1998.0,0.46122190794282847,0.5,validation,
2046,kjLg52CK,2025-09-18 18:55:44.674000+00:00,player_df147156b7,player_2c115abdde,0.0,0.13523731386633941,0.08996208018848378,2073.6077939897177,2395.927956311497,1936.0,2338.0,0.08402058726172794,0.5,validation,
2047,mmLCAe3B,2025-09-18 18:55:44.674000+00:00,player_f28e8884ba,player_5dacf33841,1.0,0.6277095814400051,0.6622877974308888,1553.8923042801155,1463.1415448114794,1606.0,1489.0,0.6737761878883222,0.5,validation,
2048,oUFXGseo,2025-09-18 18:55:44.674000+00:00,player_a3dd9c3447,player_0e778d3f65,0.0,0.5383823797226351,0.6199413590445233,1865.6466136893453,1838.9232296967728,1895.0,1810.0,0.6440338538222926,0.5,validation,
2049,p6q9MohA,2025-09-18 18:55:44.674000+00:00,player_d360f2bc80,player_8855d0e065,1.0,0.9147958051810738,0.9403268663710864,1990.5110377686435,1578.1657626655872,2056.0,1577.0,0.9452901966235238,0.5,validation,
2050,qy3jzEya,2025-09-18 18:55:44.674000+00:00,player_4802d3675e,player_6e7ce99497,1.0,0.8545134263929072,0.8526729520561114,2076.1177741246156,1768.5593840956024,2029.0,1724.0,0.8638714763418578,0.5,validation,
2051,qzaJlVhF,2025-09-18 18:55:44.674000+00:00,player_9f37ad0d94,player_a43116799c,1.0,0.595752823892209,0.41310497662089996,1672.8157952272122,1605.4481493084268,1699.0,1760.0,0.3746486066924632,0.5,validation,
2052,riuhwlMc,2025-09-18 18:55:44.674000+00:00,player_c51f481026,player_649f518fcf,0.0,0.6609964740802361,0.6635740980412955,2193.58469732776,2077.586726285732,2173.0,2055.0,0.6648579785547648,0.5,validation,
2053,yWAtkJQS,2025-09-18 18:55:44.674000+00:00,player_b99e1146b7,player_ea0bb659d0,0.0,0.8375746530285663,0.7628849803052542,2010.180598497179,1725.2327093263536,1926.0,1723.0,0.7369947605406894,0.5,validation,
2054,0FtVb5b1,2025-09-18 18:56:24.625000+00:00,player_bf1399b96b,player_3bc07fb8e4,1.0,0.7479995411960544,0.7479995411960544,1721.0,1532.0,1721.0,1532.0,0.7479995411960544,0.5,validation,
2055,0U4ZGcJV,2025-09-18 18:56:24.625000+00:00,player_1f07f9a398,player_c7c60e733a,1.0,0.7464970311642656,0.7576391748622517,1785.7233170550912,1598.1053030404596,1782.0,1584.0,0.761842109917936,0.5,validation,
2056,1Asw3evV,2025-09-18 18:56:24.625000+00:00,player_d62b36fee2,player_f81a442ec8,1.0,0.07723746792759853,0.07597710350276544,1565.0412591811441,1995.946028858289,1570.0,2004.0,0.07203315850384262,0.5,validation,
2057,2lQHISwy,2025-09-18 18:56:24.625000+00:00,player_1cbe3aa600,player_3288d41c63,1.0,0.9246989970699471,0.9141902593095826,2221.0,1785.320149596719,2221.0,1810.0,0.9114417700030158,0.5,validation,
2058,4A2rtlQV,2025-09-18 18:56:24.625000+00:00,player_317c1f7d73,player_14b8ac2008,0.0,0.6083221130580658,0.5615679389736461,1755.7890980255581,1679.3072777933844,1776.0,1733.0,0.5672288443429522,0.5,validation,
2059,5Ryv4YFu,2025-09-18 18:56:24.625000+00:00,player_789b2b0faf,player_0afe6fb221,1.0,0.28809608595728475,0.2859210974146497,1288.6966415816858,1445.8502506415339,1275.0,1434.0,0.2859210974146497,0.5,validation,
2060,8Kz40SZw,2025-09-18 18:56:24.625000+00:00,player_f14a11f9f0,player_2b7bd85604,1.0,0.9297784596253643,0.9625523674635553,2068.578185592687,1619.8145341186437,2089.0,1525.0,0.9681263328550135,0.5,validation,
2061,F8mTbUiX,2025-09-18 18:56:24.625000+00:00,player_d6f3dd21c4,player_25d490f1a0,0.0,0.6469633462971897,0.6936879164219654,1982.382521293588,1877.1585699074092,1950.0,1808.0,0.7021826020905207,0.5,validation,
2062,KyeJK3pe,2025-09-18 18:56:24.625000+00:00,player_32d0daef58,player_39b4740e9d,0.0,0.1731128472964335,0.17282198303686044,1549.6769750913888,1821.3237530211504,1529.0,1801.0,0.17200061973883018,0.5,validation,
2063,Ok9ivIfb,2025-09-18 18:56:24.625000+00:00,player_60763798b1,player_b68be402f1,1.0,0.919250155307932,0.9449917274674352,1806.2098805470557,1383.6930740673251,1813.0,1319.0,0.9484741124025332,0.5,validation,
2064,PmKFWNHk,2025-09-18 18:56:24.625000+00:00,player_44e465dc84,player_26faf633c9,0.0,0.3309245689831743,0.3236983305072631,1826.2794421327806,1948.5778703940657,1738.0,1866.0,0.3186781648336063,0.5,validation,
2065,Pz0RuOcA,2025-09-18 18:56:24.625000+00:00,player_f99434f5ad,player_dad7fc297e,0.0,0.9151431549595738,0.8414923669232418,2041.527386412956,1628.4065244556928,2016.0,1726.0,0.8196458144946892,0.5,validation,
2066,QZiH9riq,2025-09-18 18:56:24.625000+00:00,player_4039bd1e01,player_1e826fa561,0.0,0.19635277285746877,0.16316903399710528,2027.9174385505275,2272.728803312495,2004.0,2288.0,0.15927695733838498,0.5,validation,
2067,aOsUFrLZ,2025-09-18 18:56:24.625000+00:00,player_85b73e0103,player_c452fd0eed,1.0,0.6572505997742172,0.6900062072803139,1978.1779250645816,1865.076210024549,1978.0,1839.0,0.6900062072803139,0.5,validation,
2068,ag816qNJ,2025-09-18 18:56:24.625000+00:00,player_4751ef2968,player_a061c50a68,0.0,0.389597577905311,0.389597577905311,1846.0,1924.0,1846.0,1924.0,0.389597577905311,0.5,validation,
2069,bUeQjYrx,2025-09-18 18:56:24.625000+00:00,player_db06ce1c13,player_881e0baea7,1.0,0.7561695556744805,0.7607960909891424,1947.2887502102922,1750.6762469788496,1920.0,1719.0,0.7628849803052542,0.5,validation,
2070,dTcYEiLu,2025-09-18 18:56:24.625000+00:00,player_9702c8719d,player_b07e76c677,1.0,0.6654613582693625,0.6973450785898532,1914.197340132007,1794.7267189995355,1922.0,1777.0,0.7057813597120025,0.5,validation,
2071,erKQCDpb,2025-09-18 18:56:24.625000+00:00,player_d3ab849fc2,player_08095bbe41,0.0,0.235370239946713,0.18292116580002576,1398.8650720874907,1603.5449309076853,1362.0,1622.0,0.16238454162860258,0.5,validation,
2072,s0ENOQpp,2025-09-18 18:56:24.625000+00:00,player_f102b9b9c9,player_86b23a224d,1.0,0.6299093966802772,0.3800586409554767,1305.0,1212.6119885654537,1305.0,1390.0,0.32749035666501497,0.5,validation,
2073,t2OntVqS,2025-09-18 18:56:24.625000+00:00,player_b2eca59be9,player_c915911c44,1.0,0.4841750147352649,0.4841750147352649,1993.0,2004.0,1993.0,2004.0,0.4841750147352649,0.5,validation,
2074,t90dqc19,2025-09-18 18:56:24.625000+00:00,player_6fffeaa105,player_d1a9c42e72,0.0,0.3817641793029903,0.30509028727049736,1887.7423406714242,1971.4859359401846,1892.0,2035.0,0.2882774756572447,0.5,validation,
2075,vruEa7vj,2025-09-18 18:56:24.625000+00:00,player_2c01509854,player_edf86a185e,1.0,0.7091095254209787,0.726830072276731,1625.303726585404,1470.5101989563855,1641.0,1471.0,0.730245413297424,0.5,validation,
2076,wkUcVmBl,2025-09-18 18:56:24.625000+00:00,player_ceb09b75c0,player_a34bfe0ed8,1.0,0.7380445315124268,0.6924633925795177,2065.6127592267717,1885.6707201639522,2087.0,1946.0,0.6800706757372215,0.5,validation,
2077,xF9ng0ZG,2025-09-18 18:56:24.625000+00:00,player_49b78ee6d5,player_8e16b7b17b,1.0,0.5344839447268315,0.5344839447268315,1765.0,1741.0,1765.0,1741.0,0.5344839447268315,0.5,validation,
2078,y57onMQT,2025-09-18 18:56:24.625000+00:00,player_d1ab878e39,player_c1375536fa,0.0,0.031967480790787386,0.041825819962989425,1372.0,1964.472613587044,1372.0,1916.0,0.026954612834125074,0.5,validation,
2079,zcgIv4z1,2025-09-18 18:56:24.625000+00:00,player_366327a96d,player_85342f5a9d,1.0,0.5483592168332961,0.6400649998028851,1552.3964881357956,1518.6876898642568,1601.0,1501.0,0.6532171672188698,0.5,validation,
2080,0NZyYpYq,2025-09-18 18:57:03.438000+00:00,player_b50b13c09a,player_1cb42dae1c,1.0,0.7583421018635241,0.8430219644140362,1913.932117799589,1715.2664481448073,1924.0,1632.0,0.8604511617577122,0.5,validation,
2081,1vhc6yeC,2025-09-18 18:57:03.438000+00:00,player_8873530087,player_3efa1a4bf5,1.0,0.7122519502200149,0.7199190059471519,1590.5838888043143,1433.1353855294378,1518.0,1354.0,0.7381090325404187,0.5,validation,
2082,2JbPnZu6,2025-09-18 18:57:03.438000+00:00,player_acc164288c,player_7c2d2c355b,0.0,0.1272231675992876,0.07126736574414949,1448.96144270527,1783.4962447405028,1440.0,1886.0,0.06097834165795565,0.5,validation,
2083,AJ18eegl,2025-09-18 18:57:03.438000+00:00,player_1493f41ec5,player_3430d7eb2d,1.0,0.9531082708049067,0.9464688789594631,2175.1670778601697,1651.9486818499695,2153.0,1654.0,0.9431684791599028,0.5,validation,
2084,KBT6S9ld,2025-09-18 18:57:03.438000+00:00,player_57f89e6d2a,player_8b35fd0d98,1.0,0.7813333851749905,0.7325072897556676,1921.2754790499355,1700.0539191504115,1913.0,1738.0,0.7222345336491706,0.5,validation,
2085,Mav9Lo8J,2025-09-18 18:57:03.438000+00:00,player_be6cb720c5,player_e96b502b7b,0.0,0.007359920902630921,0.009141378525225834,1278.0155923789016,2129.983056147547,1319.0,2133.0,0.0095680763046546,0.5,validation,
2086,SdB06Sfn,2025-09-18 18:57:03.438000+00:00,player_1f31c8c761,player_90ff108b74,1.0,0.964970345167577,0.9409696170394709,1942.1612825142868,1366.1300388684035,1904.0,1423.0,0.9335296284754416,0.5,validation,
2087,VszLD36D,2025-09-18 18:57:03.438000+00:00,player_c115812a60,player_df66ee2aa5,0.0,0.33096489095570963,0.2530870785710568,1457.3665416523731,1579.633334857707,1373.0,1561.0,0.2847472489508014,0.5,validation,
2088,d0zPIfUL,2025-09-18 18:57:03.438000+00:00,player_542768fe24,player_eaa0f84f04,0.0,0.1267393406996025,0.09678159570481917,1796.1039431935042,2131.396923950692,1707.0,2095.0,0.09043446919256597,0.5,validation,
2089,dTWk1Qk4,2025-09-18 18:57:03.438000+00:00,player_4c9173cbff,player_2ecd10721c,1.0,0.6667507764048595,0.7233878694391705,1397.619833026777,1277.1420795010977,1353.0,1186.0,0.7336337024138074,0.5,validation,
2090,dkm9DNrI,2025-09-18 18:57:03.438000+00:00,player_05b4376c0d,player_8b7253f413,1.0,0.9689261960820268,0.9714937550137935,1910.1281433375561,1312.5696326121974,1896.0,1283.0,0.9794189047534508,0.5,validation,
2091,hWhGvA4D,2025-09-18 18:57:03.438000+00:00,player_030fe27be7,player_d360f2bc80,0.0,0.18247887265697982,0.12628957905491864,1735.449547919618,1995.9641062370547,1721.0,2057.0,0.12190992605740426,0.5,validation,
2092,jSz4Kn74,2025-09-18 18:57:03.438000+00:00,player_b2806ec8b0,player_07a7cd4f02,0.5,0.4055984332161016,0.3882294992189357,1646.5529897088627,1712.9464604355132,1625.0,1704.0,0.3800586409554767,0.5,validation,
2093,kc0ZpVOP,2025-09-18 18:57:03.438000+00:00,player_2ff421b778,player_e5ce0ac3ce,0.0,0.2078675031773355,0.18035418550531074,1983.9799849284225,2216.384477268431,1948.0,2211.0,0.1695550886467628,0.5,validation,
2094,nUJEGTDW,2025-09-18 18:57:03.438000+00:00,player_cfc01dba3c,player_2ee848a5c6,0.0,0.8609817147185246,0.8780900739425958,2234.109854369086,1917.341054080546,2221.0,1878.0,0.8817393593419074,0.5,validation,
2095,uwqTkhYK,2025-09-18 18:57:03.438000+00:00,player_7dcf59751d,player_e558f7f0c0,1.0,0.872531666882915,0.8817393593419074,2154.6373762954777,1820.485819829437,2134.0,1785.0,0.8852936760540788,0.5,validation,
2096,v4cQpCTR,2025-09-18 18:57:03.438000+00:00,player_8855d0e065,player_06a54f1a6d,1.0,0.6082738519312865,0.5014391117091528,1572.712694197176,1496.2660599388814,1576.0,1575.0,0.4769904127024377,0.5,validation,
2097,wtwPh68a,2025-09-18 18:57:03.438000+00:00,player_1e9d72a955,player_39aa036cb7,1.0,0.861885314433606,0.9001568673004807,1566.4833409682549,1248.3994922311933,1534.0,1152.0,0.9076535681936819,0.5,validation,
2098,6fLBza4L,2025-09-18 18:57:03.439000+00:00,player_75859a95e0,player_39ffa094a9,0.0,0.4243130476235704,0.4243130476235704,1814.0,1867.0,1814.0,1867.0,0.4243130476235704,0.5,validation,
2099,86Cnj26G,2025-09-18 18:57:03.439000+00:00,player_76a12ceccb,player_935717ae79,1.0,0.6908822773298243,0.7233878694391705,1661.3487728130726,1521.6367140173297,1701.0,1534.0,0.7291099628977525,0.5,validation,
2100,AjQ1V01f,2025-09-18 18:57:03.439000+00:00,player_032940e141,player_7b52c2713d,1.0,0.882321442429213,0.9027140342685218,1790.7793343297647,1440.8075354262382,1837.0,1450.0,0.9061958467735052,0.5,validation,
2101,GFhvQSBg,2025-09-18 18:57:03.439000+00:00,player_005626c64d,player_43291a0190,1.0,0.10825263722702991,0.10245988587127619,1291.311583852736,1657.6329231733198,1298.0,1675.0,0.10140597110901775,0.5,validation,
2102,Q2FTl9kM,2025-09-18 18:57:03.439000+00:00,player_cb83d2fefa,player_cc2166d241,0.0,0.449800646746463,0.449800646746463,1354.0,1389.0,1354.0,1389.0,0.449800646746463,0.5,validation,
2103,QsnxcrKZ,2025-09-18 18:57:03.439000+00:00,player_d2927ee332,player_08095394df,0.0,0.46122190794282847,0.46122190794282847,1758.0,1785.0,1758.0,1785.0,0.46122190794282847,0.5,validation,
2104,fGAyfRdj,2025-09-18 18:57:03.439000+00:00,player_e593a59b50,player_621cb0eb56,0.0,0.6648579785547648,0.6648579785547648,2021.0,1902.0,2021.0,1902.0,0.6648579785547648,0.5,validation,
2105,fINhveOb,2025-09-18 18:57:03.439000+00:00,player_063cef7e75,player_5cf7b0e439,1.0,0.6857241307714068,0.6961287704295998,1491.262484635902,1355.7271260742998,1536.0,1392.0,0.7021826020905207,0.5,validation,
2106,fr2gxknN,2025-09-18 18:57:03.439000+00:00,player_e7da83c9b8,player_acc6657449,0.0,0.00848067189377078,0.0057873438628595454,803.0902391031681,1630.2386084103032,758.0,1652.0,0.005102445367982012,0.5,validation,
2107,y2ZySAIi,2025-09-18 18:57:03.439000+00:00,player_77ac6a55c0,player_c4da57c429,0.0,0.43701527189640416,0.43701527189640416,1534.0,1578.0,1534.0,1578.0,0.43701527189640416,0.5,validation,
2108,yBryBsoR,2025-09-18 18:57:03.439000+00:00,player_2bca732ca4,player_46d23877ca,0.0,0.13012983498887026,0.1158806436615864,1494.0,1824.0310225986302,1494.0,1847.0,0.1129642731158783,0.5,validation,
2109,1NdmPRFf,2025-09-18 18:57:41.320000+00:00,player_b078c0ad01,player_a0cfb76086,1.0,0.9680495962116525,0.9827244547498063,1850.0534722624705,1257.4849694571571,1882.0,1180.0,0.9858321812888555,0.5,validation,
2110,1snFhTyH,2025-09-18 18:57:41.320000+00:00,player_d8bf2bb3f3,player_21447cc334,1.0,0.8837457325592609,0.8238615285055724,1664.3638771254464,1311.9965067950832,1630.0,1362.0,0.8029091701538159,0.5,validation,
2111,2YetsAKU,2025-09-18 18:57:41.320000+00:00,player_ea0bb659d0,player_b5d3aca269,0.0,0.2470179445910424,0.2663662975861926,1778.8374871201818,1972.459936245518,1732.0,1908.0,0.28240827680846853,0.5,validation,
2112,4jzWM5rJ,2025-09-18 18:57:41.320000+00:00,player_108ffeb6a3,player_7803401627,1.0,0.6255879644328831,0.5672288443429522,1839.0356088760182,1749.860175263944,1792.0,1745.0,0.5530468951694625,0.5,validation,
2113,516gSslz,2025-09-18 18:57:41.320000+00:00,player_bb807b6d8f,player_45c427d25b,1.0,0.5963204428485925,0.6049129020079569,1471.3280871045476,1403.550910627505,1443.0,1369.0,0.6007782458900109,0.5,validation,
2114,68tAFeLm,2025-09-18 18:57:41.320000+00:00,player_e6d942eb34,player_30f233de56,1.0,0.37106296403756883,0.41171002813683716,1646.0,1737.6638240892482,1646.0,1708.0,0.42150324765525726,0.5,validation,
2115,ATQzRWCS,2025-09-18 18:57:41.320000+00:00,player_2b7c501ae4,player_ccc6f98b3c,0.0,0.234771125465867,0.2054180849637705,1944.971339415359,2150.2300062413983,1897.0,2132.0,0.19891906017105437,0.5,validation,
2116,DgrXDrOD,2025-09-18 18:57:41.320000+00:00,player_4ed5f92a95,player_f545c6fb77,1.0,0.8804638755024683,0.820495207286423,1908.509815194052,1561.6248669371835,1848.0,1584.0,0.8187932901343153,0.5,validation,
2117,EmROnTdT,2025-09-18 18:57:41.320000+00:00,player_f0ad8d7782,player_7f7b252070,1.0,0.1986071644385401,0.20448009968725794,1376.9078968506142,1619.2481146913697,1376.0,1612.0,0.17865852826298803,0.5,validation,
2118,PmrhV9yv,2025-09-18 18:57:41.320000+00:00,player_c343e7f336,player_1275bc05b6,0.0,0.3698146626426869,0.21111293178984536,1825.0014777864126,1917.595144906201,1717.0,1946.0,0.1812067098656847,0.5,validation,
2119,SO5aEmMH,2025-09-18 18:57:41.320000+00:00,player_89a0fb5aaa,player_d1b2e47a87,0.0,0.5925711549196695,0.5882899718631628,1413.0,1347.9245062872137,1413.0,1351.0,0.5868950233791,0.5,validation,
2120,UzD85f2e,2025-09-18 18:57:41.320000+00:00,player_d5c5815413,player_66f4030e5c,0.0,0.22982413785289516,0.16004930536524656,1478.1256207820597,1688.2033263010674,1414.0,1702.0,0.12885220159544447,0.5,validation,
2121,Xi3bsnrQ,2025-09-18 18:57:41.320000+00:00,player_13482fff35,player_45636c392b,1.0,0.10597879968070636,0.1158806436615864,1562.657083165996,1933.1086116307374,1549.0,1902.0,0.11706539587431786,0.5,validation,
2122,YclBkqcn,2025-09-18 18:57:41.320000+00:00,player_b0bebdfa76,player_8f3a2645e4,0.0,0.8310103934024897,0.8645470054113045,1764.5658577173128,1487.8672734838676,1756.0,1434.0,0.8711477984045555,0.5,validation,
2123,ifNJINIZ,2025-09-18 18:57:41.320000+00:00,player_43291a0190,player_903397cd13,1.0,0.5391903395146579,0.6007782458900109,1600.5610919558496,1573.272881009238,1665.0,1594.0,0.6131368201531431,0.5,validation,
2124,m7pc6FGk,2025-09-18 18:57:41.320000+00:00,player_c88594a5c4,player_1fadf8584b,0.0,0.7087377599130644,0.6712405808158318,1759.0808374101573,1604.6002829084873,1714.0,1590.0,0.6571186864870786,0.5,validation,
2125,ncqbLNMo,2025-09-18 18:57:41.320000+00:00,player_03e45ffb64,player_527d903e02,1.0,0.734411274565871,0.8312539156520465,1551.081363096378,1374.3894828128991,1694.0,1417.0,0.8490204427886767,0.5,validation,
2126,o4Wq6Co1,2025-09-18 18:57:41.320000+00:00,player_b8849af3fd,player_5f98eb3cbd,1.0,0.6440983756182845,0.641390111955618,1950.4621039441204,1847.4132104623516,1956.0,1855.0,0.6387377491117249,0.5,validation,
2127,ojGqduKl,2025-09-18 18:57:41.320000+00:00,player_005626c64d,player_081a214af1,0.0,0.722435171013571,0.6961287704295998,1348.3834150702062,1182.2096365116413,1309.0,1165.0,0.6900062072803139,0.5,validation,
2128,pGeGEZio,2025-09-18 18:57:41.320000+00:00,player_80f2fe7364,player_1f31c8c761,1.0,0.454296171231852,0.5344839447268315,1912.5560107207011,1944.403180423562,1929.0,1905.0,0.554469374021676,0.5,validation,
2129,s0OTUdL9,2025-09-18 18:57:41.320000+00:00,player_8993b8270f,player_7b8d0ade12,0.0,0.20445041382030757,0.13680688860321,1406.7381019913876,1642.769806086807,1401.0,1721.0,0.12129504878814854,0.5,validation,
2130,vIzNAKPt,2025-09-18 18:57:41.320000+00:00,player_f7fd229828,player_941991fe0c,0.0,0.1796357931552992,0.14517082246824042,1693.3619426221744,1957.207473666599,1592.0,1900.0,0.13885906434295667,0.5,validation,
2131,wTfwkJUw,2025-09-18 18:57:41.320000+00:00,player_1e038bf320,player_4bca831314,0.0,0.0922189303546729,0.0477267210342039,1359.9813711045842,1757.2457876759522,1286.0,1806.0,0.04205712781253946,0.5,validation,
2132,wvEeYN12,2025-09-18 18:57:41.320000+00:00,player_8eb534b9ad,player_711d3edef9,0.0,0.8202168495476474,0.8399506946347535,1861.9895371629668,1598.3176571250892,1902.0,1614.0,0.8430219644140362,0.5,validation,
2133,zA2zpFm8,2025-09-18 18:57:41.320000+00:00,player_be64a45ef2,player_26bacb70a7,1.0,0.27849131287357964,0.22585202229816936,1697.076714399041,1862.4486791669538,1661.0,1875.0,0.20168525584502242,0.5,validation,
2134,zl46CLSe,2025-09-18 18:57:41.320000+00:00,player_54f56d1fc6,player_e03ed01123,1.0,0.2394186746983944,0.14517082246824042,1674.9837502629098,1875.7788044446106,1677.0,1985.0,0.12439633135900663,0.5,validation,
2135,JGObby83,2025-09-18 18:58:20.040000+00:00,player_38ca9183e1,player_c4e2ba07e4,1.0,0.7103517868810575,0.7069752948085409,2018.406372402107,1862.5653229453035,1928.0,1775.0,0.7069752948085409,0.5,validation,
2136,VQUtGIOn,2025-09-18 18:58:20.040000+00:00,player_7daf8cb2ff,player_d220abe47e,0.0,0.7683018285371572,0.7721286734685839,2034.3461280804104,1826.1024239203095,1912.0,1700.0,0.7690759234333929,0.5,validation,
2137,2ISnLHUM,2025-09-18 18:58:20.041000+00:00,player_92306bfce4,player_1556d7324c,0.0,0.5347816575275018,0.5330513938844411,1670.179420823804,1645.9715514754173,1659.0,1636.0,0.5330513938844411,0.5,validation,
2138,6O5a3GCg,2025-09-18 18:58:20.041000+00:00,player_abbe762f0d,player_c8dd4feac5,1.0,0.3422553441231606,0.3002305967379419,1579.5929161916893,1693.0757522087965,1555.0,1702.0,0.29064536940123664,0.5,validation,
2139,6yf6idyr,2025-09-18 18:58:20.041000+00:00,player_b3832d9015,player_3b38c16574,0.0,0.8262098739898883,0.8959410508417222,1754.6650736744696,1483.8389605590119,1847.0,1473.0,0.8691968654550538,0.5,validation,
2140,988VwWuq,2025-09-18 18:58:20.041000+00:00,player_e00ac6b07f,player_07b647559a,1.0,0.9127609268599421,0.9298672374484249,1736.3276181417443,1328.4692189979012,1758.0,1309.0,0.936673124689052,0.5,validation,
2141,B59Ae5wA,2025-09-18 18:58:20.041000+00:00,player_649e6e0396,player_8ed1a7354e,1.0,0.6294111562456142,0.6334077000711676,1747.4717346994705,1655.4548965650747,1709.0,1614.0,0.6440338538222926,0.5,validation,
2142,BY9SqUJA,2025-09-18 18:58:20.041000+00:00,player_cee1c3522c,player_b21cbf6e60,0.0,0.7967427740438116,0.5952430396515719,1794.4457701893298,1557.1369144571172,1738.0,1671.0,0.5558909611168531,0.5,validation,
2143,CIKK1dzO,2025-09-18 18:58:20.041000+00:00,player_a0761cb3ca,player_9e68aac109,1.0,0.7447266140618978,0.750163481828642,1745.9965341935044,1560.0,1751.0,1560.0,0.7512407935337106,0.5,validation,
2144,JqdmioPs,2025-09-18 18:58:20.041000+00:00,player_1e931b2cbd,player_d5f04bdeec,0.0,0.5437642212501548,0.5043172397550598,1668.657050094429,1638.1685348911296,1566.0,1563.0,0.49568276024494023,0.5,validation,
2145,KREefCHq,2025-09-18 18:58:20.041000+00:00,player_edec05ad15,player_81ccc0f1db,0.0,0.46551605527316847,0.46551605527316847,1794.0,1818.0,1794.0,1818.0,0.46551605527316847,0.5,validation,
2146,M2nozV1G,2025-09-18 18:58:20.041000+00:00,player_52d2d21a8e,player_c95ae88f67,0.0,0.2433429741276688,0.17865852826298803,1867.4524629820764,2064.5245659237207,1809.0,2074.0,0.1695550886467628,0.5,validation,
2147,PVCKgEpj,2025-09-18 18:58:20.041000+00:00,player_f99434f5ad,player_f6e01d421a,0.0,0.07820051796150178,0.08902396853465472,1982.9582244955434,2411.528956550122,2007.0,2411.0,0.09090909090909091,0.5,validation,
2148,UYAYQtLq,2025-09-18 18:58:20.041000+00:00,player_8150304f9f,player_d25eb787ff,0.0,0.06205366928828932,0.047206187614406585,1351.2809797779864,1823.045188557851,1326.0,1848.0,0.039143402751692986,0.5,validation,
2149,UdssjeIU,2025-09-18 18:58:20.041000+00:00,player_361d35f71b,player_26a6cc3796,1.0,0.3572006422735733,0.308763847585237,1674.107470345666,1776.1727515620585,1615.0,1755.0,0.3161836858063414,0.5,validation,
2150,VwAIFPqb,2025-09-18 18:58:20.041000+00:00,player_a0cfb76086,player_80dc495080,0.0,0.028089766574724267,0.013310080776597268,1255.440143614703,1871.0713534857682,1179.0,1927.0,0.0107842764147616,0.5,validation,
2151,bBc6aO2f,2025-09-18 18:58:20.041000+00:00,player_94b19b6f4b,player_376b0a0d0e,0.0,0.2893160035886132,0.3249597989597013,1474.8783686246131,1631.0,1504.0,1631.0,0.3338605754168779,0.5,validation,
2152,cyeRocOO,2025-09-18 18:58:20.041000+00:00,player_c5442337a4,player_dfa290cf4a,1.0,0.5854986786718095,0.5854986786718095,1718.0,1658.0,1718.0,1658.0,0.5854986786718095,0.5,validation,
2153,dr7pyJ1a,2025-09-18 18:58:20.041000+00:00,player_b078c0ad01,player_3a5f3f5148,0.0,0.2164081617389489,0.32875941918416823,1852.0982981049247,2075.624805245198,1882.0,2006.0,0.3612622508882752,0.5,validation,
2154,gZiyAwVK,2025-09-18 18:58:20.041000+00:00,player_60586e4852,player_ec49a3e3e3,1.0,0.9838747780807363,0.9807661828592751,2152.0034658064956,1437.8298149142333,2147.0,1464.0,0.979991148859336,0.5,validation,
2155,kh4eE00h,2025-09-18 18:58:20.041000+00:00,player_2c11d4b2c2,player_496e7261a0,0.0,0.06758821876428868,0.04825270359051784,1397.0,1852.8947004788324,1397.0,1915.0,0.04468350937179727,0.5,validation,
2156,lab7wEgt,2025-09-18 18:58:20.041000+00:00,player_e49d48485c,player_9739737f0b,1.0,0.9063912406023866,0.9291127058412668,2136.9760350821,1742.5763509671315,2155.0,1708.0,0.934593240137214,0.5,validation,
2157,luIEeytY,2025-09-18 18:58:20.041000+00:00,player_a085c713bc,player_87128e2636,1.0,0.4540780772195163,0.4540780772195163,1450.0,1482.0,1450.0,1482.0,0.4540780772195163,0.5,validation,
2158,n7CJ6Mkk,2025-09-18 18:58:20.041000+00:00,player_7e313ae3e6,player_9c53c9af2a,1.0,0.9034030161768766,0.9181681752448481,2149.3934437466246,1761.0262556945472,2114.0,1694.0,0.9207260613687934,0.5,validation,
2159,oioux5pQ,2025-09-18 18:58:20.041000+00:00,player_3eb423b6f6,player_0ec2da6c93,1.0,0.3772494457553777,0.3186781648336063,1812.4870765626642,1899.5612814962624,1796.0,1928.0,0.3161836858063414,0.5,validation,
2160,pInvFSDX,2025-09-18 18:58:20.041000+00:00,player_315ca9289e,player_420e3154be,0.0,0.15574331647470194,0.17282198303686044,1500.5426736691577,1794.1687092122809,1581.0,1853.0,0.17200061973883018,0.5,validation,
2161,pvQf9uy8,2025-09-18 18:58:20.041000+00:00,player_1b3562e449,player_aeced0232c,0.0,0.055719344829981365,0.03464857993036949,1340.886732725022,1832.5247693281942,1316.0,1894.0,0.032051778027871104,0.5,validation,
2162,qgiQ1M1N,2025-09-18 18:58:20.041000+00:00,player_664279910c,player_f2509c37cd,0.0,0.12359018495038912,0.12190992605740426,1471.5509765276465,1811.840276726013,1462.0,1805.0,0.12007331198938315,0.5,validation,
2163,qjJAWbwQ,2025-09-18 18:58:20.041000+00:00,player_5efb2f9678,player_22ccce2c6e,0.0,0.5629847281035958,0.5629847281035958,1982.0,1938.0,1982.0,1938.0,0.5629847281035958,0.5,validation,
2164,tCmcne9O,2025-09-18 18:58:20.041000+00:00,player_eb7a60a326,player_e0cd2caec3,1.0,0.855264472693394,0.8583646041738978,2064.658522869049,1756.048409147891,2068.0,1755.0,0.8618278475799177,0.5,validation,
2165,tvjbq5hd,2025-09-18 18:58:20.041000+00:00,player_e0f607b460,player_7f5cbf43bb,0.0,0.48561281583400134,0.48561281583400134,1857.0,1867.0,1857.0,1867.0,0.48561281583400134,0.5,validation,
2166,twsAomgY,2025-09-18 18:58:20.041000+00:00,player_92c6b72d30,player_8bc6fe346a,0.0,0.12746144644957785,0.11011215781886716,1435.1403993493727,1769.3027125370909,1408.0,1771.0,0.1067730871742089,0.5,validation,
2167,vGxIsWoa,2025-09-18 18:58:20.041000+00:00,player_004c40c63f,player_1f4011309e,1.0,0.9017173591661591,0.9137376073691662,1890.6121761986576,1505.5747309620783,1933.0,1523.0,0.9168612275957299,0.5,validation,
2168,Dx2AChl4,2025-09-18 18:58:58.739000+00:00,player_7f5ab1205b,player_8a7f244524,0.0,0.33151841886206196,0.5100724469274385,1926.3169066413766,2048.1496198839127,1932.0,1925.0,0.5658152030692333,0.5,validation,
2169,0nWGhT6K,2025-09-18 18:58:58.740000+00:00,player_91842e1e7a,player_3daff1dd75,0.0,0.3652349625794599,0.3679299878999264,1506.4524807744046,1602.4687422746429,1526.0,1620.0,0.3679299878999264,0.5,validation,
2170,1zGrNUlN,2025-09-18 18:58:58.740000+00:00,player_e645302cf0,player_c97686439f,0.5,0.5552438050528242,0.558731369324761,1474.2460669661104,1435.7013806755135,1505.0,1464.0,0.558731369324761,0.5,validation,
2171,22AKbPA4,2025-09-18 18:58:58.740000+00:00,player_6ebc78a27e,player_bc8f50ef56,0.0,0.5558166841047242,0.6062878237854281,1897.1500039472514,1858.2022690975523,1878.0,1803.0,0.6117705007810643,0.5,validation,
2172,3BFlWwUv,2025-09-18 18:58:58.740000+00:00,player_3b87eb035d,player_8f396e4253,1.0,0.33175154370338233,0.18206236894188432,1616.0322473420779,1737.6822520544313,1519.0,1780.0,0.15320659692731933,0.5,validation,
2173,6xnyd7RJ,2025-09-18 18:58:58.740000+00:00,player_30fca02e05,player_0ab0ebacb4,1.0,0.047845240774937084,0.040018682017058875,1491.0,2010.5475192255954,1491.0,2043.0,0.03828650388225474,0.5,validation,
2174,AHX2MEIq,2025-09-18 18:58:58.740000+00:00,player_da1977f5d7,player_55a4503163,0.0,0.554469374021676,0.554469374021676,1845.0,1807.0,1845.0,1807.0,0.554469374021676,0.5,validation,
2175,BhiH2F9j,2025-09-18 18:58:58.740000+00:00,player_c51f481026,player_457c4c5013,1.0,0.9775446853935567,0.981822548199575,2151.280922986625,1495.7539330338896,2166.0,1473.0,0.9834891447206308,0.5,validation,
2176,CEcCUkCt,2025-09-18 18:58:58.740000+00:00,player_8af0160fe4,player_3243f4d046,0.0,0.4969379195739027,0.47555453887933863,1801.6391681275113,1803.7669461403111,1808.0,1825.0,0.4640840730548977,0.5,validation,
2177,DXlOd61R,2025-09-18 18:58:58.740000+00:00,player_16ec20cd15,player_26492a39ee,1.0,0.547369682754198,0.5629847281035958,2181.307883626974,2148.2930437447467,2152.0,2108.0,0.5615679389736461,0.5,validation,
2178,Fjhz3awO,2025-09-18 18:58:58.740000+00:00,player_4f59cdad6a,player_18fdf19165,0.0,0.044511860529010655,0.04468350937179727,1362.3001788070758,1895.0,1363.0,1895.0,0.04443842690195977,0.5,validation,
2179,IRbKxgHZ,2025-09-18 18:58:58.740000+00:00,player_fe15c1f5ed,player_19c14d418c,1.0,0.673250590698808,0.8038185194246843,1734.226394450921,1608.641621653988,1790.0,1545.0,0.8376154583713974,0.5,validation,
2180,NYurpmlI,2025-09-18 18:58:58.740000+00:00,player_a71ab86adb,player_ba5449c385,0.0,0.15300676144219696,0.1423366814461431,1546.4928950837864,1843.7606232846945,1501.0,1813.0,0.1437479399018495,0.5,validation,
2181,RdF1iFLZ,2025-09-18 18:58:58.740000+00:00,player_d702984f4a,player_2634af460e,1.0,0.5854986786718095,0.5854986786718095,1566.0,1506.0,1566.0,1506.0,0.5854986786718095,0.5,validation,
2182,RkqDxs8e,2025-09-18 18:58:58.740000+00:00,player_649f518fcf,player_39aa036cb7,1.0,0.9937418250724196,0.994779323895176,2119.890500626867,1239.5601523549442,2063.0,1151.0,0.9950131212633121,0.5,validation,
2183,RpsgC6I3,2025-09-18 18:58:58.740000+00:00,player_4ec4dc8f6d,player_c500c8643c,1.0,0.18577342238689368,0.125024693001636,1327.412732790011,1584.1174097547676,1273.0,1611.0,0.11354237633604944,0.5,validation,
2184,TeYGsz9m,2025-09-18 18:58:58.740000+00:00,player_81ac4606ec,player_19e00af498,0.0,0.026191940218678933,0.02620989947288227,1172.6054996127082,1800.7277771598706,1180.0,1808.0,0.026357222725513333,0.5,validation,
2185,UTCQYHsx,2025-09-18 18:58:58.740000+00:00,player_97f46d52b9,player_4e6d6aef98,1.0,0.4913661641789174,0.4913661641789174,1581.0,1587.0,1581.0,1587.0,0.4913661641789174,0.5,validation,
2186,YxzFAIJ5,2025-09-18 18:58:58.740000+00:00,player_eea014ce1f,player_fca3ee066f,1.0,0.11908462470696593,0.14732704794388854,1126.040513776783,1473.6719128954524,1199.0,1504.0,0.15171893128728828,0.5,validation,
2187,cMleeOhN,2025-09-18 18:58:58.740000+00:00,player_cca7cea916,player_a3cb35c7d1,0.0,0.7088725665191259,0.6750402010402987,2012.1729411524047,1857.578926086032,1930.0,1803.0,0.676301669492737,0.5,validation,
2188,cq52M1lL,2025-09-18 18:58:58.740000+00:00,player_37a20655c3,player_6a7243015c,1.0,0.5546433563466974,0.581301478368915,2140.197023304141,2102.0746713287167,2112.0,2055.0,0.581301478368915,0.5,validation,
2189,k9ioVh8e,2025-09-18 18:58:58.740000+00:00,player_dbc760c330,player_2ff26cc8dc,1.0,0.4812128916097716,0.5516235473109605,1607.7450546715504,1620.8058234875696,1623.0,1587.0,0.5658152030692333,0.5,validation,
2190,miESWHjv,2025-09-18 18:58:58.740000+00:00,player_025a8fd90a,player_5a70133a46,0.0,0.10914197319728318,0.12007331198938315,1587.1941012979923,1951.9207797866238,1569.0,1915.0,0.11529218350883584,0.5,validation,
2191,qQCqcvKj,2025-09-18 18:58:58.740000+00:00,player_a9b8e0441a,player_1e9d72a955,1.0,0.16083503512270347,0.14660537788811823,1288.336006628858,1575.322680844504,1229.0,1535.0,0.12068284654599212,0.5,validation,
2192,qyxYJyth,2025-09-18 18:58:58.740000+00:00,player_aeb4606df7,player_c78f26ab0a,1.0,0.6630417210390028,0.5373473171664928,1767.0104628370332,1649.424572692869,1727.0,1701.0,0.5071950817090514,0.5,validation,
2193,t7Z8Q5ga,2025-09-18 18:58:58.740000+00:00,player_b036680e1f,player_68cd6a7975,0.5,0.41881437971263547,0.4841750147352649,1605.304472954875,1662.221783337657,1672.0,1683.0,0.502878199574811,0.5,validation,
2194,ufB50iTi,2025-09-18 18:58:58.740000+00:00,player_d8064a3fec,player_9ead8cc339,0.0,0.48716609222698254,0.544494573083008,1963.9581367469061,1972.8780085276348,1939.0,1908.0,0.5573116337622928,0.5,validation,
2195,uj5mxBt7,2025-09-18 18:58:58.740000+00:00,player_5352548671,player_e6f9b441e6,1.0,0.6904906709826812,0.6199413590445233,1811.9942700350305,1672.6006414071546,1780.0,1695.0,0.6021580931747169,0.5,validation,
2196,ujYOg8CP,2025-09-18 18:58:58.740000+00:00,player_852263db7a,player_5099e2db0f,0.5,0.6145013610085578,0.6145013610085578,1724.0,1643.0,1724.0,1643.0,0.6145013610085578,0.5,validation,
2197,3rOD67kJ,2025-09-18 18:59:37.347000+00:00,player_cd4070b519,player_d9922e0b37,1.0,0.6996299554128335,0.7325072897556676,1301.8847107913957,1155.0,1330.0,1155.0,0.7392202541406678,0.5,validation,
2198,8DoW0zt1,2025-09-18 18:59:37.347000+00:00,player_37bee017ff,player_4bcd45f7e6,1.0,0.4593791872592278,0.4398498547680971,2182.7104655799963,2210.999043992938,2140.0,2182.0,0.43418479693076684,0.5,validation,
2199,CH4TebkZ,2025-09-18 18:59:37.347000+00:00,player_88e5dd9bf7,player_2a2129d64b,0.0,0.6276581705722879,0.7140789025853503,1779.8050468174768,1689.0925034536904,1826.0,1667.0,0.7291099628977525,0.5,validation,
2200,CJ1J4adv,2025-09-18 18:59:37.347000+00:00,player_89d6485cc7,player_4802d3675e,1.0,0.4578417749189598,0.704584592662721,2056.0646611141265,2085.4289148354696,2181.0,2030.0,0.7490830628775357,0.5,validation,
2201,DL983mOf,2025-09-18 18:59:37.347000+00:00,player_38d7aad402,player_d2ed955a08,1.0,0.9275944712596494,0.9114417700030158,1971.0,1527.9654311466197,1971.0,1566.0,0.9076535681936819,0.5,validation,
2202,E6ZNExoE,2025-09-18 18:59:37.347000+00:00,player_e539512417,player_53ca97c072,0.0,0.49921230267778444,0.4985608882908471,1732.8476526773125,1733.3950012908456,1756.0,1757.0,0.5,0.5,validation,
2203,Gj0mZhGl,2025-09-18 18:59:37.347000+00:00,player_c2ae71ed7e,player_c115812a60,0.0,0.7174845671716014,0.7983147441549775,1598.092943512317,1436.1847886312078,1610.0,1371.0,0.8153518152833006,0.5,validation,
2204,J2IbGfND,2025-09-18 18:59:37.347000+00:00,player_bf79f2e0ca,player_6353bb6c79,0.0,0.5868950233791,0.5868950233791,1856.0,1795.0,1856.0,1795.0,0.5868950233791,0.5,validation,
2205,NU6BVq0b,2025-09-18 18:59:37.347000+00:00,player_3bc07fb8e4,player_af8c78a283,1.0,0.6537625008058666,0.6609990912463583,1515.8719706365475,1405.4536090511285,1529.0,1413.0,0.6597079941447481,0.5,validation,
2206,Nd3Jim5F,2025-09-18 18:59:37.347000+00:00,player_ca5d2a0460,player_934446d768,0.0,0.1921557838973098,0.33900090875364175,1842.1864868662558,2091.656150322714,1802.0,1918.0,0.3773498042127379,0.5,validation,
2207,RSbzpC7c,2025-09-18 18:59:37.347000+00:00,player_702cea49a9,player_cfffc59502,0.0,0.017879398507477506,0.0197843431102039,1398.540613722715,2094.465380447751,1392.0,2070.0,0.02023585424026805,0.5,validation,
2208,UXj5dwYu,2025-09-18 18:59:37.347000+00:00,player_40d7c3551f,player_cf7b3f1b96,0.0,0.42488621878813526,0.4640840730548977,1685.797776462006,1738.3902282986555,1685.0,1710.0,0.4726840269935071,0.5,validation,
2209,YHa5SgF3,2025-09-18 18:59:37.347000+00:00,player_14b8ac2008,player_8b7253f413,1.0,0.9126694759600498,0.9328116520903446,1718.2398930291006,1310.5809091614472,1739.0,1282.0,0.9530520513940942,0.5,validation,
2210,aNDKiys2,2025-09-18 18:59:37.347000+00:00,player_25eee35b60,player_317c1f7d73,0.0,0.23906280368218844,0.1655408182910169,1515.721760634361,1716.856482789842,1482.0,1763.0,0.13748809600868891,0.5,validation,
2211,e0KStZM0,2025-09-18 18:59:37.347000+00:00,player_5d93ebd8b6,player_a7ac2ec840,0.0,0.660665776034281,0.615864104253756,1868.0088527254375,1752.2671940002947,1884.0,1802.0,0.5910755963149433,0.5,validation,
2212,gn3bOLrU,2025-09-18 18:59:37.347000+00:00,player_893f809f22,player_6e7ce99497,1.0,0.753630645582778,0.8056276940436502,1953.476989293307,1759.2482433847483,1967.0,1720.0,0.8279993802611698,0.5,validation,
2213,h9sZomJk,2025-09-18 18:59:37.347000+00:00,player_bf3973fa8d,player_98688a5bf7,0.0,0.09880278886261237,0.08313877240427012,1590.588134945729,1974.6083892172378,1573.0,1990.0,0.08011834302901932,0.5,validation,
2214,hSDoZ5v5,2025-09-18 18:59:37.347000+00:00,player_df66ee2aa5,player_7e1d5365e3,0.0,0.4838195582113524,0.4555054269169921,1600.8150878788724,1612.0623376500057,1571.0,1602.0,0.389597577905311,0.5,validation,
2215,kIOmZmbf,2025-09-18 18:59:37.347000+00:00,player_5dc4bce2c1,player_1c67074439,1.0,0.7653292537888094,0.676301669492737,1954.5843233523435,1749.2285794665531,1930.0,1802.0,0.6479830132503057,0.5,validation,
2216,l3HtD0jj,2025-09-18 18:59:37.347000+00:00,player_06cd8b8e81,player_4fb35a570a,1.0,0.4251709832153847,0.3652566649476832,1773.8589806076025,1826.2490067420265,1734.0,1830.0,0.35333115767438533,0.5,validation,
2217,lqXe9OP7,2025-09-18 18:59:37.347000+00:00,player_4ffe569776,player_7a83a3320b,1.0,0.1238879114066048,0.10622531982185358,1411.4428587214454,1751.255155288911,1341.0,1711.0,0.10245988587127619,0.5,validation,
2218,pfDrnH2p,2025-09-18 18:59:37.347000+00:00,player_dce8f2a81a,player_03e45ffb64,0.0,0.3132293856666937,0.15097955721132328,1431.6993593206698,1568.0790415241622,1396.0,1696.0,0.12377068106893543,0.5,validation,
2219,vCk5FMpm,2025-09-18 18:59:37.347000+00:00,player_b693603edf,player_d3c19a0bce,0.0,0.1897483257206273,0.22085937918053045,1761.0384585469526,2013.2152523914133,1794.0,2013.0,0.22888573931240266,0.5,validation,
2220,3CM0X2si,2025-09-18 19:00:17.184000+00:00,player_b95ff8ed32,player_f16bc6c29b,0.0,0.3597102347491245,0.3854986389914422,2022.7223382379236,2122.891844239127,2019.0,2100.0,0.39233893587318014,0.5,validation,
2221,4joNtd3B,2025-09-18 19:00:17.184000+00:00,player_ba1bfc0b56,player_7b3de668c2,1.0,0.9677355567147368,0.9558053735135885,1770.3113249687042,1179.498316007799,1720.0,1186.0,0.9661133917396642,0.5,validation,
2222,9O3z662m,2025-09-18 19:00:17.184000+00:00,player_2c115abdde,player_dcbf56325c,1.0,0.7901797143574593,0.785026736998172,2404.5831443989427,2174.231783490534,2339.0,2114.0,0.7781484542191325,0.5,validation,
2223,J56CrX5O,2025-09-18 19:00:17.184000+00:00,player_a0cfb76086,player_b8849af3fd,0.0,0.01563729494247448,0.011032703088351466,1253.6423985539207,1973.2398079045502,1179.0,1960.0,0.009844718632770918,0.5,validation,
2224,QPywwfdr,2025-09-18 19:00:17.184000+00:00,player_30f0782407,player_a5f43760a2,1.0,0.39210976498240113,0.6387377491117249,1738.9911611911168,1815.1581648231565,1862.0,1763.0,0.6900062072803139,0.5,validation,
2225,XbXm3XGz,2025-09-18 19:00:17.184000+00:00,player_f7ec6e6f48,player_6c4dd897f2,0.0,0.7121619240969029,0.7279715135441962,2033.9675899088397,1876.5953869492682,2023.0,1852.0,0.7279715135441962,0.5,validation,
2226,auTk0sxC,2025-09-18 19:00:17.184000+00:00,player_9a46ffbbd8,player_3e7849ca33,0.0,0.4719449346802142,0.641390111955618,1989.2896306826533,2008.8047841546163,2047.0,1946.0,0.6712405808158318,0.5,validation,
2227,dmGls6C1,2025-09-18 19:00:17.184000+00:00,player_80dc495080,player_22a8ead105,1.0,0.17891658764030868,0.1970908298461841,1872.8690985465505,2137.5637673377278,1928.0,2172.0,0.3063120835780346,0.5,validation,
2228,e8HdpUTb,2025-09-18 19:00:17.184000+00:00,player_df147156b7,player_10365fd30d,0.0,0.4575181578893241,0.34029200585525193,2064.952605902272,2094.543354371105,1935.0,2050.0,0.30999379271968613,0.5,validation,
2229,g4NCS45Y,2025-09-18 19:00:17.184000+00:00,player_fe07396c8e,player_05b4376c0d,0.0,0.40385093294393937,0.3746486066924632,1844.4633555279393,1912.1168667883064,1808.0,1897.0,0.36392310031211805,0.5,validation,
2230,g6Ag5fsM,2025-09-18 19:00:17.184000+00:00,player_f81a442ec8,player_3a509c3c97,1.0,0.6164222447270769,0.6571186864870786,1936.8892268056554,1854.4792710687211,1973.0,1860.0,0.7164236941029388,0.5,validation,
2231,qh9hzuOr,2025-09-18 19:00:17.184000+00:00,player_f2509c37cd,player_7694302c58,1.0,0.36971334238482395,0.34158547908308745,1819.7500485628377,1912.4192445125173,1806.0,1920.0,0.33642590195870453,0.5,validation,
2232,thBZKRuF,2025-09-18 19:00:17.184000+00:00,player_13f2ca33cf,player_f227e4b9e0,1.0,0.7342631684196788,0.7586946201468556,1575.6586497401636,1399.098653162009,1543.0,1344.0,0.7649612635526892,0.5,validation,
2233,5lnxhavx,2025-09-18 19:00:17.185000+00:00,player_1b38516b74,player_d315b9b271,0.0,0.14885810984453218,0.13954883824228792,1645.6193066847268,1948.5110928088159,1646.0,1962.0,0.13817215242008227,0.5,validation,
2234,5ys4NIJw,2025-09-18 19:00:17.185000+00:00,player_3d937e1bd2,player_8d1936f6be,1.0,0.6606645342995204,0.6492949471109635,1952.0,1836.2593034702693,1952.0,1845.0,0.6466688423256146,0.5,validation,
2235,6xUDye3r,2025-09-18 19:00:17.185000+00:00,player_0afe6fb221,player_8fe39ebc25,0.0,0.7822349012139052,0.8074241816712792,1400.2884001428001,1178.1488351504354,1425.0,1176.0,0.8136122105055869,0.5,validation,
2236,Ggt48w96,2025-09-18 19:00:17.185000+00:00,player_656b195752,player_73191616c2,1.0,0.5387780920571715,0.5387780920571715,1555.0,1528.0,1555.0,1528.0,0.5387780920571715,0.5,validation,
2237,Msv53dOs,2025-09-18 19:00:17.185000+00:00,player_90b1013359,player_2164716222,1.0,0.4991508803314125,0.34808796012533627,1831.1670371668192,1831.7570665125068,1819.0,1928.0,0.31122643133128686,0.5,validation,
2238,Oxz0W2Fj,2025-09-18 19:00:17.185000+00:00,player_ab0983f2d8,player_8251e714f6,1.0,0.9938323880727181,0.993129224444049,1592.8784425049764,710.0,1574.0,710.0,0.9949556672157635,0.5,validation,
2239,QCPuUiD2,2025-09-18 19:00:17.185000+00:00,player_41fb25d2fb,player_f23c8716bb,0.0,0.07736858904496431,0.10513721035591964,1391.566923613052,1822.1523473226875,1426.0,1798.0,0.1123887401401455,0.5,validation,
2240,ZmYAX7JR,2025-09-18 19:00:17.185000+00:00,player_ed96c59fea,player_a20e19ed65,1.0,0.9459336421752618,0.9458825630895223,1844.288712045972,1347.1152892086043,1825.0,1328.0,0.9490338639240656,0.5,validation,
2241,ganQBHpV,2025-09-18 19:00:17.185000+00:00,player_9d1a5aec58,player_789b2b0faf,0.0,0.9011378194748038,0.9479085506726252,1718.1629047498143,1334.2584920804195,1787.0,1283.0,0.9553164906282028,0.5,validation,
2242,hfBiMVvh,2025-09-18 19:00:17.185000+00:00,player_76d8db066a,player_8eccd7c223,1.0,0.922231676740753,0.8787049512118514,2125.3736756143244,1695.7587556558594,2104.0,1760.0,0.8672208959675437,0.5,validation,
2243,oAOKsVKb,2025-09-18 19:00:17.185000+00:00,player_b3844c21b4,player_3d512f25bc,1.0,0.5186997779295586,0.5186997779295586,1825.0,1812.0,1825.0,1812.0,0.5186997779295586,0.5,validation,
2244,qVDYVYOG,2025-09-18 19:00:17.185000+00:00,player_79d211a001,player_ed61fd60b6,1.0,0.5014391117091528,0.5014391117091528,1383.0,1382.0,1383.0,1382.0,0.5014391117091528,0.5,validation,
2245,rrEjG5F3,2025-09-18 19:00:17.185000+00:00,player_fc42350db1,player_61f07bf7fd,0.5,0.8001620559151359,0.8001620559151359,2463.0,2222.0,2463.0,2222.0,0.8001620559151359,0.5,validation,
2246,srRVmv4d,2025-09-18 19:00:17.185000+00:00,player_5e3edd9c33,player_d78bcee283,1.0,0.7467239436880382,0.7403284195148304,1845.927219882073,1658.100843122966,1823.0,1641.0,0.7479995411960544,0.5,validation,
2247,utSWqoMC,2025-09-18 19:00:17.185000+00:00,player_399f4200e6,player_3794ccac0e,1.0,0.5131716901219587,0.5172625244323762,1638.2763033443239,1629.1215574950236,1612.0,1600.0,0.5172625244323762,0.5,validation,
2248,woIjDLTQ,2025-09-18 19:00:17.185000+00:00,player_64df42e6aa,player_68ef323e8d,1.0,0.6293885472175023,0.6293885472175023,1717.0,1625.0,1717.0,1625.0,0.6293885472175023,0.5,validation,
2249,8AsSFpFB,2025-09-18 19:00:55.820000+00:00,player_0d374b7141,player_d539a5e529,0.0,0.5848780174712169,0.6253513933075368,1574.0568861232414,1514.5010593189922,1545.0,1456.0,0.6226501957872621,0.5,validation,
2250,C1sAeTlN,2025-09-18 19:00:55.820000+00:00,player_599ee886a6,player_f055c06ad8,0.0,0.6479598320858263,0.7129021574054539,2049.56299353664,1943.5806476445962,2073.0,1915.0,0.726830072276731,0.5,validation,
2251,D6gL6cjp,2025-09-18 19:00:55.820000+00:00,player_486e8abbbb,player_11f890c0d7,0.0,0.561063073650724,0.43135860811633236,1593.4270833811368,1550.7832560257293,1576.0,1624.0,0.3937121762145718,0.5,validation,
2252,IqtQ5gz7,2025-09-18 19:00:55.820000+00:00,player_3430d7eb2d,player_d62b36fee2,1.0,0.535700522406098,0.6035363185261781,1648.9476111814836,1624.0980612337778,1653.0,1580.0,0.6253513933075368,0.5,validation,
2253,JjCX1OxJ,2025-09-18 19:00:55.820000+00:00,player_02c1b57fd3,player_1493f41ec5,1.0,0.31719863971668905,0.3149403910066497,2044.9829239527035,2178.168148528656,2019.0,2154.0,0.3161836858063414,0.5,validation,
2254,QQrR8b9d,2025-09-18 19:00:55.820000+00:00,player_f226a787f8,player_29be8049e6,1.0,0.45860430051431256,0.49280491829094863,1833.7055726317803,1862.536244117991,1819.0,1824.0,0.515824985264735,0.5,validation,
2255,QTBvKqkE,2025-09-18 19:00:55.820000+00:00,player_d1201a2601,player_2b7bd85604,1.0,0.8110596527974542,0.8437822479242926,1868.4115908581073,1615.320355534667,1818.0,1525.0,0.8526729520561114,0.5,validation,
2256,WXnjMJEn,2025-09-18 19:00:55.820000+00:00,player_6b78644533,player_7ec648723c,1.0,0.43032667915832234,0.3546475495606176,1702.0954814235865,1750.8265249511148,1710.0,1814.0,0.3249597989597013,0.5,validation,
2257,jbEGvGST,2025-09-18 19:00:55.820000+00:00,player_98459f9e7a,player_adcfd517c2,1.0,0.37522188410419494,0.29064536940123664,1596.565413029618,1685.140472731623,1472.0,1627.0,0.2777654663508294,0.5,validation,
2258,kRPhh5hq,2025-09-18 19:00:55.820000+00:00,player_1717e4f9fd,player_85b73e0103,0.0,0.6443106207609528,0.5459219227804837,2103.3236437913724,2000.1138866790318,2014.0,1982.0,0.5230095872975623,0.5,validation,
2259,utXsEqtJ,2025-09-18 19:00:55.820000+00:00,player_a0efc8f05c,player_95f21b86f5,0.0,0.3132505288179556,0.2777654663508294,1495.122186506305,1631.484794844744,1456.0,1622.0,0.27089003710224746,0.5,validation,
2260,1W5ufKdg,2025-09-18 19:00:55.821000+00:00,player_6393a121b1,player_c779d10ad4,0.0,0.24179857285744802,0.2509169371224644,1392.4676542755838,1591.0,1401.0,1591.0,0.2530870785710568,0.5,validation,
2261,4qQJyHhR,2025-09-18 19:00:55.821000+00:00,player_4385d4a442,player_319d1e3e93,1.0,0.6312336499940521,0.667418421873223,1770.1439939329127,1676.768450901768,1758.0,1637.0,0.676301669492737,0.5,validation,
2262,7w85W3bm,2025-09-18 19:00:55.821000+00:00,player_0c7ad288f9,player_a3b34a6523,1.0,0.29762357040164417,0.2423608251377483,1449.0083571166165,1598.169399803702,1430.0,1628.0,0.22585202229816936,0.5,validation,
2263,ABHwENyQ,2025-09-18 19:00:55.821000+00:00,player_4d6de79939,player_b0bebdfa76,1.0,0.6781329083489044,0.6924633925795177,1840.836490330033,1711.3811925395535,1887.0,1746.0,0.6961287704295998,0.5,validation,
2264,MOWhzZKv,2025-09-18 19:00:55.821000+00:00,player_0520ceb2e6,player_8993b8270f,0.0,0.4030972409943513,0.4061446147638222,1325.4557712405015,1393.653275506888,1333.0,1399.0,0.4089244036850566,0.5,validation,
2265,UuRldIuH,2025-09-18 19:00:55.821000+00:00,player_a166515585,player_9f1e963216,1.0,0.4091317856485118,0.2674927102443324,1566.0,1629.8509625821207,1566.0,1741.0,0.23920390901085772,0.5,validation,
2266,XENCYbSZ,2025-09-18 19:00:55.821000+00:00,player_6a86663d7d,player_9b8a087a10,1.0,0.2340053292335112,0.2340053292335112,1657.0,1863.0,1657.0,1863.0,0.2340053292335112,0.5,validation,
2267,b7wwtdO5,2025-09-18 19:00:55.821000+00:00,player_5cf7b0e439,player_15b9e23f5c,0.0,0.15263450370204462,0.19800335588556686,1335.61347044367,1633.3806933152732,1389.0,1632.0,0.20730361582423143,0.5,validation,
2268,b9Bcc7fj,2025-09-18 19:00:55.821000+00:00,player_cb390f5ad7,player_11bf4ccb6b,0.0,0.473273920117233,0.39784190682528303,1565.2685358596802,1583.8574354491386,1611.0,1683.0,0.3787032768775454,0.5,validation,
2269,c16GDrzF,2025-09-18 19:00:55.821000+00:00,player_78f76fcfcd,player_a3c8a4d9a6,0.0,0.160877412354488,0.13748809600868891,1812.0309369738552,2098.963072758248,1777.0,2096.0,0.1334433562104599,0.5,validation,
2270,ei2ETb25,2025-09-18 19:00:55.821000+00:00,player_7b8d0ade12,player_497848644b,0.0,0.24697550789166073,0.29781739790947936,1655.8546325713066,1849.516718428648,1722.0,1871.0,0.3174296145252281,0.5,validation,
2271,fO4fDea1,2025-09-18 19:00:55.821000+00:00,player_a061c50a68,player_3581f10db4,1.0,0.5013444833706815,0.4726840269935071,1948.9342449859398,1948.0,1929.0,1948.0,0.46551605527316847,0.5,validation,
2272,jHrSnvDg,2025-09-18 19:00:55.821000+00:00,player_9f37ad0d94,player_592792b68b,0.0,0.13578923196137177,0.13885906434295667,1698.6876144981109,2020.1893510561126,1706.0,2023.0,0.13748809600868891,0.5,validation,
2273,jRmSLTd7,2025-09-18 19:00:55.821000+00:00,player_c646912f35,player_d8a4ba0848,1.0,0.5137549325222017,0.5402082283237456,2007.012799056943,1997.4524807744046,1992.0,1964.0,0.5244454611206615,0.5,validation,
2274,lOr2unFG,2025-09-18 19:00:55.821000+00:00,player_49db744355,player_af624832cf,0.0,0.9053021076166363,0.9203048806723595,1953.3149395331352,1561.1336522991926,1995.0,1570.0,0.9236177787081539,0.5,validation,
2275,vWMnP6Lw,2025-09-18 19:00:55.821000+00:00,player_a83015db7a,player_c94197573d,0.0,0.0759822761481023,0.06575952658553816,1518.0,1951.987200943057,1518.0,1979.0,0.06366918853058397,0.5,validation,
2276,xIeAwKeY,2025-09-18 19:00:55.821000+00:00,player_343e0b1ee2,player_d4ccf5765d,0.0,0.38262034266252326,0.4089244036850566,1765.8114715393615,1848.9251751655097,1797.0,1861.0,0.39233893587318014,0.5,validation,
2277,zvxQ3Ad8,2025-09-18 19:00:55.821000+00:00,player_a43116799c,player_e130fe568b,1.0,0.4087273861700011,0.5686413918836677,1579.5763300375281,1643.7179405021282,1753.0,1705.0,0.5896835031399501,0.5,validation,
2278,1hniId4W,2025-09-18 19:01:35.676000+00:00,player_4bca831314,player_b8849af3fd,0.0,0.22879147279272813,0.29064536940123664,1763.1477992186512,1974.2405947808686,1806.0,1961.0,0.3038712295704002,0.5,validation,
2279,28d9vfJM,2025-09-18 19:01:35.676000+00:00,player_4a194e7c55,player_a2a0ffb32d,0.0,0.04616459716799367,0.04746577633233676,1584.9342449859398,2111.0,1590.0,2111.0,0.04798902801506977,0.5,validation,
2280,4O6EDjx6,2025-09-18 19:01:35.676000+00:00,player_9702c8719d,player_5dc4bce2c1,0.5,0.45123216705357344,0.4841750147352649,1935.6078132027678,1969.6032511098597,1925.0,1936.0,0.5057562084111449,0.5,validation,
2281,7DYIPN07,2025-09-18 19:01:35.676000+00:00,player_9f6083310e,player_d4a57d2174,0.0,0.23607530085516135,0.23607530085516135,1423.0,1627.0,1423.0,1627.0,0.23607530085516135,0.5,validation,
2282,9oIdeNcu,2025-09-18 19:01:35.676000+00:00,player_4a2bd4876a,player_532343cfb4,1.0,0.9417045715387847,0.9256237164516561,1804.9692560127237,1321.6571839783082,1833.0,1395.0,0.9228015935156195,0.5,validation,
2283,AZdun7og,2025-09-18 19:01:35.676000+00:00,player_5dacf33841,player_ca11373b75,0.0,0.05135023419704667,0.07760948942937546,1439.3149580236397,1945.9403480943133,1486.0,1916.0,0.08402058726172794,0.5,validation,
2284,Aj8Ibmqf,2025-09-18 19:01:35.676000+00:00,player_21ddbbfc50,player_025ca2fadc,0.0,0.46013295707347557,0.527315973006493,1693.4214932436025,1721.1828833593086,1639.0,1620.0,0.5459219227804837,0.5,validation,
2285,B8cCA73v,2025-09-18 19:01:35.676000+00:00,player_52e310c69a,player_1c4f1504ee,0.0,0.6303945495644567,0.6850596089933503,1740.297152257984,1647.5475192255954,1752.0,1617.0,0.6775605800851006,0.5,validation,
2286,DXphBzp5,2025-09-18 19:01:35.676000+00:00,player_0008d08957,player_251c6b9f68,1.0,0.6762387114000233,0.7081663882812006,1594.2432349291348,1466.2931915357183,1635.0,1481.0,0.7129021574054539,0.5,validation,
2287,FcrY9FZX,2025-09-18 19:01:35.676000+00:00,player_0e778d3f65,player_6128bf3766,1.0,0.4045728296750326,0.49568276024494023,1873.3797019990213,1940.5124761176012,1817.0,1820.0,0.5129491448928637,0.5,validation,
2288,HgN1PE13,2025-09-18 19:01:35.676000+00:00,player_6df6467577,player_3c3365601e,1.0,0.7751528656496841,0.7751528656496841,1904.0,1689.0,1904.0,1689.0,0.7751528656496841,0.5,validation,
2289,LZkhPsf5,2025-09-18 19:01:35.676000+00:00,player_d8064a3fec,player_0c1124af83,0.5,0.8201664127816041,0.8376154583713974,1932.7795068443793,1669.1670377298788,1933.0,1648.0,0.8414923669232418,0.5,validation,
2290,QqWipkHe,2025-09-18 19:01:35.676000+00:00,player_68ef323e8d,player_12757b7f00,1.0,0.8447516838094845,0.8590630023766738,1601.2808670219201,1307.0,1621.0,1307.0,0.8618278475799177,0.5,validation,
2291,VcXjqnQs,2025-09-18 19:01:35.676000+00:00,player_928c2e13f3,player_54f56d1fc6,1.0,0.677973291944771,0.6374083767444845,1852.989232354953,1723.6609550822125,1796.0,1698.0,0.655820505912395,0.5,validation,
2292,YDH1GWE1,2025-09-18 19:01:35.676000+00:00,player_6835265010,player_19adc7dd88,0.0,0.33604126647839877,0.3854986389914422,1264.7971106819282,1383.096500699606,1311.0,1392.0,0.4327711556570478,0.5,validation,
2293,Z3NFvE4x,2025-09-18 19:01:35.676000+00:00,player_1c67074439,player_a0cfb76086,1.0,0.9411509846307624,0.9724348404615375,1734.209651709037,1252.6416116776022,1798.0,1179.0,0.9779793722871879,0.5,validation,
2294,cIQdfL6P,2025-09-18 19:01:35.676000+00:00,player_64df42e6aa,player_94452001f9,0.0,0.4435371091869953,0.45836229728523653,1740.7191329780799,1780.1216313753869,1721.0,1750.0,0.46122190794282847,0.5,validation,
2295,eRpgkSz9,2025-09-18 19:01:35.676000+00:00,player_f5a4c9d30d,player_94d465076b,0.0,0.5972521970353272,0.5784967523447427,1613.1555579229146,1544.7057275081897,1574.0,1519.0,0.5742802036545245,0.5,validation,
2296,hZTjhRBU,2025-09-18 19:01:35.676000+00:00,player_bfcbc58a7a,player_c6de4a3953,0.0,0.08776182255804761,0.07802257631737311,1273.1824553223564,1679.903499300394,1242.0,1671.0,0.07597710350276544,0.5,validation,
2297,jLI87LNM,2025-09-18 19:01:35.676000+00:00,player_b8d557fe65,player_55c792da1b,0.0,0.08006937064193818,0.0498638537789762,1598.984040967218,2023.0995066325424,1539.0,2051.0,0.04468350937179727,0.5,validation,
2298,nLm6TZkH,2025-09-18 19:01:35.676000+00:00,player_9ead8cc339,player_ec130307e8,1.0,0.21077846481880796,0.21111293178984536,2004.0566384301617,2233.4057144758567,1914.0,2143.0,0.20730361582423143,0.5,validation,
2299,qEZa06NJ,2025-09-18 19:01:35.676000+00:00,player_496e7261a0,player_063cef7e75,1.0,0.8798319014461609,0.8970095263772729,1857.220346479747,1511.3761402665318,1916.0,1540.0,0.8996383151500511,0.5,validation,
2300,xmkthIV0,2025-09-18 19:01:35.676000+00:00,player_f5a9fa68bd,player_1e038bf320,1.0,0.9134212046208936,0.9617134961177454,1763.3831797181456,1354.0793595618852,1846.0,1286.0,0.969002622496188,0.5,validation,
2301,45Vm7PbC,2025-09-18 19:02:13.274000+00:00,player_903df3be28,player_cb83d2fefa,0.0,0.20862821879624854,0.23194799683241596,1093.6097546486803,1325.2127586082263,1136.0,1344.0,0.23092407656660718,0.5,validation,
2302,79hUomNI,2025-09-18 19:02:13.274000+00:00,player_c95ae88f67,player_be64a45ef2,0.0,0.8742463212037603,0.9057053735432374,2080.0985162678917,1743.253270375132,2076.0,1683.0,0.9283506820134463,0.5,validation,
2303,A9mTVmNx,2025-09-18 19:02:13.274000+00:00,player_d360f2bc80,player_361d35f71b,1.0,0.8433234911370278,0.9244260414259254,2007.6427540871014,1715.2466292401573,2058.0,1623.0,0.9320864847027436,0.5,validation,
2304,AegwnWAA,2025-09-18 19:02:13.274000+00:00,player_26a6cc3796,player_8855d0e065,0.0,0.6878478543958856,0.7210782431975601,1735.033592667567,1597.7831676735736,1747.0,1582.0,0.7313778578393882,0.5,validation,
2305,BrXHeCoB,2025-09-18 19:02:13.274000+00:00,player_987e5d4a79,player_444829fa66,1.0,0.41589904118632204,0.41589904118632204,2088.0,2147.0,2088.0,2147.0,0.41589904118632204,0.5,validation,
2306,CFlqmIR2,2025-09-18 19:02:13.274000+00:00,player_220a065799,player_e539512417,0.0,0.05811052268219184,0.04419462648641146,1217.0,1700.8980653059343,1217.0,1751.0,0.04159572903210256,0.5,validation,
2307,DgDHJk3H,2025-09-18 19:02:13.274000+00:00,player_19e00af498,player_3b38c16574,1.0,0.82192160783614,0.8414923669232418,1802.4040613338661,1536.7163924943648,1808.0,1518.0,0.8263535539440318,0.5,validation,
2308,FfK5NVlf,2025-09-18 19:02:13.274000+00:00,player_db06ce1c13,player_a95ef56f3d,0.0,0.03152332184630124,0.025485222474582465,1962.8938986471253,2557.876775004394,1923.0,2556.0,0.024229675948180596,0.5,validation,
2309,Ht0QiGCc,2025-09-18 19:02:13.274000+00:00,player_a504f3383a,player_7ace9e3cea,0.0,0.6253513933075368,0.6253513933075368,1498.0,1409.0,1498.0,1409.0,0.6253513933075368,0.5,validation,
2310,NG5D3Tq1,2025-09-18 19:02:13.274000+00:00,player_0925283c12,player_005626c64d,0.0,0.05336028741287698,0.0477267210342039,802.5609403221002,1302.1475641253376,781.0,1301.0,0.039143402751692986,0.5,validation,
2311,NckZ0nl5,2025-09-18 19:02:13.274000+00:00,player_a235f79571,player_a2779f665c,1.0,0.871352492440984,0.8805335622474012,1713.8734304299749,1381.5564299192692,1678.0,1331.0,0.8991173716432768,0.5,validation,
2312,O3n9EVtA,2025-09-18 19:02:13.274000+00:00,player_d62b36fee2,player_1c67074439,0.0,0.3043669402700153,0.2169225565903239,1594.3828946677681,1737.9759886926681,1576.0,1799.0,0.19800335588556686,0.5,validation,
2313,RwyHvJsP,2025-09-18 19:02:13.274000+00:00,player_a42067a3c8,player_758210d4ff,0.0,0.8452938106179996,0.8452938106179996,2005.0,1710.0,2005.0,1710.0,0.8452938106179996,0.5,validation,
2314,XVyEqZSR,2025-09-18 19:02:13.274000+00:00,player_a0cfb76086,player_9b674ea365,0.0,0.05276490423792945,0.03765567938957777,1248.875274693971,1750.5203252244332,1179.0,1742.0,0.033325766177210586,0.5,validation,
2315,ZiSlZbNx,2025-09-18 19:02:13.274000+00:00,player_d5f04bdeec,player_95b5fb3246,1.0,0.1863212479528097,0.13817215242008227,1672.9694450511395,1929.0456813878939,1569.0,1887.0,0.125024693001636,0.5,validation,
2316,amwGJcds,2025-09-18 19:02:13.274000+00:00,player_257b0330b9,player_3430d7eb2d,0.0,0.6822303149645884,0.654519994382466,1811.3901977075452,1678.6627777474932,1769.0,1658.0,0.6400649998028851,0.5,validation,
2317,cRwEeFRy,2025-09-18 19:02:13.274000+00:00,player_f3cfab2553,player_d1201a2601,1.0,0.5059566684062962,0.4569335079777882,1884.643086065071,1880.5037730790702,1790.0,1820.0,0.4398498547680971,0.5,validation,
2318,cnrgnBSj,2025-09-18 19:02:13.274000+00:00,player_a44891f56d,player_ecd8df65a9,1.0,0.515824985264735,0.515824985264735,1606.0,1595.0,1606.0,1595.0,0.515824985264735,0.5,validation,
2319,deQwhKYu,2025-09-18 19:02:13.274000+00:00,player_1b38516b74,player_b3832d9015,0.0,0.40656779598628995,0.2487592064662893,1636.0923876546767,1701.7876417391167,1645.0,1837.0,0.2198703960068415,0.5,validation,
2320,gLq7TKx7,2025-09-18 19:02:13.274000+00:00,player_55a4503163,player_d315b9b271,0.0,0.3395790617771383,0.29661499652817136,1842.4860399373872,1958.038011838866,1813.0,1963.0,0.287097842594546,0.5,validation,
2321,guDQmsXQ,2025-09-18 19:02:13.274000+00:00,player_81ccc0f1db,player_53ca97c072,0.0,0.6164746224595081,0.5868950233791,1847.7930275374829,1765.3445886622237,1823.0,1762.0,0.5798997603578815,0.5,validation,
2322,m7GtPH1A,2025-09-18 19:02:13.274000+00:00,player_4a551de671,player_80535e6838,1.0,0.2635502069966229,0.23920390901085772,1642.1389674423044,1820.6508805560939,1636.0,1837.0,0.23503873644731077,0.5,validation,
2323,rB1lwA27,2025-09-18 19:02:13.274000+00:00,player_030fe27be7,player_a9b8e0441a,0.0,0.9000162313179296,0.9370137212880922,1723.7709000695713,1342.042564381005,1720.0,1251.0,0.9586331507760623,0.5,validation,
2324,sLqTkeb3,2025-09-18 19:02:13.274000+00:00,player_6a3f628a42,player_02fcecb30b,1.0,0.6281977335414576,0.7256856462717871,1986.5974513434703,1895.4837184081111,2075.0,1906.0,0.7512407935337106,0.5,validation,
2325,w5oPhBZa,2025-09-18 19:02:13.274000+00:00,player_081a214af1,player_26bacb70a7,0.0,0.03280554146197,0.01817745180042496,1228.44548745651,1816.2721231908629,1173.0,1866.0,0.016604590767277334,0.5,validation,
2326,ze6BJyyO,2025-09-18 19:02:13.274000+00:00,player_81ac4606ec,player_28f12ab761,0.0,0.08143878676458992,0.08140035057929543,1170.9292154387126,1591.8399386414771,1180.0,1601.0,0.08140035057929543,0.5,validation,
2327,rO1CeRLP,2025-09-18 19:02:52.010000+00:00,player_7dcf59751d,player_eb7a60a326,1.0,0.625181112947637,0.5938553852361779,2162.795349614971,2073.921596616672,2136.0,2070.0,0.584100958813678,0.5,validation,
2328,7iFkHYFV,2025-09-18 19:02:52.011000+00:00,player_589dcb6ab1,player_b162b85bf5,1.0,0.5609535499410303,0.6007782458900109,1304.5665723091797,1262.0,1333.0,1262.0,0.5854986786718095,0.5,validation,
2329,B4UwDU6m,2025-09-18 19:02:52.011000+00:00,player_3c3365601e,player_2bca732ca4,0.0,0.7479323615649289,0.7479995411960544,1674.6097834015798,1485.6716905607122,1682.0,1493.0,0.7544540419421866,0.5,validation,
2330,CIhnbR6t,2025-09-18 19:02:52.011000+00:00,player_108ffeb6a3,player_8873530087,1.0,0.8118584289897548,0.8304449113532372,1862.9979791523137,1608.9997639902333,1797.0,1521.0,0.8336624691834381,0.5,validation,
2331,M1pEG6TR,2025-09-18 19:02:52.011000+00:00,player_6d7aeb9294,player_2a9968e536,1.0,0.2918336117187994,0.2918336117187994,1725.0,1879.0,1725.0,1879.0,0.2918336117187994,0.5,validation,
2332,Pb6n6H6D,2025-09-18 19:02:52.011000+00:00,player_2fa75eff25,player_b10b6ca0e2,0.0,0.09021405493540428,0.054117436910477636,1229.4217786998759,1630.8877864589067,1215.0,1712.0,0.04825270359051784,0.5,validation,
2333,QrvmmXE0,2025-09-18 19:02:52.011000+00:00,player_43291a0190,player_6df6467577,1.0,0.15978844919209212,0.2035453002882742,1630.0529102269115,1918.3902165984202,1670.0,1907.0,0.21497326300182792,0.5,validation,
2334,Tb1vBAeV,2025-09-18 19:02:52.011000+00:00,player_711d3edef9,player_b6ef45444b,0.0,0.37240036579864855,0.3174296145252281,1650.8115354961387,1741.4805686480818,1624.0,1757.0,0.3038712295704002,0.5,validation,
2335,WAtqPqdH,2025-09-18 19:02:52.011000+00:00,player_e384688a60,player_d3f20ec1d1,0.0,0.7552002896801224,0.6863002576833125,1792.8109295218424,1597.110430194209,1689.0,1553.0,0.6775605800851006,0.5,validation,
2336,Yvytpk4R,2025-09-18 19:02:52.011000+00:00,player_420e3154be,player_317c1f7d73,1.0,0.6021302076149768,0.6240017586176672,1804.1362814666618,1732.156502225502,1855.0,1767.0,0.6076610641268197,0.5,validation,
2337,Z9vbD3fw,2025-09-18 19:02:52.011000+00:00,player_3ad246d6ae,player_2eea3829fa,0.0,0.3866322570831771,0.34158547908308745,1419.70869414662,1499.8778332897266,1439.0,1553.0,0.33642590195870453,0.5,validation,
2338,a4WK4Hl2,2025-09-18 19:02:52.011000+00:00,player_8bc6fe346a,player_c35e883c79,1.0,0.5663784516768847,0.5952430396515719,1777.4602451098638,1731.0618986765578,1773.0,1706.0,0.6007782458900109,0.5,validation,
2339,brS63Mdj,2025-09-18 19:02:52.011000+00:00,player_881e0baea7,player_97f46d52b9,1.0,0.6680806554867625,0.676301669492737,1735.0710985420164,1613.5525654925493,1716.0,1588.0,0.6788169197947567,0.5,validation,
2340,czoU1PBv,2025-09-18 19:02:52.011000+00:00,player_2d67ac710b,player_23195b6a66,1.0,0.36780994700353853,0.32875941918416823,1746.5037840244631,1840.5934593118716,1779.0,1903.0,0.3249597989597013,0.5,validation,
2341,dHOKxh4u,2025-09-18 19:02:52.011000+00:00,player_1fadf8584b,player_80dc495080,0.0,0.16999409593519482,0.125024693001636,1649.9594995429234,1925.4184369375707,1598.0,1936.0,0.11766170295305857,0.5,validation,
2342,dJM8FhFM,2025-09-18 19:02:52.011000+00:00,player_b7120baa1d,player_68a26254e6,0.0,0.31098313375468445,0.25526959313496533,1397.6802309553204,1535.8774379184067,1368.0,1554.0,0.24341940570494724,0.5,validation,
2343,qNQP3xVW,2025-09-18 19:02:52.011000+00:00,player_c51f481026,player_1e9d72a955,1.0,0.9742420081282793,0.9746573536119648,2152.7180631214374,1521.6161230923572,2167.0,1533.0,0.9757703240518194,0.5,validation,
2344,qR5KMuD5,2025-09-18 19:02:52.011000+00:00,player_ddb8c01472,player_fe238bcb8d,1.0,0.8649344335026026,0.8246953134461684,2087.514100779971,1764.9386837851832,2079.0,1810.0,0.8127376816365348,0.5,validation,
2345,sOMiONUa,2025-09-18 19:02:52.011000+00:00,player_903397cd13,player_8eb534b9ad,1.0,0.17805570568601323,0.14877920237509723,1543.7810627381762,1809.4956587919173,1589.0,1892.0,0.1430408607355515,0.5,validation,
2346,sc9cYpZv,2025-09-18 19:02:52.011000+00:00,player_e558f7f0c0,player_7462a888ca,1.0,0.6762661470089382,0.7164236941029388,1812.3278465099436,1684.356033862373,1784.0,1623.0,0.7233878694391705,0.5,validation,
2347,twW9b7Jf,2025-09-18 19:02:52.011000+00:00,player_94a1d0af2b,player_92c6b72d30,0.0,0.6744059784401442,0.7093546305987634,1553.4808626222257,1426.9828667765998,1562.0,1407.0,0.7152527510491987,0.5,validation,
2348,wKFHB3oP,2025-09-18 19:02:52.011000+00:00,player_86b575d4f4,player_2ff21a918f,0.0,0.5784967523447427,0.5784967523447427,1612.0,1557.0,1612.0,1557.0,0.5784967523447427,0.5,validation,
2349,ydVhEsJ7,2025-09-18 19:02:52.011000+00:00,player_06a54f1a6d,player_03e45ffb64,0.0,0.3378021590755315,0.32243941991489944,1471.1955864624838,1588.1257222068307,1569.0,1698.0,0.3149403910066497,0.5,validation,
2350,youp9gJP,2025-09-18 19:02:52.011000+00:00,player_315ca9289e,player_25eee35b60,1.0,0.48583333897843045,0.6387377491117249,1490.5751014147768,1500.421741198701,1579.0,1480.0,0.6686949563073317,0.5,validation,
2351,6tOygt99,2025-09-18 19:03:29.874000+00:00,player_44e465dc84,player_bd9a49b1b8,0.0,0.07553572886652149,0.0650557537775339,1805.1002697178574,2240.195352487593,1734.0,2197.0,0.06032243421468814,0.5,validation,
2352,705EUVeF,2025-09-18 19:03:29.874000+00:00,player_278e5a49c4,player_f14a11f9f0,0.0,0.5198229026148021,0.47986327796418354,2086.8539513454643,2073.0723641766635,2076.0,2090.0,0.4712494361077314,0.5,validation,
2353,7q8yJoHU,2025-09-18 19:03:29.874000+00:00,player_3c53727464,player_39b330901c,0.0,0.4148130754422887,0.6021580931747169,1963.6225449108072,2023.399415395878,2047.0,1975.0,0.6440338538222926,0.5,validation,
2354,GYA5mjVy,2025-09-18 19:03:29.874000+00:00,player_3b87eb035d,player_d39c4ff769,0.0,0.3235803820105862,0.17036717656865663,1658.8001485450613,1786.8937531163813,1529.0,1804.0,0.2423608251377483,0.5,validation,
2355,JA4hfw4R,2025-09-18 19:03:29.874000+00:00,player_b21cbf6e60,player_14b8ac2008,1.0,0.33938722014205563,0.41171002813683716,1608.128451995921,1723.8290465676573,1678.0,1740.0,0.41729811503576986,0.5,validation,
2356,JXMW0WMu,2025-09-18 19:03:29.874000+00:00,player_398c64db27,player_e49d48485c,0.0,0.1715949846279839,0.15850763307675816,1869.47174392255,2142.9669956835473,1866.0,2156.0,0.15395489956790523,0.5,validation,
2357,MKjvOyI2,2025-09-18 19:03:29.874000+00:00,player_8f396e4253,player_668863653e,0.5,0.2383978205419608,0.3692697113837977,1694.9143508514478,1896.6847098384778,1770.0,1863.0,0.42150324765525726,0.5,validation,
2358,Yrdrxo6u,2025-09-18 19:03:29.874000+00:00,player_80f2fe7364,player_f81a442ec8,0.0,0.479924848119928,0.43701527189640416,1947.4810557618625,1961.4382031431226,1940.0,1984.0,0.3854986389914422,0.5,validation,
2359,bYMBXH3x,2025-09-18 19:03:29.874000+00:00,player_4a673ee2af,player_66f4030e5c,0.0,0.466393819892107,0.3174296145252281,1679.5248455975309,1702.9120711236526,1571.0,1704.0,0.28240827680846853,0.5,validation,
2360,d7CpFqiM,2025-09-18 19:03:29.874000+00:00,player_72de9d8c65,player_52d2d21a8e,0.0,0.14954597258470917,0.2402530733520421,1549.9280644084488,1851.8785126379057,1605.0,1805.0,0.269754586702576,0.5,validation,
2361,qGNrLH4F,2025-09-18 19:03:29.874000+00:00,player_f23c8716bb,player_3e14395bcd,1.0,0.8170405371096955,0.836043425542047,1827.1039370215653,1567.1484459233805,1799.0,1516.0,0.8482810687127118,0.5,validation,
2362,z27KDBTh,2025-09-18 19:03:29.874000+00:00,player_acc6657449,player_b68be402f1,1.0,0.8103220177631385,0.8672208959675437,1630.7813714115046,1378.5250840070328,1645.0,1319.0,0.8852936760540788,0.5,validation,
2363,zU0rhTUV,2025-09-18 19:03:29.874000+00:00,player_bf51230720,player_aeacea3497,0.0,0.4716879226357699,0.5644004902404213,1917.7832648590347,1937.4775778306641,1918.0,1873.0,0.5359159269451023,0.5,validation,
2364,9jRCYTje,2025-09-18 19:03:29.875000+00:00,player_d2c745135e,player_266941d75e,1.0,0.8200148643229555,0.8056276940436502,1586.4852447481169,1323.0512107099776,1575.0,1328.0,0.8136122105055869,0.5,validation,
2365,ChlWX5wy,2025-09-18 19:03:29.875000+00:00,player_07b647559a,player_980d5178c5,0.0,0.14118610853614375,0.1308031345449462,1322.8859183169375,1636.528755327435,1308.0,1637.0,0.12885220159544447,0.5,validation,
2366,CwB4GWaC,2025-09-18 19:03:29.875000+00:00,player_7b52c2713d,player_18fdf19165,0.0,0.06450728749342265,0.07126736574414949,1433.2761077417078,1897.8487590738566,1449.0,1895.0,0.07280653489759949,0.5,validation,
2367,LGeDBU77,2025-09-18 19:03:29.875000+00:00,player_160124e2e8,player_b6f8562add,0.0,0.1256557731814538,0.1256557731814538,1603.0,1940.0,1603.0,1940.0,0.1256557731814538,0.5,validation,
2368,QHdu3mBY,2025-09-18 19:03:29.875000+00:00,player_5606388063,player_4dc1a871d1,0.0,0.6729916081163199,0.730245413297424,1494.380300354704,1369.0,1542.0,1369.0,0.7414335229692995,0.5,validation,
2369,U08MLCtU,2025-09-18 19:03:29.875000+00:00,player_9739737f0b,player_e1ccd38199,0.5,0.20242633839365395,0.1547061893820004,1736.5853903656841,1974.7869041105105,1707.0,2002.0,0.14517082246824042,0.5,validation,
2370,WKshd4tC,2025-09-18 19:03:29.875000+00:00,player_333b727a80,player_ca06dcd8b5,0.0,0.544732436760919,0.5459219227804837,1651.061608202214,1619.8949971191978,1716.0,1684.0,0.544494573083008,0.5,validation,
2371,YzLi4Dnx,2025-09-18 19:03:29.875000+00:00,player_f82ab97e20,player_902095847e,0.0,0.6217138992498266,0.672509643334985,1534.807852253191,1448.4997753427128,1515.0,1390.0,0.6800706757372215,0.5,validation,
2372,Z85eCOzg,2025-09-18 19:03:29.875000+00:00,player_c2b882bb65,player_11ad009d76,0.0,0.12209781046517316,0.11647171194356075,1398.3320554392133,1741.0273579221666,1399.0,1751.0,0.13748809600868891,0.5,validation,
2373,bnLXcWMV,2025-09-18 19:03:29.875000+00:00,player_23707af8ed,player_41fb25d2fb,0.0,0.9140442496548479,0.8870357268841216,1797.2922479092465,1386.6153339141742,1783.0,1425.0,0.8787049512118514,0.5,validation,
2374,mDgNQcMy,2025-09-18 19:03:29.875000+00:00,player_6835265010,player_c618dea26b,0.0,0.3178298329799814,0.3546475495606176,1243.2904696273106,1375.9696948450646,1301.0,1405.0,0.4089244036850566,0.5,validation,
2375,ndGXjfmf,2025-09-18 19:03:29.875000+00:00,player_a4af4da67c,player_4f59cdad6a,1.0,0.7205610328693279,0.8221846111535023,1524.0049416859406,1359.4514197332192,1628.0,1362.0,0.840723042661615,0.5,validation,
2376,t1NDoX7U,2025-09-18 19:03:29.875000+00:00,player_ec49a3e3e3,player_0df1235cb9,0.0,0.24818010449177902,0.3124617517876582,1436.7978007114004,1629.3365412087128,1464.0,1601.0,0.31122643133128686,0.5,validation,
2377,uUYj2W1a,2025-09-18 19:03:29.875000+00:00,player_2aea3245dc,player_930678778f,0.0,0.1532499557235802,0.12756539636424022,1413.0303051549354,1709.972253279002,1384.0,1718.0,0.12252748567058044,0.5,validation,
2378,5DMMimms,2025-09-18 19:04:07.534000+00:00,player_80e7015e8d,player_2c01509854,1.0,0.5501128471019804,0.6825703854747719,1678.8599953136386,1643.9207169584615,1777.0,1644.0,0.7175917231915314,0.5,validation,
2379,GbN44Mpi,2025-09-18 19:04:07.534000+00:00,player_1d84a9997a,player_ba5449c385,1.0,0.7161197902422501,0.7414335229692995,2014.2932793490006,1853.553056016995,1998.0,1815.0,0.7458232083504994,0.5,validation,
2380,Hcu50RdQ,2025-09-18 19:04:07.534000+00:00,player_a3cb35c7d1,player_b5d3aca269,1.0,0.37962158221658876,0.35993500019711494,1902.946770343256,1988.2690846993448,1811.0,1911.0,0.36259162325551547,0.5,validation,
2381,I5CAX0Wh,2025-09-18 19:04:07.534000+00:00,player_206a863fb3,player_315ca9289e,1.0,0.7102000606202209,0.5530468951694625,1679.19473361849,1523.4817677201572,1620.0,1583.0,0.5172625244323762,0.5,validation,
2382,UxTBvMoZ,2025-09-18 19:04:07.534000+00:00,player_26faf633c9,player_ea0bb659d0,1.0,0.7667457287858086,0.6924633925795177,1969.757042808989,1763.028338666355,1870.0,1729.0,0.6622877974308888,0.5,validation,
2383,afIjHRO0,2025-09-18 19:04:07.534000+00:00,player_08095bbe41,player_a71ab86adb,1.0,0.6157390307129139,0.672509643334985,1618.608626264275,1536.7004623514858,1624.0,1499.0,0.6775605800851006,0.5,validation,
2384,ayXn7Iet,2025-09-18 19:04:07.534000+00:00,player_f6e01d421a,player_649e6e0396,1.0,0.9762213401411253,0.9824288133815969,2416.533789699658,1771.1894206997513,2412.0,1713.0,0.9834891447206308,0.5,validation,
2385,fzL5aPYm,2025-09-18 19:04:07.534000+00:00,player_032940e141,player_aeb4606df7,0.0,0.514006081865858,0.6479830132503057,1798.310762014295,1788.575792690537,1838.0,1732.0,0.676301669492737,0.5,validation,
2386,jGEwD7dJ,2025-09-18 19:04:07.534000+00:00,player_dd8b5d8e20,player_c82858060a,0.0,0.626358741010702,0.6320700121000735,1591.8492260403123,1502.1018997479412,1565.0,1471.0,0.6347433350523167,0.5,validation,
2387,jb5P9CIM,2025-09-18 19:04:07.534000+00:00,player_acc164288c,player_d3ab849fc2,1.0,0.5813263936632959,0.6117705007810643,1440.8191599789156,1383.801376730901,1439.0,1360.0,0.6334077000711676,0.5,validation,
2388,8ExVIa82,2025-09-18 19:04:07.535000+00:00,player_bb0b4d71cc,player_24fdf773bb,1.0,0.9157613047455628,0.9331715354303313,1682.5082627980398,1268.0,1726.0,1268.0,0.9504081671359688,0.5,validation,
2389,E26YeSw7,2025-09-18 19:04:07.535000+00:00,player_d4212300c7,player_a43116799c,0.0,0.16393628379047376,0.09830174539780497,1334.392061254447,1617.4177773226481,1373.0,1758.0,0.08535924209948728,0.5,validation,
2390,EbiC00xu,2025-09-18 19:04:07.535000+00:00,player_fe766c1bc8,player_076a4e5b74,0.0,0.5686413918836677,0.5686413918836677,1910.0,1862.0,1910.0,1862.0,0.5686413918836677,0.5,validation,
2391,HmzQ6TFq,2025-09-18 19:04:07.535000+00:00,player_8a166b3122,player_e00ac6b07f,0.5,0.4645439530063276,0.45979177167625435,1717.2321123125655,1741.910918822708,1731.0,1759.0,0.4512256641402582,0.5,validation,
2392,ITwJNRgG,2025-09-18 19:04:07.535000+00:00,player_0b1e14e955,player_21447cc334,0.0,0.23909311048964227,0.399221754109989,1103.4504519408606,1304.556233678876,1288.0,1359.0,0.13885906434295667,0.5,validation,
2393,Kd7hZ6bn,2025-09-18 19:04:07.535000+00:00,player_c78f26ab0a,player_c0056938ef,1.0,0.5709489114633296,0.7199190059471519,1627.8592428393654,1578.2239463817327,1696.0,1532.0,0.7512407935337106,0.5,validation,
2394,NsVlKcaw,2025-09-18 19:04:07.535000+00:00,player_9f940aba7b,player_7a1e762a33,1.0,0.5896835031399501,0.5896835031399501,1771.0,1708.0,1771.0,1708.0,0.5896835031399501,0.5,validation,
2395,ZlE0E3YA,2025-09-18 19:04:07.535000+00:00,player_1cd18ecef2,player_6fd62fa19c,1.0,0.5344839447268315,0.5344839447268315,1682.0,1658.0,1682.0,1658.0,0.5344839447268315,0.5,validation,
2396,bknHzhnw,2025-09-18 19:04:07.535000+00:00,player_a4886874e6,player_9b8a087a10,0.0,0.14767269844561962,0.1872623183634652,1509.45386546849,1813.9763410709447,1599.0,1854.0,0.1970908298461841,0.5,validation,
2397,edTPh73G,2025-09-18 19:04:07.535000+00:00,player_8ed1a7354e,player_e6d942eb34,0.5,0.42218450207026387,0.4355995097595788,1631.737210564794,1686.2519703015955,1608.0,1653.0,0.43135860811633236,0.5,validation,
2398,qe3vvJWD,2025-09-18 19:04:07.535000+00:00,player_0c5b2c50f8,player_9185166f82,1.0,0.4285368825916186,0.4285368825916186,1558.0,1608.0,1558.0,1608.0,0.4285368825916186,0.5,validation,
2399,zp73OZnp,2025-09-18 19:04:07.535000+00:00,player_bb1855c90d,player_45aa1de42b,1.0,0.5373473171664928,0.5373473171664928,1810.0,1784.0,1810.0,1784.0,0.5373473171664928,0.5,validation,
2400,1mlxryI7,2025-09-18 19:04:46.517000+00:00,player_9c53c9af2a,player_21ddbbfc50,1.0,0.6278714052945851,0.5854986786718095,1754.8440487298674,1663.9729839909,1693.0,1633.0,0.5756869523764296,0.5,validation,
2401,2xwqs1Fa,2025-09-18 19:04:46.517000+00:00,player_7df46c050b,player_8f3a2645e4,1.0,0.6951287341997456,0.7403284195148304,1684.2314375336969,1541.051938661627,1633.0,1451.0,0.7555188820711969,0.5,validation,
2402,5P7QxliB,2025-09-18 19:04:46.517000+00:00,player_7af80abc6c,player_4d6de79939,0.0,0.24610307800069134,0.24448111792880314,1666.9580142978646,1861.4359841957032,1694.0,1890.0,0.24130537985314435,0.5,validation,
2403,84W3k8ge,2025-09-18 19:04:46.517000+00:00,player_55c792da1b,player_13482fff35,1.0,0.9129857770891694,0.944691725284387,2028.2239463536264,1619.8744399864308,2052.0,1559.0,0.9501361462210238,0.5,validation,
2404,BgWm6GyP,2025-09-18 19:04:46.517000+00:00,player_c4fe2c55ff,player_7e313ae3e6,0.0,0.2682799866143981,0.2674927102443324,1981.2729876510878,2155.5756507113047,1940.0,2115.0,0.2641225558985236,0.5,validation,
2405,JKfr9xhe,2025-09-18 19:04:46.517000+00:00,player_025ca2fadc,player_542768fe24,0.0,0.44643915739386963,0.3868631798468569,1750.631392612011,1787.9926253887295,1626.0,1706.0,0.3692697113837977,0.5,validation,
2406,MRHP43aJ,2025-09-18 19:04:46.517000+00:00,player_4039bd1e01,player_37bee017ff,1.0,0.23820036347316728,0.3002305967379419,2015.3508610876495,2217.3101975954055,1999.0,2146.0,0.3249597989597013,0.5,validation,
2407,PnB0FRxq,2025-09-18 19:04:46.517000+00:00,player_7d30d24744,player_4ed5f92a95,1.0,0.44456629531434294,0.38141587791096926,1877.4818486499576,1916.160127161894,1766.0,1850.0,0.36259162325551547,0.5,validation,
2408,W1cCXBlu,2025-09-18 19:04:46.517000+00:00,player_dad7fc297e,player_b036680e1f,1.0,0.6083132163086373,0.5896835031399501,1686.9756863731054,1610.5003526532664,1735.0,1672.0,0.584100958813678,0.5,validation,
2409,ovlx1BRk,2025-09-18 19:04:46.517000+00:00,player_7ac78dcfca,player_2974fd4830,0.0,0.6318571851369976,0.6090326034042396,2042.8636655785642,1949.0226256761455,1976.0,1899.0,0.5993967967092568,0.5,validation,
2410,qXT4ogOi,2025-09-18 19:04:46.517000+00:00,player_45636c392b,player_c6de4a3953,0.0,0.7494842593515694,0.7801296039931584,1875.8912548103026,1685.520255944109,1892.0,1672.0,0.7869632793894692,0.5,validation,
2411,u1do2tms,2025-09-18 19:04:46.517000+00:00,player_05bddac032,player_02c1b57fd3,1.0,0.44557319601736506,0.6360768996878818,2050.712146692349,2088.6822110108355,2124.0,2027.0,0.6788169197947567,0.5,validation,
2412,usvvG4id,2025-09-18 19:04:46.517000+00:00,player_eaa0f84f04,player_15e747c062,0.0,0.7901921970365607,0.834459181708983,2139.5082417554663,1909.1438014342484,2097.0,1816.0,0.8452938106179996,0.5,validation,
2413,xXyXRJTF,2025-09-18 19:04:46.517000+00:00,player_98688a5bf7,player_3d937e1bd2,1.0,0.5103807173725032,0.550199353253537,1980.931767704445,1973.7174698048307,1991.0,1956.0,0.5601501452319029,0.5,validation,
2414,3OBHx3h0,2025-09-18 19:04:46.518000+00:00,player_b2c2b98932,player_165ac3281b,0.0,0.4569335079777882,0.4569335079777882,1754.0,1784.0,1754.0,1784.0,0.4569335079777882,0.5,validation,
2415,72mtYyYc,2025-09-18 19:04:46.518000+00:00,player_0f2b14cf25,player_e130fe568b,0.0,0.48541004054911085,0.42571979634547563,1595.7354721035153,1605.8764932170081,1645.0,1697.0,0.39646368147382194,0.5,validation,
2416,H2YfFuQr,2025-09-18 19:04:46.518000+00:00,player_563ade11f6,player_d702984f4a,0.0,0.6725109144192899,0.676301669492737,1717.5290871519805,1592.5280845650043,1700.0,1572.0,0.6775605800851006,0.5,validation,
2417,RhFESjZZ,2025-09-18 19:04:46.518000+00:00,player_ad4ef3620e,player_d1ab878e39,1.0,0.6949657504339283,0.6936879164219654,1513.0,1369.9540812293897,1513.0,1371.0,0.6924633925795177,0.5,validation,
2418,TeLsboMz,2025-09-18 19:04:46.518000+00:00,player_c3438a1bfd,player_ae4cc61cb3,0.0,0.34288131351292145,0.34288131351292145,1537.0,1650.0,1537.0,1650.0,0.34288131351292145,0.5,validation,
2419,X09GMUhy,2025-09-18 19:04:46.518000+00:00,player_bf3973fa8d,player_bfcbc58a7a,1.0,0.8609336549077983,0.8705002577432696,1584.2647564585218,1267.5656986786414,1572.0,1241.0,0.8730738822502696,0.5,validation,
2420,XWaO9XBS,2025-09-18 19:04:46.518000+00:00,player_c1375536fa,player_a085c713bc,0.0,0.9411546476052854,0.935986774333214,1966.5185323576543,1484.939003057951,1923.0,1457.0,0.9584042709678974,0.5,validation,
2421,cGm1EpOW,2025-09-18 19:04:46.518000+00:00,player_b0bebdfa76,player_79d211a001,1.0,0.8303425974433076,0.8841193563384137,1690.7816986738833,1414.9078968506142,1742.0,1389.0,0.8943199698511277,0.5,validation,
2422,fVJkRtEa,2025-09-18 19:04:46.518000+00:00,player_fb9f3bd030,player_0e042d72f3,0.0,0.0007940503180694829,0.0006993525597109763,1024.0772050829771,2264.0,1002.0,2264.0,0.0006795239781809141,0.5,validation,
2423,gFyn3XJb,2025-09-18 19:04:46.518000+00:00,player_2d1b4ef804,player_8d1936f6be,0.0,0.07691241532008342,0.054412860433875235,1382.8432497047834,1814.5418336654386,1345.0,1841.0,0.05013728806915506,0.5,validation,
2424,wpaR7K6F,2025-09-18 19:04:46.518000+00:00,player_873da49cd4,player_6052c7f953,1.0,0.9338531957163537,0.9403268663710864,1694.9078968506142,1235.0,1714.0,1235.0,0.9443901832417966,0.5,validation,
2425,xOFYsC9W,2025-09-18 19:04:46.518000+00:00,player_87128e2636,player_2634af460e,1.0,0.45349177022096493,0.4640840730548977,1447.060996942049,1479.4719154349957,1476.0,1501.0,0.46551605527316847,0.5,validation,
2426,2Fw4ZZFk,2025-09-18 19:05:24.250000+00:00,player_376b0a0d0e,player_32d0daef58,1.0,0.6544138631540877,0.655820505912395,1649.5162242296713,1538.597752864417,1639.0,1527.0,0.6492949471109635,0.5,validation,
2427,7QW8W7v1,2025-09-18 19:05:24.250000+00:00,player_668863653e,player_2c01509854,1.0,0.8211844986330964,0.7811154027299616,1879.9421703531634,1615.1279391729884,1862.0,1641.0,0.7639246991448386,0.5,validation,
2428,JLM0XRcW,2025-09-18 19:05:24.250000+00:00,player_918f0c414b,player_789b2b0faf,1.0,0.8754290257229133,0.9194563824269116,1730.6529448778965,1391.931312526807,1717.0,1294.0,0.92758110507346,0.5,validation,
2429,KHbm9BB1,2025-09-18 19:05:24.250000+00:00,player_68cd6a7975,player_7b8d0ade12,1.0,0.5244134505811344,0.45979177167625435,1657.0259036392656,1640.0482000662403,1691.0,1719.0,0.42150324765525726,0.5,validation,
2430,SzM5aeuH,2025-09-18 19:05:24.250000+00:00,player_d539a5e529,player_fe15c1f5ed,0.0,0.23690151197967646,0.1308031345449462,1551.93325243715,1755.1383566461973,1463.0,1792.0,0.10732333999384593,0.5,validation,
2431,W3k5R3lt,2025-09-18 19:05:24.250000+00:00,player_b8849af3fd,player_80e7015e8d,0.0,0.8346423704405802,0.7425355589430698,1988.8832490396032,1707.6527730991118,1964.0,1780.0,0.7021826020905207,0.5,validation,
2432,XP2tyjbY,2025-09-18 19:05:24.250000+00:00,player_a5f43760a2,player_8f396e4253,0.0,0.591905007685489,0.47986327796418354,1776.2531897820302,1711.6568903367622,1758.0,1772.0,0.43701527189640416,0.5,validation,
2433,gcSkxvOe,2025-09-18 19:05:24.250000+00:00,player_19c14d418c,player_4bca831314,0.0,0.2838389462197425,0.18292116580002576,1587.7296594587117,1748.5051449599166,1543.0,1803.0,0.15927695733838498,0.5,validation,
2434,hzwsPMKg,2025-09-18 19:05:24.250000+00:00,player_658a5de3ae,player_5203491a82,1.0,0.7639246991448386,0.7639246991448386,1774.0,1570.0,1774.0,1570.0,0.7639246991448386,0.5,validation,
2435,nVYew5tv,2025-09-18 19:05:24.250000+00:00,player_cd4070b519,player_343e0b1ee2,0.0,0.08173871991751915,0.0664703715245584,1321.1083936449743,1741.32376960896,1333.0,1792.0,0.06366918853058397,0.5,validation,
2436,nr54df47,2025-09-18 19:05:24.250000+00:00,player_54f56d1fc6,player_30f0782407,0.0,0.39392533001140534,0.269754586702576,1703.0512457666778,1777.8961362322432,1693.0,1866.0,0.22384542465816928,0.5,validation,
2437,o5f4fbh6,2025-09-18 19:05:24.250000+00:00,player_e97101712a,player_936cb6f247,0.0,0.49280491829094863,0.49280491829094863,1934.0,1939.0,1934.0,1939.0,0.49280491829094863,0.5,validation,
2438,oZdzKizn,2025-09-18 19:05:24.250000+00:00,player_39b4740e9d,player_c2ae71ed7e,1.0,0.8338452220106217,0.761842109917936,1832.4029752481222,1552.1739312133345,1803.0,1601.0,0.7436345220073278,0.5,validation,
2439,pTqzgXCp,2025-09-18 19:05:24.250000+00:00,player_3794ccac0e,player_b2eca59be9,0.0,0.07841759871436683,0.08949191595077233,1597.9645456628289,2026.012799056943,1595.0,1998.0,0.09138595328508632,0.5,validation,
2440,qvAY5Ib6,2025-09-18 19:05:24.250000+00:00,player_86b23a224d,player_c915911c44,0.0,0.010966261037593732,0.028189135046561696,1188.9261899529913,1970.987200943057,1383.0,1998.0,0.03542705695208463,0.5,validation,
2441,v2ScG8cJ,2025-09-18 19:05:24.250000+00:00,player_b8d557fe65,player_399f4200e6,0.0,0.39292412222824274,0.3882294992189357,1593.8596012461342,1669.4333151765186,1538.0,1617.0,0.3854986389914422,0.5,validation,
2442,vt8soZBO,2025-09-18 19:05:24.250000+00:00,player_3288d41c63,player_e645302cf0,1.0,0.8561035036999785,0.8526729520561114,1780.5008854091955,1470.7104634427296,1809.0,1504.0,0.8526729520561114,0.5,validation,
2443,ydYTAa2R,2025-09-18 19:05:24.250000+00:00,player_adcfd517c2,player_497848644b,1.0,0.21970408789801166,0.1872623183634652,1645.1546733142916,1865.3231509337143,1619.0,1874.0,0.17697537107826786,0.5,test,-0.2162710095032705
2444,zPcHspYJ,2025-09-18 19:05:24.250000+00:00,player_98459f9e7a,player_c343e7f336,0.0,0.2791740725815355,0.2054180849637705,1636.5512124469494,1801.3333393772807,1480.0,1715.0,0.19257581832872078,0.5,test,-0.10281952746539133
2445,666cZWQz,2025-09-18 19:06:00.908000+00:00,player_9b674ea365,player_2b7c501ae4,0.0,0.2663115091788364,0.293024705191459,1753.8972790956607,1929.9459873855435,1742.0,1895.0,0.30265492141014677,0.5,test,-0.1536236870938302
2446,6iLCTmrK,2025-09-18 19:06:00.908000+00:00,player_38ca9183e1,player_df147156b7,0.0,0.5018311431077873,0.5,2036.9438580417193,2035.671443797355,1931.0,1931.0,0.5043172397550598,0.5,test,-0.15862665089629766
2447,M0ajcIWN,2025-09-18 19:06:00.908000+00:00,player_7e1d5365e3,player_d1a9c42e72,0.0,0.11594432138769233,0.07678931969710022,1643.0267893755322,1995.918843415576,1607.0,2039.0,0.06682846456966873,0.5,test,-0.10455765883461489
2448,M4E8BCF9,2025-09-18 19:06:00.908000+00:00,player_935717ae79,player_68ef323e8d,1.0,0.34761317745087317,0.3719551943780582,1501.8531797664384,1611.2167592581131,1531.0,1622.0,0.37599824138233284,0.5,test,-0.026063495115621796
2449,PXZhJWYc,2025-09-18 19:06:00.908000+00:00,player_d244185209,player_ceb09b75c0,0.0,0.2655171089008177,0.27431435372821295,1905.622239894396,2082.377909209976,1921.0,2090.0,0.27089003710224746,0.5,test,-0.03340563582543095
2450,QAPpeJWm,2025-09-18 19:06:00.908000+00:00,player_a34bfe0ed8,player_c2c41d6ebe,1.0,0.35718740515938213,0.4712494361077314,1868.9055701807474,1970.9808664565105,1942.0,1962.0,0.5043172397550598,0.5,test,0.3115392897190759
2451,QHyEOv5H,2025-09-18 19:06:00.908000+00:00,player_a0cfb76086,player_ba1bfc0b56,0.0,0.045959166297847936,0.04228965839762543,1245.4983208227436,1772.376249338961,1178.0,1720.0,0.040018682017058875,0.5,test,0.3177466404020835
2452,QnXJzcPC,2025-09-18 19:06:00.908000+00:00,player_16ec20cd15,player_c4e2ba07e4,1.0,0.8917068166991322,0.9047175302821824,2210.2762239307053,1844.0278373056913,2157.0,1766.0,0.9047175302821824,0.5,test,0.33223201642482425
2453,TW2Pd7lN,2025-09-18 19:06:00.908000+00:00,player_621cb0eb56,player_b3844c21b4,0.0,0.6250110585068479,0.6117705007810643,1944.550910627505,1855.8032142125082,1910.0,1831.0,0.6090326034042396,0.5,test,0.37395965208392423
2454,XgQqUgGb,2025-09-18 19:06:00.908000+00:00,player_930678778f,player_7b3de668c2,0.5,0.9577911357518463,0.9560478979006847,1719.7802504453111,1177.4333916375422,1720.0,1185.0,0.9684796873667971,0.5,test,0.23350950584352026
2455,YIAsLuET,2025-09-18 19:06:00.908000+00:00,player_0d374b7141,player_0008d08957,1.0,0.38913324152659234,0.35993500019711494,1536.6246930050836,1614.9639573995332,1538.0,1638.0,0.34158547908308745,0.5,test,0.10318565014007763
2456,c5ilTL82,2025-09-18 19:06:00.908000+00:00,player_4fb35a570a,player_21485bca27,0.0,0.584381162994099,0.6131368201531431,1789.459949667811,1730.2595554186535,1823.0,1743.0,0.6172250309049463,0.5,test,0.020864335548335777
2457,jatXN1LQ,2025-09-18 19:06:00.908000+00:00,player_4151474c72,player_bb807b6d8f,1.0,0.980886864646441,0.9875672647455576,2181.2783721408036,1497.1635787622376,2210.0,1450.0,0.9891541405229187,0.5,test,0.029257383597467386
2458,l6SohNvg,2025-09-18 19:06:00.908000+00:00,player_c115812a60,player_6fffeaa105,0.0,0.10025485874416218,0.0506884227090081,1482.1038009301903,1863.3094331960328,1380.0,1889.0,0.04299464504873258,0.5,test,0.09095482375522379
2459,lFpfuT8H,2025-09-18 19:06:00.908000+00:00,player_2ecd10721c,player_60586e4852,0.0,0.005681618785790438,0.0038753744936250102,1255.8141291910088,2153.0354800093282,1183.0,2147.0,0.003535589148648061,0.5,test,0.09311079021922836
2460,vDwXhrrE,2025-09-18 19:06:00.908000+00:00,player_10365fd30d,player_928c2e13f3,1.0,0.808518783879937,0.8065275228171078,2123.824516476022,1873.5989416704876,2054.0,1806.0,0.8144835875047122,0.5,test,0.10046115591849056
2461,vFHoXzE3,2025-09-18 19:06:00.908000+00:00,player_ccc6f98b3c,player_06cd8b8e81,0.0,0.8850639306810548,0.9061958467735052,2165.255358271214,1810.6480376818179,2135.0,1741.0,0.9100379198115163,0.5,test,-0.14452664859257572
2462,vu20Ba7V,2025-09-18 19:06:00.908000+00:00,player_8824ea67c7,player_4a2bd4876a,1.0,0.22825396663931363,0.30265492141014677,1597.077734457737,1808.7001634342414,1689.0,1834.0,0.3174296145252281,0.5,test,0.18527056081979784
2463,0mRMdoJe,2025-09-18 19:06:00.909000+00:00,player_1f4011309e,player_8e039bf92f,0.0,0.5180765327363913,0.5330513938844411,1499.2846419487125,1486.7183036485503,1522.0,1499.0,0.5344839447268315,0.5,test,0.15063182749219114
2464,2lJ6T12s,2025-09-18 19:06:00.909000+00:00,player_27908e1e38,player_75db2b9a01,1.0,0.8559870963369058,0.8698499490743091,2001.6263243856754,1692.0,2022.0,1692.0,0.8730738822502696,0.5,test,0.17039670839363508
2465,42fKZcLy,2025-09-18 19:06:00.909000+00:00,player_3d512f25bc,player_003e58a5a1,1.0,0.8592000977506813,0.8762293189310646,1781.1967857874918,1467.0,1807.0,1467.0,0.8793171534540078,0.5,test,0.19354051514346554
2466,7eXXp2Dv,2025-09-18 19:06:00.909000+00:00,player_828fdd18a7,player_6b5f4b6cde,1.0,0.626699081666732,0.626699081666732,1570.0,1480.0,1570.0,1480.0,0.626699081666732,0.5,test,0.19354051514346554
2467,94DFdVe8,2025-09-18 19:06:00.909000+00:00,player_c915911c44,player_3daff1dd75,1.0,0.8798325438750784,0.8959410508417222,1971.689041649463,1625.8437798797283,1998.0,1624.0,0.8991173716432768,0.5,test,0.2152225007809863
2468,Eit1XpTn,2025-09-18 19:06:00.909000+00:00,player_fca3ee066f,player_86b23a224d,1.0,0.7889531917981775,0.6532171672188698,1417.293328876698,1188.2243492465852,1493.0,1383.0,0.6172250309049463,0.5,test,-0.030250817072243696
2469,WXCqvKaM,2025-09-18 19:06:00.909000+00:00,player_e9511be4ec,player_d0047f4ae9,1.0,0.24554595805781354,0.24554595805781354,1714.0,1909.0,1714.0,1909.0,0.24554595805781354,0.5,test,-0.030250817072243696
2470,ntPVyn0q,2025-09-18 19:06:00.909000+00:00,player_12757b7f00,player_8251e714f6,1.0,0.9671272136891794,0.9686549405484961,1297.064107763807,709.605272836654,1305.0,709.0,0.9688292506827381,0.5,test,-0.02849247439935075
2471,pT35HlS1,2025-09-18 19:06:00.909000+00:00,player_532343cfb4,player_c97686439f,1.0,0.332184684732886,0.41171002813683716,1317.9262765567905,1439.2369841988943,1394.0,1456.0,0.41729811503576986,0.5,test,0.19961730257328802
2472,r3qZnbvi,2025-09-18 19:06:00.909000+00:00,player_8b1b5de140,player_5606388063,0.0,0.21370451135677,0.14445792510730254,1225.0,1451.3088374352596,1225.0,1534.0,0.13211765423936409,0.5,test,0.2983408001564649
2473,rTodLWFE,2025-09-18 19:06:00.909000+00:00,player_f2139f750e,player_91842e1e7a,0.0,0.1294494958637896,0.1067730871742089,1152.0,1483.0774431693192,1152.0,1521.0,0.10193172098897373,0.5,test,0.32946112518837267
2474,roZ2SnwC,2025-09-18 19:06:00.909000+00:00,player_4dc1a871d1,player_49b78ee6d5,1.0,0.09947044466189535,0.09528246971781763,1412.0714629194445,1794.7930275374829,1381.0,1772.0,0.09283006384728522,0.5,test,0.26037111492123566
2475,xrBMHfeA,2025-09-18 19:06:00.909000+00:00,player_423c23d4ca,player_07037b2789,0.0,0.5980137657693436,0.5980137657693436,1311.0,1242.0,1311.0,1242.0,0.5980137657693436,0.5,test,0.26037111492123566
2476,0Q1zWZSQ,2025-09-18 19:06:38.561000+00:00,player_3a5f3f5148,player_fe07396c8e,1.0,0.8262362549025798,0.7670249181450214,2089.4749275964905,1818.6168958195271,2010.0,1803.0,0.7544540419421866,0.5,test,0.16948472382643645
2477,1wfIkx7B,2025-09-18 19:06:38.561000+00:00,player_11f890c0d7,player_88e5dd9bf7,0.0,0.293091930441093,0.2520004588039456,1586.6912927393757,1739.6349239008503,1629.0,1818.0,0.24554595805781354,0.5,test,0.23457845971070354
2478,B7ahOpBX,2025-09-18 19:06:38.561000+00:00,player_c82858060a,player_26bacb70a7,0.0,0.1694069573377196,0.09678159570481917,1542.188859172626,1818.3716778444289,1478.0,1866.0,0.08717418825458685,0.5,test,0.3289835805242157
2479,IEVgtz3c,2025-09-18 19:06:38.561000+00:00,player_05b4376c0d,player_3e7849ca33,1.0,0.358549072681193,0.42571979634547563,1937.9633264967185,2039.00925997415,1901.0,1953.0,0.43135860811633236,0.5,test,0.5138578280470052
2480,N8wCzyUv,2025-09-18 19:06:38.561000+00:00,player_a2779f665c,player_57f89e6d2a,0.0,0.037875920948011205,0.032773891454587506,1373.3229894354922,1935.2701423987362,1328.0,1916.0,0.027258224711437025,0.5,test,0.5248330621106647
2481,OWh63Rqd,2025-09-18 19:06:38.561000+00:00,player_649f518fcf,player_a235f79571,1.0,0.9082233346902708,0.9011868291216677,2120.291023822232,1722.106870913752,2063.0,1679.0,0.8991173716432768,0.5,test,0.5147563343891985
2482,RIrMlCGh,2025-09-18 19:06:38.561000+00:00,player_2a2129d64b,player_9a46ffbbd8,0.0,0.21032544754541502,0.10898908895423456,1729.2626263703169,1959.0851548631197,1675.0,2040.0,0.09186506426819295,0.5,test,0.6545284079191865
2483,S9GBTdaW,2025-09-18 19:06:38.561000+00:00,player_80d88cf3a0,player_b078c0ad01,0.0,0.19533439065917987,0.1562177520757074,1592.31348444021,1838.2481757536318,1585.0,1878.0,0.1430408607355515,0.5,test,0.717491847579534
2484,dByiucOM,2025-09-18 19:06:38.561000+00:00,player_e558f7f0c0,player_f6e01d421a,1.0,0.033324132288436926,0.026654290031059315,1833.0468131013715,2418.055623930626,1787.0,2412.0,0.02505982123938214,0.5,test,0.4324758358478058
2485,dYrpaa57,2025-09-18 19:06:38.561000+00:00,player_17459335f4,player_7462a888ca,0.0,0.8251388968262328,0.8475387239958501,1933.1706057349825,1663.637067270945,1918.0,1620.0,0.8541133619456244,0.5,test,0.2513137416489899
2486,lwNvmD5J,2025-09-18 19:06:38.561000+00:00,player_39aa036cb7,player_76a12ceccb,0.0,0.07281715282148864,0.039798119539987166,1239.159629159579,1681.132307063964,1151.0,1704.0,0.034456552372939604,0.5,test,0.29185405037403106
2487,7jsz1w4g,2025-09-18 19:06:38.562000+00:00,player_f1b643f60c,player_ef3c7b9cb8,1.0,0.4469731643177842,0.5230095872975623,1231.457987948996,1268.4438905710297,1195.0,1179.0,0.45265148195413535,0.5,test,0.3044779665134621
2488,9F9cAKBH,2025-09-18 19:06:38.562000+00:00,player_22ccce2c6e,player_30fca02e05,1.0,0.9190689287497815,0.92758110507346,1974.0310225986302,1551.937904590404,1945.0,1502.0,0.9291127058412668,0.5,test,0.3153468938731117
2489,DLWr9C3V,2025-09-18 19:06:38.562000+00:00,player_8150304f9f,player_64df42e6aa,0.0,0.1089761132423638,0.09528246971781763,1347.309544943536,1712.3327579901122,1325.0,1716.0,0.08226538120060121,0.5,test,0.3448839203823597
2490,HXDnDYpz,2025-09-18 19:06:38.562000+00:00,player_9e68aac109,player_0ab0ebacb4,0.0,0.08811915328632108,0.0593509431027676,1543.6625032999614,1949.6096146351913,1552.0,2032.0,0.055912905511951876,0.5,test,0.37959301237672616
2491,KKrvWrjH,2025-09-18 19:06:38.562000+00:00,player_04d4b5b801,player_aeced0232c,1.0,0.34494740570126287,0.24448111792880314,1724.6814922176252,1836.090807397313,1699.0,1895.0,0.23607530085516135,0.5,test,0.00035187976266959353
2492,LI6HQdon,2025-09-18 19:06:38.562000+00:00,player_50de10a2d8,player_f58210e4f4,0.0,0.8898878421811328,0.8898878421811328,1716.0,1353.0,1716.0,1353.0,0.8898878421811328,0.5,test,0.00035187976266959353
2493,NzZTAVei,2025-09-18 19:06:38.562000+00:00,player_7129444c47,player_a0761cb3ca,0.0,0.5573954502232448,0.525880930891169,1802.3930490805546,1762.334030893543,1772.0,1754.0,0.5201367220358165,0.5,test,0.08117639829366663
2494,UM3EOR9U,2025-09-18 19:06:38.562000+00:00,player_bfcbc58a7a,player_6fb1613252,0.0,0.07080263758496633,0.041825819962989425,1258.6654525927404,1705.8888652935261,1239.0,1783.0,0.0370348483712476,0.5,test,0.11687245979802566
2495,cyqeTZyN,2025-09-18 19:06:38.562000+00:00,player_8b35fd0d98,player_eea014ce1f,1.0,0.9478061734376041,0.9514822459033807,1686.0592558016108,1182.4190977955373,1735.0,1218.0,0.9550701200574039,0.5,test,0.12450719877581173
2496,hCaohiFy,2025-09-18 19:06:38.562000+00:00,player_d78bcee283,player_bf3973fa8d,0.0,0.5696664476418923,0.5896835031399501,1641.8911755190004,1593.1650025444228,1637.0,1574.0,0.5924662305843318,0.5,test,0.07007038661112697
2497,ptPo5Xfn,2025-09-18 19:06:38.562000+00:00,player_85342f5a9d,player_081a214af1,1.0,0.820017169189361,0.8658895824550439,1489.7826797415878,1226.345932802944,1497.0,1173.0,0.8768522650807969,0.5,test,0.13708363185032543
2498,vJGlLXqk,2025-09-18 19:06:38.562000+00:00,player_592792b68b,player_db06ce1c13,0.0,0.5966339609189474,0.6427130688326204,2028.8798619016404,1960.876406048962,2025.0,1923.0,0.6532171672188698,0.5,test,-0.014062061518937213
2499,CyS9VG1D,2025-09-18 19:07:16.319000+00:00,player_8a7f244524,player_37a20655c3,0.0,0.3608199738257344,0.25636547799267223,2069.3667986910846,2168.6998484979526,1931.0,2116.0,0.2248471343503159,0.5,test,0.17881204858265035
2500,DTOty5Ir,2025-09-18 19:07:16.319000+00:00,player_2ee848a5c6,player_89d6485cc7,1.0,0.3360162041995378,0.15395489956790523,1972.4438838225315,2090.762787519313,1888.0,2184.0,0.12439633135900663,0.5,test,-0.814874647815025
2501,FI3laEmC,2025-09-18 19:07:16.319000+00:00,player_9ead8cc339,player_7f5ab1205b,0.0,0.7027445797283269,0.49568276024494023,2054.566816681758,1905.0997278342047,1923.0,1926.0,0.43843206102635396,0.5,test,-0.1787336555837068
2502,PEou0sHn,2025-09-18 19:07:16.319000+00:00,player_25d490f1a0,player_2ff421b778,1.0,0.4255618415839777,0.3211830802052434,1918.5642240704294,1970.676464725073,1816.0,1946.0,0.308763847585237,0.5,test,-0.49956719424431073
2503,RFDaw5JK,2025-09-18 19:07:16.319000+00:00,player_6a7243015c,player_80dc495080,0.0,0.6878767289068011,0.6571186864870786,2073.571846134905,1936.2980590774232,2051.0,1938.0,0.6506046279338725,0.5,test,-0.3867612514424932
2504,0pMd0O4A,2025-09-18 19:07:16.320000+00:00,player_c94197573d,player_33d1275475,1.0,0.9051235431173271,0.9279668414961574,1956.8500666165355,1565.0303051549354,1980.0,1536.0,0.9320864847027436,0.5,test,-0.3574070924315358
2505,1A3TDPxZ,2025-09-18 19:07:16.320000+00:00,player_e88198d0d4,player_89a0fb5aaa,0.0,0.7976295516852142,0.8611409356570433,1613.3371029489354,1375.0754460851413,1723.0,1406.0,0.8829346041256821,0.5,test,-0.9047742950887936
2506,2x7tO8DY,2025-09-18 19:07:16.320000+00:00,player_7f5cbf43bb,player_2ece99a10a,1.0,0.9345497337671753,0.936673124689052,1898.0792202133762,1436.202819962595,1873.0,1405.0,0.9380252840746419,0.5,test,-0.9010622362764505
2507,3CFbIaHA,2025-09-18 19:07:16.320000+00:00,player_08095394df,player_f931cf221d,0.0,0.7123707649186319,0.7105400123698378,1814.518202108341,1656.9689774013698,1790.0,1634.0,0.7105400123698378,0.5,test,-0.8947174333642337
2508,3NKTQ22d,2025-09-18 19:07:16.320000+00:00,player_599ee886a6,player_dbc760c330,1.0,0.8922048451613561,0.9252264436735518,2008.093564283147,1640.947429608525,2065.0,1628.0,0.9313540665199443,0.5,test,-0.8517736738878315
2509,8mVM5BeZ,2025-09-18 19:07:16.320000+00:00,player_1769f849c7,player_fe766c1bc8,0.0,0.005734361309082623,0.004818394341876393,978.0,1873.6069509194454,978.0,1904.0,0.00465557564952992,0.5,test,-0.8506892545985346
2510,BCvNDPcU,2025-09-18 19:07:16.320000+00:00,player_d1b2e47a87,player_52e310c69a,1.0,0.14086533722633257,0.10140597110901775,1385.8490602020725,1699.9519010858587,1365.0,1744.0,0.09043446919256597,0.5,test,-1.2938681423874883
2511,DtUFOvkr,2025-09-18 19:07:16.320000+00:00,player_a43116799c,player_005626c64d,1.0,0.864780804259277,0.9331715354303313,1627.9096994852384,1305.5626225197616,1759.0,1301.0,0.9449917274674352,0.5,test,-1.2051680382734569
2512,P1hpKcMn,2025-09-18 19:07:16.320000+00:00,player_bcffd808b4,player_82caa1c0b9,1.0,0.39096739659576046,0.39096739659576046,1562.0,1639.0,1562.0,1639.0,0.39096739659576046,0.5,test,-1.2051680382734569
2513,Pn1WLMwl,2025-09-18 19:07:16.320000+00:00,player_025a8fd90a,player_9cb6024ca1,1.0,0.34393955677064864,0.3236983305072631,1580.2090150133663,1692.393705318284,1568.0,1696.0,0.3161836858063414,0.5,test,-1.2893106442425153
2514,QMVPJaTg,2025-09-18 19:07:16.320000+00:00,player_a7ac2ec840,player_07a7cd4f02,1.0,0.6235222324045618,0.6479830132503057,1794.5498036664887,1706.9047601613438,1809.0,1703.0,0.6622877974308888,0.5,test,-1.2289948653651817
2515,ZhTDhFhx,2025-09-18 19:07:16.320000+00:00,player_f9c52ce45a,player_0925283c12,1.0,0.8960952952393649,0.9128258117454132,1173.433475722318,799.1458819276761,1187.0,779.0,0.9123666522054631,0.5,test,-1.210999688770022
2516,fpqmfkHD,2025-09-18 19:07:16.320000+00:00,player_3bb3b05c3d,player_bbe1117cf1,1.0,0.46122190794282847,0.46122190794282847,1781.0,1808.0,1781.0,1808.0,0.46122190794282847,0.5,test,-1.210999688770022
2517,mfRdUeb2,2025-09-18 19:07:16.320000+00:00,player_3b38c16574,player_9f1e963216,0.0,0.4051508706921268,0.2169225565903239,1525.3193753958776,1592.0353968636255,1510.0,1733.0,0.21111293178984536,0.5,test,-0.9286843201864661
2518,qo9YWWKH,2025-09-18 19:07:16.320000+00:00,player_1fadf8584b,player_b2806ec8b0,1.0,0.48056042503285296,0.4569335079777882,1639.079877403071,1652.5946899830321,1596.0,1626.0,0.4555054269169921,0.5,test,-0.9822296643546219
2519,rlAsZuIb,2025-09-18 19:07:16.320000+00:00,player_2ff26cc8dc,player_b3d13eaadc,0.0,0.27787787194058833,0.30999379271968613,1587.603448550595,1753.5061241704625,1582.0,1721.0,0.3161836858063414,0.5,test,-1.036734606322663
2520,w38BQUMj,2025-09-18 19:07:16.320000+00:00,player_4ffe569776,player_a166515585,1.0,0.31332616644773736,0.2169225565903239,1467.5140323914227,1603.8155657184952,1351.0,1574.0,0.20076000891310175,0.5,test,-1.481869110434342
2521,x3g0asAb,2025-09-18 19:07:16.320000+00:00,player_f055c06ad8,player_4802d3675e,0.5,0.4065879937744459,0.3546475495606176,1985.0500768980892,2050.730788430283,1923.0,2027.0,0.34678283278113026,0.5,test,-1.5134095747522351
2522,ym8IlaKC,2025-09-18 19:07:16.320000+00:00,player_58a6586709,player_852263db7a,1.0,0.6549469314310967,0.6466688423256146,1828.0,1716.6719128954524,1828.0,1723.0,0.6453524504393825,0.5,test,-1.528167184044861
2523,86y4NTW9,2025-09-18 19:07:54.156000+00:00,player_6e7ce99497,player_6ebc78a27e,0.0,0.3363010904174474,0.29541540733727906,1743.480604702046,1861.5777361645492,1716.0,1867.0,0.2720284864558038,0.5,test,-1.4357338635740347
2524,F7Tpl8hw,2025-09-18 19:07:54.156000+00:00,player_14b8ac2008,player_95f21b86f5,1.0,0.5430907753373427,0.6492949471109635,1681.5498286567488,1651.5328286890933,1733.0,1626.0,0.6737761878883222,0.5,test,-1.2201123529508202
2525,I2dLSvCu,2025-09-18 19:07:54.156000+00:00,player_893f809f22,player_c51f481026,0.0,0.25623167362750837,0.2423608251377483,1969.2446279760093,2154.3665746012275,1969.0,2167.0,0.24130537985314435,0.5,test,-1.2002425985723078
2526,TT95El4e,2025-09-18 19:07:54.156000+00:00,player_02fcecb30b,player_e384688a60,1.0,0.6753056521091086,0.7820980161313187,1871.6883733547645,1744.4781109823145,1903.0,1681.0,0.7992399910868982,0.5,test,-1.0317467399131932
2527,V2aWdzWL,2025-09-18 19:07:54.156000+00:00,player_d6a4bed269,player_206a863fb3,0.5,0.8988987082667943,0.9155353267032756,2077.323550496957,1697.741929738796,2039.0,1625.0,0.9190290491945513,0.5,test,-1.131689274689265
2528,W3Q9IAof,2025-09-18 19:07:54.156000+00:00,player_8855d0e065,player_7df46c050b,0.0,0.4117967971688025,0.43418479693076684,1641.8054303549104,1703.7431985449132,1590.0,1636.0,0.4398498547680971,0.5,test,-1.1805568816561447
2529,WEAu2tmv,2025-09-18 19:07:54.156000+00:00,player_19e00af498,player_4385d4a442,1.0,0.5288309418093182,0.5686413918836677,1813.8010784323533,1793.7450403332934,1810.0,1762.0,0.5784967523447427,0.5,test,-1.0907927490433407
2530,kQcQtM6o,2025-09-18 19:07:54.156000+00:00,player_f7ec6e6f48,player_44e465dc84,1.0,0.7470470076866518,0.8352528323139615,1988.3892267666379,1800.2659830704,2015.0,1733.0,0.8548291775317596,0.5,test,-0.956019204211198
2531,p4Og3Vo5,2025-09-18 19:07:54.156000+00:00,player_e6f9b441e6,player_26a6cc3796,1.0,0.4452188152232198,0.42994717641601177,1652.7920443500461,1691.0113299862303,1690.0,1739.0,0.42994717641601177,0.5,test,-0.990922729528394
2532,rfidWolh,2025-09-18 19:07:54.156000+00:00,player_934446d768,player_16ec20cd15,0.0,0.34255341730867406,0.20448009968725794,2103.954120492142,2217.2069876619607,1922.0,2158.0,0.17950479271357694,0.5,test,-0.7693781779227554
2533,u7NQYHFT,2025-09-18 19:07:54.156000+00:00,player_e5ce0ac3ce,player_6c4dd897f2,1.0,0.8544818330911857,0.8841193563384137,2229.6879974717804,1922.17375009147,2213.0,1860.0,0.8893225137109468,0.5,test,-0.7294134676717101
2534,yfYMZ0DX,2025-09-18 19:07:54.156000+00:00,player_a7ac2ec840,player_b21cbf6e60,1.0,0.7248101143100552,0.676301669492737,1818.6443807925968,1650.4076699068296,1813.0,1685.0,0.6863002576833125,0.5,test,-0.7840079515431848
2535,DWf118A4,2025-09-18 19:07:54.157000+00:00,player_b6f8562add,player_a83015db7a,1.0,0.9243877609303203,0.9168612275957299,1948.041969483613,1513.1371343265214,1942.0,1525.0,0.9190290491945513,0.5,test,-0.7898218584151503
2536,F4N0SdUD,2025-09-18 19:07:54.157000+00:00,player_d2ed955a08,player_fca3ee066f,1.0,0.6301014669744639,0.596629173305774,1523.3314773072373,1430.8003246016146,1565.0,1497.0,0.5868950233791,0.5,test,-0.860856755497462
2537,FQfjheUG,2025-09-18 19:07:54.157000+00:00,player_315ca9289e,player_a0efc8f05c,0.0,0.5428671020948543,0.672509643334985,1504.9345715998513,1475.0741526619558,1578.0,1453.0,0.700977398610108,0.5,test,-1.2853117486934975
2538,QBjG0fqa,2025-09-18 19:07:54.157000+00:00,player_be78f21c77,player_ddde7597ad,0.0,0.1998379440848642,0.1998379440848642,1818.0,2059.0,1818.0,2059.0,0.1998379440848642,0.5,test,-1.2853117486934975
2539,R7eN7zvT,2025-09-18 19:07:54.157000+00:00,player_b3844c21b4,player_c646912f35,0.0,0.3059103470471614,0.27316992772326887,1895.8039219569464,2038.1324833755223,1838.0,2008.0,0.29781739790947936,0.5,test,-1.2737193966467388
2540,T33yJguE,2025-09-18 19:07:54.157000+00:00,player_45aa1de42b,player_f141a08f49,1.0,0.9157088745755468,0.9256237164516561,1754.3902282986555,1340.0,1778.0,1340.0,0.9279668414961574,0.5,test,-1.2604218872873652
2541,TzwzLeA8,2025-09-18 19:07:54.157000+00:00,player_5a70133a46,player_b6ef45444b,1.0,0.7529491029406553,0.7093546305987634,1958.9058660712499,1765.3141920591952,1917.0,1762.0,0.7117225243427553,0.5,test,-1.3167313979741229
2542,U8zZ5tDn,2025-09-18 19:07:54.157000+00:00,player_d2243b1cd1,player_d35ed7969e,0.0,0.7207767880929379,0.730245413297424,1635.6273158990384,1470.8876064226206,1676.0,1503.0,0.7313778578393882,0.5,test,-1.355437186472741
2543,ZaL3IUJ2,2025-09-18 19:07:54.157000+00:00,player_8c5e3f847f,player_aaeeb9d45b,1.0,0.8705002577432696,0.8705002577432696,1734.0,1403.0,1734.0,1403.0,0.8705002577432696,0.5,test,-1.355437186472741
2544,iDhJ7W9A,2025-09-18 19:07:54.157000+00:00,player_2bca732ca4,player_903397cd13,0.0,0.41053081824172405,0.36259162325551547,1533.5393617008676,1596.3854975742713,1501.0,1599.0,0.35333115767438533,0.5,test,-1.2628252986670192
2545,jv6YcnIX,2025-09-18 19:07:54.157000+00:00,player_8499a5d86f,player_21c64dcd96,1.0,0.7374797836525021,0.7392202541406678,1576.7236966556761,1397.2887502102922,1604.0,1423.0,0.7392202541406678,0.5,test,-1.2604680544745
2546,pzDBuUTr,2025-09-18 19:07:54.157000+00:00,player_3c3365601e,player_9f6083310e,1.0,0.778992921926804,0.7992399910868982,1626.7421122614244,1407.8911807452696,1660.0,1420.0,0.8221846111535023,0.5,test,-1.2065050565842022
2547,wzxZWR5V,2025-09-18 19:07:54.157000+00:00,player_6e0299c725,player_75859a95e0,0.0,0.08863075641192243,0.07885479311008708,1382.0,1786.8439649520915,1382.0,1809.0,0.07678931969710022,0.5,test,-1.1935957240345925
2548,1oI78jfF,2025-09-18 19:08:30.829000+00:00,player_2a9968e536,player_160124e2e8,0.0,0.7980544743608774,0.8304449113532372,1833.6773511500032,1594.958030516387,1870.0,1594.0,0.8304449113532372,0.5,test,-1.3684158292302835
2549,5gAXlamZ,2025-09-18 19:08:30.829000+00:00,player_a061c50a68,player_76d8db066a,0.0,0.2972126596636827,0.2720284864558038,1980.8481980502163,2130.3508483029163,1935.0,2106.0,0.2663662975861926,0.5,test,-1.3254603111817405
2550,6SDAY9Kt,2025-09-18 19:08:30.829000+00:00,player_cfffc59502,player_abbe762f0d,1.0,0.9386650615693903,0.9487547111474991,2095.6096619522295,1621.688574167807,2070.0,1563.0,0.9512158141101019,0.5,test,-1.3121780591447976
2551,9WdChq1Z,2025-09-18 19:08:30.829000+00:00,player_0e042d72f3,player_3bc07fb8e4,1.0,0.984921693004082,0.9853415916855764,2264.0508192203565,1538.031170584972,2264.0,1533.0,0.9854245035095257,0.5,test,-1.3116676813063772
2552,9oT7yavo,2025-09-18 19:08:30.829000+00:00,player_61f07bf7fd,player_cb83d2fefa,1.0,0.9944920776327408,0.9935848772211726,2241.210371578569,1338.5649646111863,2225.0,1349.0,0.9932845721107639,0.5,test,-1.312882612240053
2553,AmenvGmO,2025-09-18 19:08:30.829000+00:00,player_a2a0ffb32d,player_076a4e5b74,1.0,0.7757157021254238,0.8019966441144332,2113.9545342187516,1898.3930490805546,2112.0,1869.0,0.8074241816712792,0.5,test,-1.272819544033958
2554,BsIteUfq,2025-09-18 19:08:30.829000+00:00,player_c8dd4feac5,player_68a26254e6,1.0,0.6336746387639951,0.6863002576833125,1650.9800942326788,1555.7803584787066,1693.0,1557.0,0.6973450785898532,0.5,test,-1.1770747991987653
2555,FzWgo2si,2025-09-18 19:08:30.829000+00:00,player_f1edfd8129,player_fc42350db1,0.0,0.18224277467444958,0.16874608434795343,2183.0,2443.789628421431,2183.0,2460.0,0.1663375308165619,0.5,test,-1.1578116939639715
2556,GbhM1TVc,2025-09-18 19:08:30.829000+00:00,player_94d465076b,player_f5a9fa68bd,0.0,0.25527577129894424,0.13612852365814215,1582.9298681184507,1768.9242226224085,1526.0,1847.0,0.11529218350883584,0.5,test,-0.9855682413602942
2557,HANFwPph,2025-09-18 19:08:30.829000+00:00,player_1e038bf320,player_2d67ac710b,0.0,0.07420778165994911,0.05237642552941253,1348.5383166576223,1786.9639474162366,1285.0,1788.0,0.0477267210342039,0.5,test,-0.9573660132509118
2558,SLXPGYcu,2025-09-18 19:08:30.829000+00:00,player_9e6c7990c7,player_3cb76895a1,1.0,0.5756869523764296,0.5756869523764296,1215.0,1162.0,1215.0,1162.0,0.5756869523764296,0.5,test,-0.9573660132509118
2559,TsbEVhDp,2025-09-18 19:08:30.829000+00:00,player_8eb534b9ad,player_3ad246d6ae,0.0,0.8892811421106808,0.9302417126410938,1756.8912239558222,1394.9642296932966,1882.0,1432.0,0.9349442462224661,0.5,test,-1.489115537099499
2560,UiGbCYry,2025-09-18 19:08:30.829000+00:00,player_1556d7324c,player_486e8abbbb,1.0,0.6695597147214826,0.6007782458900109,1680.1975775571775,1557.5190466674903,1642.0,1571.0,0.5910755963149433,0.5,test,-1.6137919694927678
2561,W6AXFsBc,2025-09-18 19:08:30.829000+00:00,player_26bacb70a7,player_6a3f628a42,0.0,0.26058107823984744,0.22990332333901797,1829.213723114043,2010.392796396817,1868.0,2078.0,0.2120732319225979,0.5,test,-1.5502514547358983
2562,WCSMsCMB,2025-09-18 19:08:30.829000+00:00,player_bfcbc58a7a,player_81ac4606ec,1.0,0.624564725163559,0.5854986786718095,1254.1340837873026,1165.7171330857789,1239.0,1179.0,0.5756869523764296,0.5,test,-1.6317423946106335
2563,WNwQcUWL,2025-09-18 19:08:30.829000+00:00,player_28f12ab761,player_23195b6a66,0.0,0.23703039892177655,0.15546047176996494,1597.052020994411,1800.1332959200981,1602.0,1896.0,0.14163539582610227,0.5,test,-1.5139316279751045
2564,ahjSJZly,2025-09-18 19:08:30.829000+00:00,player_3581f10db4,player_38d7aad402,1.0,0.4151330517773228,0.4569335079777882,1916.0860469357235,1975.6339538393825,1942.0,1972.0,0.46694860611555894,0.5,test,-1.396311503046391
2565,bUWgLRxr,2025-09-18 19:08:30.829000+00:00,player_ec35d2917b,player_e6eaacd950,1.0,0.700977398610108,0.700977398610108,1554.0,1406.0,1554.0,1406.0,0.700977398610108,0.5,test,-1.396311503046391
2566,bgODaoHb,2025-09-18 19:08:30.829000+00:00,player_11bf4ccb6b,player_6fb1613252,0.0,0.36489203841775897,0.3665922999288324,1614.1469663366415,1710.4202340989639,1688.0,1783.0,0.3679299878999264,0.5,test,-1.4011063390766556
2567,eWPrXEHA,2025-09-18 19:08:30.829000+00:00,player_e61a7e60e1,player_301ce1a025,1.0,0.5896835031399501,0.5896835031399501,1688.0,1625.0,1688.0,1625.0,0.5896835031399501,0.5,test,-1.4011063390766556
2568,fDCRvd3q,2025-09-18 19:08:30.829000+00:00,player_bd9a49b1b8,player_1717e4f9fd,1.0,0.7413693728247189,0.750163481828642,2245.0296391350503,2062.0877640626713,2199.0,2008.0,0.7523149936056823,0.5,test,-1.386450208297151
2569,ivd6ToBS,2025-09-18 19:08:30.829000+00:00,player_30f0782407,player_d360f2bc80,0.0,0.2252861876357127,0.2509169371224644,1803.1073573529732,2017.6700506543316,1869.0,2059.0,0.25967158048516964,0.5,test,-1.4318499971844734
2570,lNwEQeuv,2025-09-18 19:08:30.829000+00:00,player_fb9f3bd030,player_49db744355,0.0,0.006588041657195363,0.0034752662470473017,1024.0263858626206,1895.3756046456706,1002.0,1985.0,0.0030281883148747103,0.5,test,-1.428272941149635
2571,mgkZLSvF,2025-09-18 19:08:30.829000+00:00,player_41fb25d2fb,player_b7120baa1d,1.0,0.5957101372682132,0.5993967967092568,1445.1141658920844,1377.7773103950205,1435.0,1365.0,0.6035363185261781,0.5,test,-1.4152209244897542
2572,pdJEDKzH,2025-09-18 19:08:30.829000+00:00,player_c82858060a,player_030fe27be7,1.0,0.3151602029572152,0.20825116249181558,1531.346813903012,1666.1698612652237,1477.0,1709.0,0.17781538884649767,0.5,test,-1.9875561440714888
2573,x31smQLk,2025-09-18 19:08:30.829000+00:00,player_319d1e3e93,player_0254677644,0.0,0.1595338947453606,0.15320659692731933,1653.1674045013872,1941.8342988227478,1633.0,1930.0,0.15024314815725381,0.5,test,-1.9765625173170116
2574,zx1VgMAW,2025-09-18 19:08:30.829000+00:00,player_85b73e0103,player_941991fe0c,1.0,0.6030480649918213,0.6212967231224545,2041.3497664077327,1968.7041644285382,1988.0,1902.0,0.626699081666732,0.5,test,-1.9380929287563173
2575,iJj0SrPE,2025-09-18 19:09:11.689000+00:00,player_d220abe47e,player_2c115abdde,0.0,0.04211795519848541,0.02534264638803507,1875.2737409466877,2418.0116426800655,1709.0,2343.0,0.02382472002068729,0.5,test,-1.919175412203046
2576,2DJ9zZlJ,2025-09-18 19:09:11.690000+00:00,player_0ab0ebacb4,player_c5442337a4,0.0,0.7708308321332403,0.8569591392644484,1955.2492404455159,1744.5280845650043,2033.0,1722.0,0.871792578033144,0.5,test,-2.4999864308757607
2577,AHd4EgnK,2025-09-18 19:09:11.690000+00:00,player_dfa290cf4a,player_6393a121b1,1.0,0.8122811270143214,0.8127376816365348,1631.4719154349957,1376.992545612707,1653.0,1398.0,0.8127376816365348,0.5,test,-2.499424523983612
2578,AJjQKThH,2025-09-18 19:09:11.690000+00:00,player_8d1936f6be,player_881e0baea7,1.0,0.5898928154633152,0.667418421873223,1819.464228245924,1756.3139365908637,1841.0,1720.0,0.6863002576833125,0.5,test,-2.3480501502914026
2579,BWJ1GYCF,2025-09-18 19:09:11.690000+00:00,player_8f396e4253,player_54f56d1fc6,1.0,0.6017426338896188,0.6172250309049463,1749.5388108286336,1677.8400246459478,1777.0,1694.0,0.667418421873223,0.5,test,-2.2444628173488956
2580,FzxVOI6m,2025-09-18 19:09:11.690000+00:00,player_03e45ffb64,player_ba1bfc0b56,1.0,0.2782593320132177,0.4712494361077314,1609.7450603876648,1775.3176359820234,1701.0,1721.0,0.5287505638922686,0.5,test,-1.6024995483519058
2581,GevJXMu1,2025-09-18 19:09:11.690000+00:00,player_6fffeaa105,player_a235f79571,1.0,0.7075623591396251,0.7721286734685839,1869.7257441556592,1716.2331643339292,1890.0,1678.0,0.7830774434096761,0.5,test,-1.5010937169970267
2582,GplS3kQr,2025-09-18 19:09:11.690000+00:00,player_4f59cdad6a,player_fe766c1bc8,0.0,0.04458369785238615,0.041825819962989425,1341.567325836856,1873.9739500432268,1360.0,1904.0,0.04091269989667932,0.5,test,-1.4972587777987616
2583,LciAGcHp,2025-09-18 19:09:11.690000+00:00,player_ff8b8e2569,player_19a2905cfc,1.0,0.641390111955618,0.641390111955618,1610.0,1509.0,1610.0,1509.0,0.641390111955618,0.5,test,-1.4972587777987616
2584,OFWjHZyr,2025-09-18 19:09:11.690000+00:00,player_dcbf56325c,player_7daf8cb2ff,1.0,0.7332155639042074,0.7690759234333929,2160.803285209411,1985.1748110540323,2112.0,1903.0,0.7781484542191325,0.5,test,-1.437781199737097
2585,Py9I4mr4,2025-09-18 19:09:11.690000+00:00,player_c500c8643c,player_79d211a001,0.0,0.6762475868934004,0.7721286734685839,1532.0069087875288,1404.049823086986,1600.0,1388.0,0.7945819150362295,0.5,test,-1.8927129251802874
2586,YsLomxYa,2025-09-18 19:09:11.690000+00:00,player_9e68aac109,player_1769f849c7,1.0,0.9617960474956123,0.9641774124186709,1538.0228774896368,977.6330008762187,1550.0,978.0,0.9661133917396642,0.5,test,-1.8882341344516458
2587,c82FYdPD,2025-09-18 19:09:11.690000+00:00,player_2b7c501ae4,player_bf51230720,1.0,0.5846527824182853,0.49568276024494023,1946.9899239729891,1887.5952378103455,1898.0,1901.0,0.5071950817090514,0.5,test,-2.0303565650144337
2588,cazkxoYs,2025-09-18 19:09:11.690000+00:00,player_2ddfe5d3c2,player_8554fd8e3a,0.0,0.6609990912463583,0.6609990912463583,1766.0,1650.0,1766.0,1650.0,0.6609990912463583,0.5,test,-2.0303565650144337
2589,cxAmjO9G,2025-09-18 19:09:11.690000+00:00,player_b2eca59be9,player_8ed1a7354e,1.0,0.9063494429833931,0.904220144369614,2031.0315253746626,1636.7174024322971,1999.0,1609.0,0.9066840316615196,0.5,test,-2.0299874723455957
2590,fw0mBD6c,2025-09-18 19:09:11.690000+00:00,player_a5f43760a2,player_649f518fcf,0.0,0.09688557605798805,0.1430408607355515,1738.3712692901588,2126.164730402055,1753.0,2064.0,0.15097955721132328,0.5,test,-2.0917534683748644
2591,h8T8pPEE,2025-09-18 19:09:11.690000+00:00,player_e6d942eb34,player_a0cfb76086,1.0,0.9259065139038212,0.9386912091783989,1681.2717784340923,1242.5569341796813,1652.0,1178.0,0.9440870944880482,0.5,test,-2.072308318017305
2592,nuHUlPF6,2025-09-18 19:09:11.690000+00:00,player_a9b8e0441a,player_9b674ea365,1.0,0.1255231852004579,0.0650557537775339,1399.6436031853525,1736.853342508215,1276.0,1739.0,0.03871267794717751,0.5,test,-3.2486316602371175
2593,pHDAQ3Gi,2025-09-18 19:09:11.690000+00:00,player_5169aac604,player_4d66dc48f8,1.0,0.698558626418023,0.698558626418023,1941.0,1795.0,1941.0,1795.0,0.698558626418023,0.5,test,-3.2486316602371175
2594,sERu3heK,2025-09-18 19:09:11.690000+00:00,player_b0bebdfa76,player_ed96c59fea,1.0,0.30130903813507026,0.384135895746244,1701.6397724375115,1847.7489589467552,1744.0,1826.0,0.4047569603484281,0.5,test,-2.9534813139822007
2595,vY847uij,2025-09-18 19:09:11.690000+00:00,player_c779d10ad4,player_97f46d52b9,1.0,0.5203743341404045,0.5172625244323762,1606.4751086628767,1592.309727443702,1596.0,1584.0,0.5143871841659987,0.5,test,-2.9650534814477725
2596,vfkMHlxG,2025-09-18 19:09:11.690000+00:00,player_f545c6fb77,player_3c53727464,0.0,0.09927550206144406,0.06682846456966873,1553.9745549693414,1937.0745080825006,1582.0,2040.0,0.05470980337647618,0.5,test,-2.9167609519182416
2597,zlIxdWxv,2025-09-18 19:09:11.690000+00:00,player_f227e4b9e0,player_c115812a60,0.0,0.36847100011417777,0.44553062597832394,1382.0914959408685,1475.687489970564,1341.0,1379.0,0.46551605527316847,0.5,test,-3.083603122795826
2598,03OWsqKt,2025-09-18 19:09:50.400000+00:00,player_10365fd30d,player_a3cb35c7d1,0.0,0.7527741477060957,0.7973863140277038,2136.0793143077058,1942.6509890813943,2056.0,1818.0,0.8109791581199478,0.5,test,-3.3520481399106763
2599,0m0sRwqR,2025-09-18 19:09:50.400000+00:00,player_1790606c06,player_a42067a3c8,0.0,0.015610399820402627,0.012153171040153397,1231.0,1950.901196120448,1231.0,1995.0,0.01148113861312816,0.5,test,-3.347862170498268
2600,5r1SRMOy,2025-09-18 19:09:50.400000+00:00,player_987e5d4a79,player_a4af4da67c,1.0,0.9663937130374173,0.9356410059682176,2125.3824613640754,1541.8890355823037,2095.0,1630.0,0.9252264436735518,0.5,test,-3.3913949805843977
2601,6d14Dj0e,2025-09-18 19:09:50.400000+00:00,player_8993b8270f,player_f1b643f60c,1.0,0.7064978147346476,0.7512407935337106,1419.4514989305264,1266.8517054326578,1404.0,1212.0,0.8279993802611698,0.5,test,-3.2327026837099324
2602,6k7abDtI,2025-09-18 19:09:50.400000+00:00,player_c40a702727,player_061a9ab0ca,1.0,0.3665922999288324,0.3665922999288324,1622.0,1717.0,1622.0,1717.0,0.3665922999288324,0.5,test,-3.2327026837099324
2603,7PPHWW5y,2025-09-18 19:09:50.400000+00:00,player_01064923ea,player_86b575d4f4,1.0,0.10089505191223011,0.08580974069041739,1195.0,1574.9762078499364,1195.0,1606.0,0.08313877240427012,0.5,test,-3.426272402034033
2604,7iixGJFw,2025-09-18 19:09:50.400000+00:00,player_928c2e13f3,player_d5f04bdeec,0.0,0.6866710163216154,0.784053683887815,1861.3441438388036,1725.0448851821598,1803.0,1579.0,0.7983147441549775,0.5,test,-3.8668177637975854
2605,ApOTknKq,2025-09-18 19:09:50.400000+00:00,player_f931cf221d,player_d3c19a0bce,0.0,0.13491565755813248,0.10459685263267142,1702.5607063561622,2025.3591452375335,1642.0,2015.0,0.0988131708783323,0.5,test,-3.825932178060769
2606,CguyCWa1,2025-09-18 19:09:50.400000+00:00,player_b03e4cbf3a,player_bf79f2e0ca,1.0,0.03948283545274053,0.033325766177210586,1264.0,1818.4387185037376,1264.0,1849.0,0.032051778027871104,0.5,test,-4.034445551508799
2607,Ct7WckSv,2025-09-18 19:09:50.400000+00:00,player_80dc495080,player_f3cfab2553,0.0,0.5911595076283797,0.7021826020905207,1980.3221697274585,1916.261859287068,1945.0,1796.0,0.7325072897556676,0.5,test,-4.458678322740989
2608,JQb5TN9H,2025-09-18 19:09:50.400000+00:00,player_98688a5bf7,player_4151474c72,0.0,0.2729023216776196,0.2268600869232327,2012.267401792605,2182.5016128034313,1997.0,2210.0,0.2179019838686814,0.5,test,-4.385759076314574
2609,OSWeRGKI,2025-09-18 19:09:50.400000+00:00,player_702cea49a9,player_9739737f0b,0.0,0.11282949942486724,0.13748809600868891,1397.3963322182365,1755.6301047084903,1392.0,1711.0,0.1437479399018495,0.5,test,-4.4212314662423235
2610,OSnLltK0,2025-09-18 19:09:50.400000+00:00,player_ef3c7b9cb8,player_376b0a0d0e,1.0,0.07414534727561688,0.06197471592535801,1233.050173087368,1671.6337369878097,1174.0,1646.0,0.06164091317884652,0.5,test,-4.605932960340378
2611,WswALpqV,2025-09-18 19:09:50.400000+00:00,player_ca11373b75,player_94452001f9,1.0,0.6921185135884149,0.7164236941029388,1949.2267630829242,1808.5080063633545,1917.0,1756.0,0.7222345336491706,0.5,test,-4.563340238711943
2612,a9jxxnFk,2025-09-18 19:09:50.400000+00:00,player_39b330901c,player_668863653e,1.0,0.7135627732695341,0.6622877974308888,2049.9474522241844,1891.3863624406451,1981.0,1864.0,0.6597079941447481,0.5,test,-4.64181334710947
2613,cCsPA9xL,2025-09-18 19:09:50.400000+00:00,player_e7da83c9b8,player_589dcb6ab1,1.0,0.04514823557231886,0.03426555128482499,802.5474761019667,1332.6655451129539,758.0,1338.0,0.03464857993036949,0.5,test,-4.906507805423402
2614,eO2Lg2T9,2025-09-18 19:09:50.400000+00:00,player_b162b85bf5,player_4c9dc06442,0.0,0.9434458584679455,0.9501361462210238,1233.9010271962259,745.0,1257.0,745.0,0.9514822459033807,0.5,test,-5.059776447138731
2615,eWPOH59B,2025-09-18 19:09:50.400000+00:00,player_4ed5f92a95,player_d1201a2601,0.0,0.5455328585585635,0.5416377027147634,1880.612370062012,1848.8849998570731,1843.0,1814.0,0.5387780920571715,0.5,test,-5.045022772773321
2616,iOHtGAxV,2025-09-18 19:09:50.400000+00:00,player_f9672567d0,player_d7aa45b051,0.0,0.09429462645676252,0.09429462645676252,1548.0,1941.0,1548.0,1941.0,0.09429462645676252,0.5,test,-5.045022772773321
2617,mSjDAWSU,2025-09-18 19:09:50.400000+00:00,player_7d30d24744,player_6a7243015c,1.0,0.3383328923589612,0.17447401263881834,1913.0296057498397,2029.54773548487,1773.0,2043.0,0.1423366814461431,0.5,test,-5.910857824883051
2618,oSX0nZcd,2025-09-18 19:09:50.400000+00:00,player_725002b39f,player_159b99ee03,0.0,0.5129491448928637,0.5129491448928637,1578.0,1569.0,1578.0,1569.0,0.5129491448928637,0.5,test,-5.910857824883051
2619,xSMChw0q,2025-09-18 19:09:50.400000+00:00,player_758210d4ff,player_08095394df,1.0,0.4930528725350511,0.41171002813683716,1764.098803879552,1768.9264731535486,1720.0,1782.0,0.3937121762145718,0.5,test,-6.135854114578336
2620,yWOXZ4lm,2025-09-18 19:09:50.400000+00:00,player_d39c4ff769,player_80e7015e8d,1.0,0.5665688266755604,0.5387780920571715,1807.6028975650588,1761.0698848073089,1816.0,1789.0,0.344179494087605,0.5,test,-6.634289375810197
2621,yfTKWzMg,2025-09-18 19:09:50.400000+00:00,player_2c01509854,player_f226a787f8,1.0,0.17893647703977067,0.25526959313496533,1603.6837470855066,1868.3548973988643,1638.0,1824.0,0.2607797458593321,0.5,test,-6.257644076340098
2622,1n3lBe9t,2025-09-18 19:10:29.136000+00:00,player_57f89e6d2a,player_a43116799c,1.0,0.8498527152129984,0.7105400123698378,1937.694201339409,1636.5637280126448,1916.0,1760.0,0.6622877974308888,0.5,test,-6.5070069338035665
2623,45E36x8e,2025-09-18 19:10:29.136000+00:00,player_0520ceb2e6,player_d6d0acaffa,0.0,0.016161105339904277,0.021409233250460114,1299.657547816863,2013.4387185037376,1328.0,1992.0,0.022776854355012657,0.5,test,-6.513754067730962
2624,5LgfuFLG,2025-09-18 19:10:29.136000+00:00,player_6df6467577,player_7b52c2713d,0.0,0.9246144534283334,0.9298672374484249,1864.6166773467141,1429.1476413421287,1897.0,1448.0,0.9306143375182546,0.5,test,-6.596689380651506
2625,7XM9jsMT,2025-09-18 19:10:29.136000+00:00,player_19a2905cfc,player_73191616c2,0.0,0.4821153516368618,0.4741190691088309,1486.0489671651596,1498.481797891659,1505.0,1523.0,0.4726840269935071,0.5,test,-6.578641973411207
2626,8Dd3klnr,2025-09-18 19:10:29.136000+00:00,player_e1ccd38199,player_315ca9289e,1.0,0.9424081222452719,0.9215623250569782,1955.7421897677043,1470.1910770657807,1998.0,1570.0,0.9150891110604187,0.5,test,-6.608058955282128
2627,HqUzanen,2025-09-18 19:10:29.136000+00:00,player_a3c8a4d9a6,player_98459f9e7a,1.0,0.9439578590302986,0.9725887253726934,2109.259227148935,1618.684071801731,2098.0,1478.0,0.9772231456449872,0.5,test,-6.573425454791921
2628,I6xozQwS,2025-09-18 19:10:29.136000+00:00,player_c35e883c79,player_d702984f4a,1.0,0.5962707780645132,0.6661394245831221,1703.3101195838785,1635.568783087839,1702.0,1582.0,0.6850596089933503,0.5,test,-6.434614489389822
2629,J28ZV46U,2025-09-18 19:10:29.136000+00:00,player_ec9ab3f8cf,player_081a214af1,1.0,0.7995014514493153,0.8467934030726807,1455.1102410300077,1214.827031631063,1468.0,1171.0,0.8391753178526756,0.5,test,-6.386183191978612
2630,JuRb2SSK,2025-09-18 19:10:29.136000+00:00,player_cedccffa8c,player_24e9d27a7b,1.0,0.48561281583400134,0.48561281583400134,1479.0,1489.0,1479.0,1489.0,0.48561281583400134,0.5,test,-6.386183191978612
2631,OQIYgIxi,2025-09-18 19:10:29.136000+00:00,player_eaa0f84f04,player_f7ec6e6f48,0.0,0.6190698507718022,0.5993967967092568,2088.9359411451264,2004.578218274692,2087.0,2017.0,0.6007782458900109,0.5,test,-6.33928217772222
2632,OkBijJEQ,2025-09-18 19:10:29.136000+00:00,player_be9345437c,player_66f728d0f2,1.0,0.6973450785898532,0.6973450785898532,1850.0,1705.0,1850.0,1705.0,0.6973450785898532,0.5,test,-6.33928217772222
2633,TjJuWxv9,2025-09-18 19:10:29.136000+00:00,player_ff8b8e2569,player_656b195752,0.0,0.5692524411482695,0.5756869523764296,1632.9510328348404,1584.518202108341,1614.0,1561.0,0.5784967523447427,0.5,test,-6.360976903502954
2634,WzHhfHL2,2025-09-18 19:10:29.136000+00:00,player_2164716222,player_a2779f665c,1.0,0.921896137041481,0.9681263328550135,1799.7027228537172,1370.8989304948195,1920.0,1327.0,0.9784698309582908,0.5,test,-6.301419516651819
2635,YO8z2icY,2025-09-18 19:10:29.136000+00:00,player_85342f5a9d,player_8bc6fe346a,1.0,0.14811669094622298,0.16794015946966684,1501.3015809134688,1805.212024202543,1499.0,1777.0,0.17447401263881834,0.5,test,-6.137644126243834
2636,b7Xw16bx,2025-09-18 19:10:29.136000+00:00,player_b9716b67a8,player_d4212300c7,1.0,0.9906530071619454,0.9877078317127249,2134.0,1323.9001390918568,2134.0,1372.0,0.9869889516362479,0.5,test,-6.141349609637197
2637,bTzQW4AN,2025-09-18 19:10:29.136000+00:00,player_2ff21a918f,player_c8e4a0287b,1.0,0.5088188406802614,0.5014391117091528,1594.0237921500636,1587.895198436328,1564.0,1563.0,0.5,0.5,test,-6.158833552194215
2638,dsSW3qcl,2025-09-18 19:10:29.136000+00:00,player_15e747c062,player_c4e2ba07e4,1.0,0.6694839271751606,0.5882899718631628,1959.7161020445883,1837.0970735744356,1826.0,1764.0,0.558731369324761,0.5,test,-6.339671907949122
2639,eKkOsBLl,2025-09-18 19:10:29.136000+00:00,player_44e465dc84,player_c343e7f336,1.0,0.4496247301928898,0.5201367220358165,1784.0769915623457,1819.200480022499,1731.0,1717.0,0.527315973006493,0.5,test,-6.180285271749513
2640,kSSeI8gs,2025-09-18 19:10:29.136000+00:00,player_bb0b4d71cc,player_563ade11f6,1.0,0.5192906172573267,0.554469374021676,1687.8995392943239,1674.488388629146,1729.0,1691.0,0.6212967231224545,0.5,test,-6.000940171550021
2641,lfT5elJU,2025-09-18 19:10:29.136000+00:00,player_f16bc6c29b,player_ddb8c01472,1.0,0.5711177049906742,0.5330513938844411,2145.9132992630707,2096.1582970358045,2105.0,2082.0,0.525880930891169,0.5,test,-6.083460678314127
2642,p3SQfQf3,2025-09-18 19:10:29.136000+00:00,player_bbe1117cf1,player_57b69f3c57,1.0,0.8566188323981432,0.8756036686409934,1773.518202108341,1463.0,1802.0,1463.0,0.8793171534540078,0.5,test,-6.0573080840349265
2643,xRaCJJop,2025-09-18 19:10:29.136000+00:00,player_0afe6fb221,player_07b647559a,1.0,0.5521579143031443,0.6519120398746636,1350.2253664651103,1313.8500073706243,1415.0,1306.0,0.6737761878883222,0.5,test,-5.858244175717259
2644,yy3Nlb6C,2025-09-18 19:10:29.136000+00:00,player_bb807b6d8f,player_90b1013359,0.5,0.10772048845728882,0.1123887401401455,1495.9403380996098,1863.2213808256088,1467.0,1826.0,0.09932696400964386,0.5,test,-5.894124107215338
2645,2XCOLVYf,2025-09-18 19:11:06.751000+00:00,player_53ca97c072,player_39aa036cb7,1.0,0.9638377977552923,0.9724348404615375,1804.7989644996323,1234.4993313790037,1769.0,1150.0,0.9743714204068619,0.5,test,-5.883254562005946
2646,4rGIIbQP,2025-09-18 19:11:06.751000+00:00,player_d315b9b271,player_43291a0190,1.0,0.8460035739216182,0.8399506946347535,1979.7710717926027,1683.8264494786176,1967.0,1679.0,0.8383969073869433,0.5,test,-5.892286521245231
2647,LvasWWuE,2025-09-18 19:11:06.751000+00:00,player_7d54128d1b,player_980d5178c5,0.0,0.35261209137375227,0.34158547908308745,1540.0177129944027,1645.5646662737481,1524.0,1638.0,0.3338605754168779,0.5,test,-5.863733190890782
2648,Pa34fAWB,2025-09-18 19:11:06.751000+00:00,player_88e5dd9bf7,player_b21cbf6e60,1.0,0.6732664417103797,0.691236152414763,1758.3928074490802,1632.7955172226732,1821.0,1681.0,0.7057813597120025,0.5,test,-5.816568842951929
2649,QkQfNus8,2025-09-18 19:11:06.751000+00:00,player_15b9e23f5c,player_9f940aba7b,0.0,0.29170163039083613,0.3063120835780346,1643.1493015522042,1797.260255799043,1634.0,1776.0,0.30999379271968613,0.5,test,-5.842733680263029
2650,ZHciLaf5,2025-09-18 19:11:06.751000+00:00,player_3243f4d046,player_c78f26ab0a,1.0,0.7383898601610642,0.6813218351663937,1835.5709729930409,1655.3185125057123,1831.0,1699.0,0.6609990912463583,0.5,test,-5.953453166146804
2651,cE4lZnA7,2025-09-18 19:11:06.751000+00:00,player_1c67074439,player_b50b13c09a,1.0,0.2709551319969904,0.32749035666501497,1757.455472869949,1929.3982232803235,1801.0,1926.0,0.34158547908308745,0.5,test,-5.7218084562604945
2652,hOJ65dyr,2025-09-18 19:11:06.751000+00:00,player_6c4dd897f2,player_ea0bb659d0,1.0,0.7208008995448908,0.6838163141936586,1912.860587409306,1748.1000653086467,1859.0,1725.0,0.6686949563073317,0.5,test,-5.796843424037887
2653,jy8IKysc,2025-09-18 19:11:06.751000+00:00,player_26faf633c9,player_a7ac2ec840,0.0,0.7014945115037399,0.5798997603578815,1984.6853161666972,1836.2565334767532,1873.0,1817.0,0.527315973006493,0.5,test,-5.337204597397067
2654,k3JxoA2o,2025-09-18 19:11:06.751000+00:00,player_fe238bcb8d,player_b95ff8ed32,0.0,0.19763212596522475,0.23297508185497873,1756.2944875293497,1999.7008832139798,1808.0,2015.0,0.24341940570494724,0.5,test,-5.395962732594664
2655,pb6YXcZy,2025-09-18 19:11:06.751000+00:00,player_60586e4852,player_acc6657449,1.0,0.9497195094451083,0.9470491982010917,2153.399103611619,1642.9207622746637,2147.0,1646.0,0.9425482089233579,0.5,test,-5.403542352312408
2656,szbaXQbu,2025-09-18 19:11:06.751000+00:00,player_b68be402f1,player_21447cc334,0.5,0.5665610343457017,0.4327711556570478,1366.3856931438736,1319.858192750213,1317.0,1364.0,0.39784190682528303,0.5,test,-5.415922889598464
2657,uFMtmCDJ,2025-09-18 19:11:06.751000+00:00,player_0b1e14e955,player_5169aac604,0.0,0.00655817577125757,0.01737354534879567,1088.1484928695236,1960.2922479092465,1244.0,1945.0,0.006234247301144379,0.5,test,-5.415596875872729
2658,whMhSqk2,2025-09-18 19:11:06.751000+00:00,player_5dc4bce2c1,player_11f890c0d7,1.0,0.9083981031059407,0.8555420748926974,1966.4821098012883,1567.9334091911458,1935.0,1626.0,0.8304449113532372,0.5,test,-5.505318002982777
2659,xqO3nrbE,2025-09-18 19:11:06.751000+00:00,player_a0efc8f05c,player_a0cfb76086,0.0,0.8271802356281045,0.836043425542047,1509.8176471960264,1237.814951069526,1460.0,1177.0,0.8430219644140362,0.5,test,-5.601461335129394
2660,znSwWWdZ,2025-09-18 19:11:06.751000+00:00,player_54f56d1fc6,player_a34bfe0ed8,0.0,0.18491350820256466,0.18464818471669944,1652.3515532148833,1910.045576250547,1690.0,1948.0,0.15927695733838498,0.5,test,-5.570493280979333
2661,C4Ldlxq8,2025-09-18 19:11:06.752000+00:00,player_7a1e762a33,player_e88198d0d4,1.0,0.6654361265291815,0.49280491829094863,1681.739744200957,1562.2888116410816,1703.0,1708.0,0.42010023964211857,0.5,test,-6.030442587424451
2662,FroH2tJC,2025-09-18 19:11:06.752000+00:00,player_09854e9de7,player_ec3fd5d597,1.0,0.5728722513945045,0.5728722513945045,1854.0,1803.0,1854.0,1803.0,0.5728722513945045,0.5,test,-6.030442587424451
2663,OZyTUFOG,2025-09-18 19:11:06.752000+00:00,player_a3a990c92f,player_1b38516b74,1.0,0.9061605854007625,0.8893225137109468,2004.0,1610.072048711554,2004.0,1642.0,0.8864576236639505,0.5,test,-6.052425801814117
2664,oDunJIMK,2025-09-18 19:11:06.752000+00:00,player_4d66dc48f8,player_29d5978ce7,1.0,0.9045724097661135,0.9123666522054631,1775.7077520907535,1385.0,1792.0,1385.0,0.9137376073691662,0.5,test,-6.042344709880481
2665,p4I7Isv6,2025-09-18 19:11:06.752000+00:00,player_c5b91a311c,player_87128e2636,1.0,0.6295079928583466,0.6320700121000735,1574.126485890225,1482.0375236479074,1576.0,1482.0,0.6320700121000735,0.5,test,-6.038283093787407
2666,qtVY8hGW,2025-09-18 19:11:06.752000+00:00,player_c0056938ef,player_81ccc0f1db,0.0,0.18501768660699783,0.1608246821473244,1550.7646767153858,1808.3386517000745,1529.0,1816.0,0.15395489956790523,0.5,test,-6.000876837045806
2667,HFOmg0gh,2025-09-18 19:11:43.447000+00:00,player_37bee017ff,player_1d84a9997a,1.0,0.6864160087422665,0.6887735686687132,2168.5550208576883,2032.4616127734967,2139.0,2001.0,0.6838163141936586,0.5,test,-6.004671372650316
2668,gLuh3Z0U,2025-09-18 19:11:43.447000+00:00,player_6128bf3766,player_38ca9183e1,0.0,0.3567299179993327,0.34548000561753406,1902.4051372168033,2004.826664882821,1814.0,1925.0,0.34548000561753406,0.5,test,-5.987333908935898
2669,hepemMVa,2025-09-18 19:11:43.447000+00:00,player_0e778d3f65,player_8f396e4253,1.0,0.6868697653663337,0.544494573083008,1911.4870408998192,1775.027282259698,1823.0,1792.0,0.5143871841659987,0.5,test,-6.276502354651712
2670,3WtHvajQ,2025-09-18 19:11:43.448000+00:00,player_7df46c050b,player_0c1124af83,0.0,0.5579371517805596,0.4841750147352649,1730.0981935637164,1689.6576881479014,1641.0,1652.0,0.4640840730548977,0.5,test,-6.083977121109246
2671,5pY85q5a,2025-09-18 19:11:43.448000+00:00,player_35c99037c3,player_57edb119c4,0.0,0.41031649686004995,0.41031649686004995,1689.0,1752.0,1689.0,1752.0,0.41031649686004995,0.5,test,-6.083977121109246
2672,96RoEyOF,2025-09-18 19:11:43.448000+00:00,player_f58210e4f4,player_82c3c9bf16,0.0,0.15242618674031755,0.12068284654599212,1409.9528218995924,1708.0,1363.0,1708.0,0.11470632394592116,0.5,test,-6.040435624551602
2673,9Nx13yy3,2025-09-18 19:11:43.448000+00:00,player_89a0fb5aaa,player_9e68aac109,0.0,0.3411400073310418,0.3149403910066497,1426.123737392995,1540.4679304499177,1416.0,1551.0,0.3002305967379419,0.5,test,-5.980195825402338
2674,Ca3vfJ5b,2025-09-18 19:11:43.448000+00:00,player_21c1e07e8a,player_ddde7597ad,0.0,0.1757100799477815,0.16316903399710528,1803.2763033443239,2071.789628421431,1777.0,2061.0,0.16004930536524656,0.5,test,-5.961374944901293
2675,ElzMLmuo,2025-09-18 19:11:43.448000+00:00,player_980d5178c5,player_3e14395bcd,1.0,0.6567201341463113,0.676301669492737,1668.1318401216683,1555.4390402984009,1642.0,1514.0,0.6949097127295025,0.5,test,-5.904850969824348
2676,HNSTrAQe,2025-09-18 19:11:43.448000+00:00,player_66f4030e5c,player_8873530087,1.0,0.6860555292951257,0.7469129214289432,1732.7612755967475,1596.9587034455776,1707.0,1519.0,0.7628849803052542,0.5,test,-5.798702267498599
2677,Hb7fV7u2,2025-09-18 19:11:43.448000+00:00,player_a3b34a6523,player_063cef7e75,0.5,0.5708031390833249,0.6131368201531431,1553.2173083094071,1503.685381959086,1619.0,1539.0,0.6212967231224545,0.5,test,-5.818901423148076
2678,KdUgXRwY,2025-09-18 19:11:43.448000+00:00,player_4a673ee2af,player_1556d7324c,0.0,0.42618412715194637,0.3882294992189357,1649.675641124436,1701.3457558150026,1567.0,1646.0,0.3719551943780582,0.5,test,-5.72859847854178
2679,U57xLWrb,2025-09-18 19:11:43.448000+00:00,player_11ad009d76,player_55a4503163,1.0,0.3979641482465371,0.41729811503576986,1748.8416177919378,1820.7529799836504,1752.0,1810.0,0.422907524174671,0.5,test,-5.667806863812963
2680,WYIqbfFc,2025-09-18 19:11:43.448000+00:00,player_3e7849ca33,player_6b78644533,1.0,0.8165636237475399,0.7888870682101548,1997.9564006257463,1738.5545739574538,1946.0,1717.0,0.7964546997117258,0.5,test,-5.692741442172075
2681,X4KSqjqs,2025-09-18 19:11:43.448000+00:00,player_7ec648723c,player_76a12ceccb,0.0,0.5410300119894147,0.6427130688326204,1714.3674324172475,1685.7926048445393,1807.0,1705.0,0.6686949563073317,0.5,test,-6.018686731363005
2682,iovTqyIG,2025-09-18 19:11:43.448000+00:00,player_1769f849c7,player_b2c2b98932,0.0,0.01319203747070607,0.011546654621972467,975.1879479159379,1724.7562554894216,976.0,1749.0,0.011351206921614704,0.5,test,-6.016823029637627
2683,jtCdHoPl,2025-09-18 19:11:43.448000+00:00,player_4870195560,player_be78f21c77,1.0,0.10556563141118797,0.10036168484994894,1434.0,1805.2103715785686,1434.0,1815.0,0.0988131708783323,0.5,test,-6.082924983460642
2684,kEjfjGhA,2025-09-18 19:11:43.448000+00:00,player_9f1e963216,player_e6d942eb34,1.0,0.4033033487687225,0.615864104253756,1617.9650525879215,1686.0137615442477,1735.0,1653.0,0.667418421873223,0.5,test,-5.579196820340618
2685,onvA397W,2025-09-18 19:11:43.448000+00:00,player_ac3dd9df8d,player_108ffeb6a3,1.0,0.8772769700202129,0.8835282880564392,2216.7233034053615,1875.0390396969694,2151.0,1799.0,0.8926766600061541,0.5,test,-5.561795145707232
2686,pWVYYJmn,2025-09-18 19:11:43.448000+00:00,player_6e30180136,player_cbff0671d2,0.0,0.1663375308165619,0.1663375308165619,826.0,1106.0,826.0,1106.0,0.1663375308165619,0.5,test,-5.561795145707232
2687,rwriUOtm,2025-09-18 19:11:43.448000+00:00,player_e645302cf0,player_12757b7f00,0.0,0.7179801704097644,0.7555188820711969,1461.5010876795282,1299.1679660876996,1502.0,1306.0,0.7639246991448386,0.5,test,-5.739621706315718
2688,snyTW2zk,2025-09-18 19:11:43.448000+00:00,player_b3832d9015,player_61f07bf7fd,0.0,0.049387417107658864,0.09830174539780497,1727.8079806822393,2241.5628786100733,1840.0,2225.0,0.11470632394592116,0.5,test,-5.810808879886442
2689,wRt6tIkH,2025-09-18 19:11:43.448000+00:00,player_a085c713bc,player_3b38c16574,0.5,0.5655085564268553,0.4512256641402582,1545.172900504689,1499.3897196715816,1466.0,1500.0,0.37599824138233284,0.5,test,-5.833890892502592
2690,xx5Z7Zp3,2025-09-18 19:11:43.448000+00:00,player_cb83d2fefa,player_5cf7b0e439,1.0,0.5177908866297585,0.44553062597832394,1338.2124575796818,1325.844862206739,1349.0,1387.0,0.4355995097595788,0.5,test,-6.00673909386984
2691,2ZeGCO3l,2025-09-18 19:12:20.272000+00:00,player_18fdf19165,player_db06ce1c13,0.0,0.3638115033460466,0.4512256641402582,1901.9772254734357,1999.0609795477747,1896.0,1930.0,0.4726840269935071,0.5,test,-6.194434053541482
2692,5JKlUuDj,2025-09-18 19:12:20.272000+00:00,player_4d0a03a3f3,player_3a5f3f5148,0.0,0.4442740723897017,0.44553062597832394,2061.7119310175863,2100.595807282725,1975.0,2013.0,0.449800646746463,0.5,test,-6.204428617291928
2693,As0UhZjr,2025-09-18 19:12:20.272000+00:00,player_257b0330b9,player_19e00af498,0.0,0.3920254699913327,0.4243130476235704,1767.7274575498116,1843.955898156557,1762.0,1815.0,0.42994717641601177,0.5,test,-6.268832577458423
2694,BqEBfNWu,2025-09-18 19:12:20.272000+00:00,player_1717e4f9fd,player_05b4376c0d,0.0,0.5945760690471672,0.6360768996878818,2045.5354039234533,1979.0161858451222,2005.0,1908.0,0.641390111955618,0.5,test,-6.391530705391685
2695,FJgoPMEU,2025-09-18 19:12:20.272000+00:00,player_d6d0acaffa,player_935717ae79,1.0,0.937645077216232,0.9317211857068733,2014.4730292454915,1543.6059364095825,1992.0,1538.0,0.9302417126410938,0.5,test,-6.399457741851239
2696,Jo2PeOGa,2025-09-18 19:12:20.272000+00:00,player_92c6b72d30,player_592792b68b,0.0,0.04758291874288822,0.03014442920073095,1470.1448493967691,1990.6952884028278,1415.0,2018.0,0.027258224711437025,0.5,test,-6.378342134548741
2697,OM0ST6aa,2025-09-18 19:12:20.272000+00:00,player_d7aa45b051,player_ad4ef3620e,1.0,0.9157632592122865,0.9194563824269116,1947.0348560932327,1532.5221919722285,1942.0,1519.0,0.9215623250569782,0.5,test,-6.3720296060006145
2698,PtoB7mN5,2025-09-18 19:12:20.272000+00:00,player_902095847e,player_52d2d21a8e,0.0,0.1045106287481013,0.08626239263083382,1488.2894648947017,1861.449454883327,1398.0,1808.0,0.08054361757308826,0.5,test,-6.345617351632326
2699,T65Qz6UF,2025-09-18 19:12:20.272000+00:00,player_499ee42b6f,player_f9672567d0,0.0,0.4215521740365056,0.41589904118632204,1487.0,1541.9651439067673,1487.0,1546.0,0.41310497662089996,0.5,test,-6.33111973769307
2700,TwlHpsPR,2025-09-18 19:12:20.272000+00:00,player_df147156b7,player_bd9a49b1b8,0.0,0.24683499295480787,0.17781538884649767,2067.7886369562534,2261.581999274268,1936.0,2202.0,0.16316903399710528,0.5,test,-6.22578197646144
2701,VZUb1wpH,2025-09-18 19:12:20.272000+00:00,player_076a4e5b74,player_bcffd808b4,0.0,0.8360913693982983,0.8467934030726807,1884.0388540165818,1600.9780866178712,1866.0,1569.0,0.8490204427886767,0.5,test,-6.307946673609967
2702,WDCTJiHw,2025-09-18 19:12:20.272000+00:00,player_f5a9fa68bd,player_08095bbe41,1.0,0.6937619661556255,0.7801296039931584,1785.261871985541,1643.2013282986486,1848.0,1628.0,0.7992399910868982,0.5,test,-6.166414322054511
2703,WvleQACg,2025-09-18 19:12:20.272000+00:00,player_89d6485cc7,player_d8064a3fec,0.0,0.6862741918838308,0.8047246934992595,2048.2678245880834,1912.2888564263567,2175.0,1929.0,0.8296328234313434,0.5,test,-6.776977733852185
2704,YOjEORJV,2025-09-18 19:12:20.272000+00:00,player_8b35fd0d98,player_4109a84459,0.0,0.4759690061394399,0.4726840269935071,1689.399660701604,1706.1109809467243,1735.0,1754.0,0.4712494361077314,0.5,test,-6.768011768190035
2705,Yg7xwIln,2025-09-18 19:12:20.272000+00:00,player_4385d4a442,player_a71ab86adb,1.0,0.809636412354336,0.8187932901343153,1763.5902206090898,1512.1077603171123,1757.0,1495.0,0.8136122105055869,0.5,test,-6.763113188828187
2706,aT8D7lZD,2025-09-18 19:12:20.272000+00:00,player_8fe39ebc25,player_f82ab97e20,0.0,0.1771378440526225,0.13748809600868891,1228.2118688281253,1495.018162701202,1186.0,1505.0,0.1282074219668559,0.5,test,-6.70535035935585
2707,bXDsx5yC,2025-09-18 19:12:20.272000+00:00,player_82caa1c0b9,player_a4886874e6,0.0,0.6400903303458849,0.550199353253537,1600.0219133821288,1500.0028127679702,1632.0,1597.0,0.5287505638922686,0.5,test,-6.435815899520317
2708,dD1Z19u2,2025-09-18 19:12:20.272000+00:00,player_8251e714f6,player_21c64dcd96,0.0,0.020351901645328196,0.016141088681798737,707.5014145127615,1380.4874563640524,706.0,1420.0,0.015779470277008965,0.5,test,-6.43115933587327
2709,kqwEnezj,2025-09-18 19:12:20.272000+00:00,player_f86be67028,player_e395b9f660,0.0,0.4712494361077314,0.4712494361077314,1378.0,1398.0,1378.0,1398.0,0.4712494361077314,0.5,test,-6.43115933587327
2710,lUtZumVm,2025-09-18 19:12:20.272000+00:00,player_94a1d0af2b,player_32d0daef58,1.0,0.49113401944109136,0.554469374021676,1510.3188800020564,1516.4802401062786,1554.0,1516.0,0.5558909611168531,0.5,test,-6.307304216522972
2711,mu0OpAyC,2025-09-18 19:12:20.272000+00:00,player_9b8a087a10,player_e539512417,1.0,0.6646145553688662,0.6466688423256146,1823.4273937714645,1704.6171387575946,1856.0,1751.0,0.641390111955618,0.5,test,-6.342873602355745
2712,sVdYsjjc,2025-09-18 19:12:20.272000+00:00,player_eea014ce1f,player_3288d41c63,0.0,0.028886251101965358,0.031873667144986455,1179.078692895544,1789.710261172397,1218.0,1811.0,0.030313179617691675,0.5,test,-6.34434405614211
2713,uPRfehtB,2025-09-18 19:12:20.272000+00:00,player_1d9e1a3cc1,player_cee0c9e7a2,1.0,0.41310497662089996,0.41310497662089996,1691.0,1752.0,1691.0,1752.0,0.41310497662089996,0.5,test,-6.34434405614211
2714,zdFNxtUH,2025-09-18 19:12:20.272000+00:00,player_3c0caab166,player_220a065799,0.0,0.38511562584979425,0.38141587791096926,1132.0,1213.2809265483397,1132.0,1216.0,0.3800586409554767,0.5,test,-6.336153405381056
2715,11WMpKZu,2025-09-18 19:12:57.878000+00:00,player_2974fd4830,player_ceb09b75c0,0.0,0.3469008280450813,0.2530870785710568,1989.4614855249133,2099.3710041796285,1906.0,2094.0,0.23711501969474583,0.5,test,-6.180775121150117
2716,9R7mTNUe,2025-09-18 19:12:57.878000+00:00,player_7d54128d1b,player_bfcbc58a7a,0.0,0.7985820950790978,0.8288176477542757,1517.4505391464825,1278.1619413768349,1518.0,1244.0,0.8352528323139615,0.5,test,-6.381745018123676
2717,A9tBI3Mu,2025-09-18 19:12:57.878000+00:00,player_29be8049e6,player_bf3973fa8d,0.0,0.7579173399746209,0.7964546997117258,1827.886919350907,1629.623655193504,1818.0,1581.0,0.8038185194246843,0.5,test,-6.591984104178854
2718,Bw6F4FBe,2025-09-18 19:12:57.878000+00:00,player_e558f7f0c0,player_278e5a49c4,0.0,0.2863076720902937,0.17282198303686044,1894.9140686349115,2053.585285578117,1798.0,2070.0,0.15097955721132328,0.5,test,-6.418352795667973
2719,DNWUatq2,2025-09-18 19:12:57.878000+00:00,player_a44891f56d,player_0520ceb2e6,0.0,0.8752043222175512,0.8368309660028946,1636.987200943057,1298.623237075109,1612.0,1328.0,0.8271780169631395,0.5,test,-6.092768552923002
2720,FKhRHmgP,2025-09-18 19:12:57.878000+00:00,player_b3844c21b4,player_4a551de671,1.0,0.7457729041287412,0.7490830628775357,1876.2256597459282,1689.2717541945206,1835.0,1645.0,0.7490830628775357,0.5,test,-6.088339812987871
2721,FXr5TEjD,2025-09-18 19:12:57.878000+00:00,player_8873530087,player_f81a442ec8,0.0,0.08389346654855685,0.05903038296052904,1576.8662573204656,1992.153393422798,1517.0,1998.0,0.04932121886611947,0.5,test,-6.051296237880844
2722,Fe36QEY7,2025-09-18 19:12:57.878000+00:00,player_d78bcee283,player_d1b2e47a87,1.0,0.7206135620180448,0.7992399910868982,1605.4325228699192,1440.833678619587,1627.0,1387.0,0.836043425542047,0.5,test,-5.902718700306274
2723,Jeqw3uEf,2025-09-18 19:12:57.878000+00:00,player_c646912f35,player_df3f04be61,0.0,0.746067646311443,0.7403284195148304,2057.7107455865407,1870.4866780658426,2017.0,1835.0,0.6973450785898532,0.5,test,-5.7271933245268585
2724,L9bSdmek,2025-09-18 19:12:57.878000+00:00,player_94d465076b,player_c95ae88f67,0.0,0.0669885591695156,0.04228965839762543,1566.5922187553183,2024.146751710851,1524.0,2066.0,0.03765567938957777,0.5,test,-5.69623847945162
2725,QfWFUxjc,2025-09-18 19:12:57.878000+00:00,player_06cd8b8e81,player_9a46ffbbd8,0.0,0.35299733880768197,0.15927695733838498,1867.2921292454055,1972.5459835060262,1752.0,2041.0,0.12377068106893543,0.5,test,-5.392961050789984
2726,RPbs3H9B,2025-09-18 19:12:57.878000+00:00,player_c2ae71ed7e,player_315ca9289e,0.0,0.6063356801065946,0.5416377027147634,1541.5400254220144,1466.5051968894782,1598.0,1569.0,0.5244454611206615,0.5,test,-5.203978043613949
2727,TXa9c28g,2025-09-18 19:12:57.878000+00:00,player_81ac4606ec,player_1a57fda7da,0.0,0.024051928220814214,0.028826816395722262,1141.6892754962466,1785.0,1174.0,1785.0,0.03014442920073095,0.5,test,-5.210240259139242
2728,Wqx1ydcV,2025-09-18 19:12:57.878000+00:00,player_adcfd517c2,player_b2eca59be9,0.0,0.12256985630899488,0.10459685263267142,1695.0936116888188,2037.0251610237253,1628.0,2001.0,0.09830174539780497,0.5,test,-5.182957668151646
2729,i9Um8Oh2,2025-09-18 19:12:57.878000+00:00,player_e88198d0d4,player_6835265010,0.0,0.8617780489011361,0.9128258117454132,1540.8767237389493,1222.9493603165918,1700.0,1292.0,0.9168612275957299,0.5,test,-5.691307234298247
2730,iM70DPMF,2025-09-18 19:12:57.878000+00:00,player_c59a1d1098,player_3f85eadf5f,1.0,0.7291099628977525,0.7291099628977525,1742.0,1570.0,1742.0,1570.0,0.7291099628977525,0.5,test,-5.691307234298247
2731,ihyf3hI7,2025-09-18 19:12:57.878000+00:00,player_497848644b,player_5169aac604,1.0,0.3022568660554384,0.3868631798468569,1815.384212559187,1960.711971158607,1865.0,1945.0,0.4061446147638222,0.5,test,-5.3958751498337385
2732,j28p5fCC,2025-09-18 19:12:57.878000+00:00,player_6fd62fa19c,player_aa42a266a2,1.0,0.44440319396676753,0.4726840269935071,1628.2069724625171,1667.0,1648.0,1667.0,0.48705085510713625,0.5,test,-5.30423885181535
2733,l01umt1C,2025-09-18 19:12:57.878000+00:00,player_266941d75e,player_c618dea26b,1.0,0.3803589152874988,0.38277496909505365,1311.5321620266468,1396.3108041557834,1326.0,1409.0,0.384135895746244,0.5,test,-5.294357787523543
2734,oO2WQuqH,2025-09-18 19:12:57.878000+00:00,player_80535e6838,player_bbe1117cf1,0.0,0.48679702055740104,0.5359159269451023,1773.5180938038777,1782.6945968348598,1828.0,1803.0,0.5459219227804837,0.5,test,-5.416760066355515
2735,pYYe7Q4O,2025-09-18 19:12:57.878000+00:00,player_3430d7eb2d,player_ccc6f98b3c,0.0,0.09764764710557641,0.06718834790965547,1722.325517905227,2108.6112667076263,1665.0,2122.0,0.06366918853058397,0.5,test,-5.379796300185422
2736,sFloOb3R,2025-09-18 19:12:57.878000+00:00,player_99255e3b4e,player_be0905ea0d,0.0,0.8004544833589704,0.7992399910868982,1370.0,1128.682133244547,1370.0,1130.0,0.7983147441549775,0.5,test,-5.369130321222851
2737,sLVztqec,2025-09-18 19:12:57.878000+00:00,player_b10b6ca0e2,player_333b727a80,1.0,0.5294142669087069,0.5057562084111449,1636.6614859747726,1616.1987322495152,1713.0,1709.0,0.5,0.5,test,-5.426293461434743
2738,taQIqVFL,2025-09-18 19:12:57.878000+00:00,player_27d286441f,player_da9790cff0,0.0,0.38277496909505365,0.38277496909505365,1440.0,1523.0,1440.0,1523.0,0.38277496909505365,0.5,test,-5.426293461434743
2739,tulua3tg,2025-09-18 19:12:57.878000+00:00,player_c51f481026,player_7ac78dcfca,0.0,0.7249293777325877,0.7607960909891424,2170.765401713388,2002.4248057297964,2170.0,1969.0,0.7690759234333929,0.5,test,-5.60123235075166
2740,vJ2O89v4,2025-09-18 19:12:57.878000+00:00,player_d0047f4ae9,player_d1ab878e39,0.0,0.9496658002632333,0.9555615730980401,1860.7149413157001,1350.4318892571612,1901.0,1368.0,0.9565291425886061,0.5,test,-5.747826343047732
2741,xlLmnM2o,2025-09-18 19:12:57.878000+00:00,player_025ca2fadc,player_893f809f22,0.0,0.20940527842354045,0.12007331198938315,1722.0592865388035,1952.8458008638488,1621.0,1967.0,0.10352349210181416,0.5,test,-5.622139728948866
2742,yhKombGz,2025-09-18 19:12:57.878000+00:00,player_8ed1a7354e,player_903397cd13,1.0,0.5116033723742505,0.5057562084111449,1630.7237667832344,1622.6594699417417,1607.0,1603.0,0.4985608882908471,0.5,test,-5.647963665496375
2743,14jvY7mb,2025-09-18 19:13:35.598000+00:00,player_b2806ec8b0,player_6fffeaa105,0.0,0.1752288035628006,0.17282198303686044,1619.3505571851347,1888.4417531707231,1620.0,1892.0,0.17282198303686044,0.5,test,-5.645049747550925
2744,1iDtwpbX,2025-09-18 19:13:35.598000+00:00,player_ba1bfc0b56,player_d539a5e529,1.0,0.7516221445148977,0.8109791581199478,1729.1262332308693,1536.7715556704507,1715.0,1462.0,0.8230246289217321,0.5,test,-5.554297351806191
2745,1sPm5usc,2025-09-18 19:13:35.598000+00:00,player_4d6de79939,player_19c14d418c,1.0,0.8545593821238363,0.8835282880564392,1877.1865811877474,1569.5639669006482,1893.0,1541.0,0.8964765078981858,0.5,test,-5.506411256902002
2746,KT7D3z5T,2025-09-18 19:13:35.598000+00:00,player_7e313ae3e6,player_85b73e0103,0.0,0.647971037578209,0.6737761878883222,2172.745569854626,2066.754690248256,2118.0,1992.0,0.676301669492737,0.5,test,-5.590312705334632
2747,OixDLPhW,2025-09-18 19:13:35.598000+00:00,player_4fb4dbb91a,player_3d512f25bc,1.0,0.6776554186348221,0.7607960909891424,1919.2833960408311,1790.2079795314482,2009.0,1808.0,0.777153105314726,0.5,test,-5.453314254285697
2748,Q7zEPykE,2025-09-18 19:13:35.598000+00:00,player_873da49cd4,player_fb9f3bd030,1.0,0.9799387686243074,0.9838589113182012,1699.1412923247676,1023.6047511965601,1716.0,1002.0,0.985258215278405,0.5,test,-5.447900588694486
2749,QHzVJKEw,2025-09-18 19:13:35.598000+00:00,player_ad0e8c47f8,player_0b1e14e955,0.0,0.8165825542865136,0.6825703854747719,1347.1525520834166,1087.7287696201631,1376.0,1243.0,0.8652197052285583,0.5,test,-5.756019261267641
2750,TO9602c4,2025-09-18 19:13:35.598000+00:00,player_d1201a2601,player_1fadf8584b,1.0,0.7715965962400084,0.7781484542191325,1883.7991028048211,1672.3240102009684,1820.0,1602.0,0.777153105314726,0.5,test,-5.748843753294715
2751,WbDjTFYc,2025-09-18 19:13:35.598000+00:00,player_a235f79571,player_4bca831314,0.0,0.40177358493817933,0.3211830802052434,1697.5171553188652,1766.67083751798,1675.0,1805.0,0.3063120835780346,0.5,test,-5.60079088487743
2752,dMtznXrc,2025-09-18 19:13:35.598000+00:00,player_7a1e762a33,player_828fdd18a7,1.0,0.652252341977823,0.6850596089933503,1703.1518321030894,1593.8912587733291,1709.0,1574.0,0.6887735686687132,0.5,test,-5.546309820137222
2753,fm6ktSku,2025-09-18 19:13:35.598000+00:00,player_d2c745135e,player_d2ed955a08,1.0,0.5728712795118521,0.5100724469274385,1598.0042934314476,1547.0049834208717,1577.0,1570.0,0.515824985264735,0.5,test,-5.651203336425262
2754,gU1uMlxN,2025-09-18 19:13:35.598000+00:00,player_7b52c2713d,player_af624832cf,1.0,0.3202424942246719,0.3300309860965169,1488.322966361542,1619.0729871866574,1459.0,1582.0,0.33642590195870453,0.5,test,-5.601903917056131
2755,hpfUF7q5,2025-09-18 19:13:35.598000+00:00,player_7296c8c2a7,player_25ebcf566a,1.0,0.42571979634547563,0.42571979634547563,1890.0,1942.0,1890.0,1942.0,0.42571979634547563,0.5,test,-5.601903917056131
2756,jssh4tBw,2025-09-18 19:13:35.598000+00:00,player_87128e2636,player_2b4c4d80ed,1.0,0.051056991241374555,0.05652375065406684,1458.3260351908416,1966.0,1477.0,1966.0,0.05807841419526414,0.5,test,-5.4730523348475035
2757,kvkL5gDG,2025-09-18 19:13:35.598000+00:00,player_09854e9de7,player_0c5b2c50f8,1.0,0.8389907485429186,0.8452938106179996,1881.3361759107518,1594.5736395141364,1859.0,1564.0,0.8460451004320948,0.5,test,-5.464679346098722
2758,ldPWl3X1,2025-09-18 19:13:35.598000+00:00,player_1356323f37,player_b062a8d707,1.0,0.5430664920222119,0.5430664920222119,1773.0,1743.0,1773.0,1743.0,0.5430664920222119,0.5,test,-5.464679346098722
2759,lmdgjoMi,2025-09-18 19:13:35.598000+00:00,player_76a12ceccb,player_03e45ffb64,0.0,0.591746152317972,0.5071950817090514,1720.4185256118617,1655.936463138819,1712.0,1707.0,0.4741190691088309,0.5,test,-5.211493682737329
2760,msDPcgA2,2025-09-18 19:13:35.598000+00:00,player_0df1235cb9,player_db00527c42,0.0,0.09826122388459912,0.0650557537775339,1645.2200678961867,2030.2994983909123,1605.0,2068.0,0.06298627871190775,0.5,test,-5.173120629680814
2761,s7VuV0ut,2025-09-18 19:13:35.598000+00:00,player_e49d48485c,player_ba5449c385,1.0,0.8622142468673891,0.8852936760540788,2153.9490746997385,1835.384722592499,2159.0,1804.0,0.8847078164911643,0.5,test,-5.147366976073181
2762,u0pKPsf4,2025-09-18 19:13:35.598000+00:00,player_7ace9e3cea,player_ae4cc61cb3,0.5,0.21699892057668294,0.20261368597229626,1449.0224891716823,1671.944404064827,1416.0,1654.0,0.1998379440848642,0.5,test,-5.177719685185691
2763,vyWiTnUc,2025-09-18 19:13:35.598000+00:00,player_941991fe0c,player_66f4030e5c,1.0,0.7495647934118784,0.7458232083504994,1943.2992405880148,1752.8537217218595,1897.0,1710.0,0.7425355589430698,0.5,test,-5.187141687477718
2764,w2VKLNSV,2025-09-18 19:13:35.598000+00:00,player_160124e2e8,player_4d66dc48f8,1.0,0.31397047230241426,0.2520004588039456,1646.0335168754832,1781.8151178657222,1604.0,1793.0,0.2487592064662893,0.5,test,-5.419955245437163
2765,xQ8dsPhp,2025-09-18 19:13:35.598000+00:00,player_49db744355,player_7af80abc6c,0.0,0.8034459085471676,0.8445395282300351,1895.7972393117311,1651.2074173058204,1985.0,1691.0,0.8526729520561114,0.5,test,-5.7082379819492575
2766,yHAVW2Qz,2025-09-18 19:13:35.598000+00:00,player_9185166f82,player_003e58a5a1,1.0,0.6576859739076223,0.6863002576833125,1571.4263604858636,1457.9888062560435,1602.0,1466.0,0.6924633925795177,0.5,test,-5.6567101820931045
2767,3CVIPEN3,2025-09-18 19:14:13.477000+00:00,player_fe15c1f5ed,player_21485bca27,1.0,0.503799341314871,0.5629847281035958,1770.3000534128967,1767.6599498502758,1794.0,1750.0,0.5868950233791,0.5,test,-5.504042270552665
2768,5236WldP,2025-09-18 19:14:13.477000+00:00,player_80d88cf3a0,player_5352548671,1.0,0.18991300334055974,0.23920390901085772,1579.8120834380225,1831.802867092139,1583.0,1784.0,0.2487592064662893,0.5,test,-5.234122974426878
2769,6Nea5g1G,2025-09-18 19:14:13.477000+00:00,player_0ab0ebacb4,player_2ff48ca1f2,1.0,0.9290808774779634,0.9625523674635553,1905.9160671889886,1459.0,2023.0,1459.0,0.9679482219721289,0.5,test,-5.193140171945106
2770,6akYiwW1,2025-09-18 19:14:13.477000+00:00,player_c48220c312,player_fb9c8994b3,1.0,0.4971218004251891,0.4971218004251891,1715.0,1717.0,1715.0,1717.0,0.4971218004251891,0.5,test,-5.193140171945106
2771,8QN0JW8T,2025-09-18 19:14:13.477000+00:00,player_e00ac6b07f,player_43291a0190,0.0,0.593398592397473,0.6145013610085578,1739.641731815113,1673.9706782096011,1758.0,1677.0,0.6320700121000735,0.5,test,-5.293080865221458
2772,CVDkMyyb,2025-09-18 19:14:13.477000+00:00,player_c915911c44,player_c779d10ad4,1.0,0.8776015637101443,0.9066840316615196,1979.379758841458,1637.1711512778909,1999.0,1604.0,0.9150891110604187,0.5,test,-5.251252106313122
2773,Dxdv55RU,2025-09-18 19:14:13.477000+00:00,player_b078c0ad01,player_a5f43760a2,1.0,0.664317740633779,0.6775605800851006,1850.7495767558194,1732.1705924224475,1880.0,1751.0,0.6936879164219654,0.5,test,-5.207990495169851
2774,E8DKbzwj,2025-09-18 19:14:13.477000+00:00,player_ec3fd5d597,player_c0056938ef,1.0,0.7962122191982591,0.8279993802611698,1775.6638240892482,1538.923544772538,1800.0,1527.0,0.834459181708983,0.5,test,-5.161072424078657
2775,Hlq7h92z,2025-09-18 19:14:13.477000+00:00,player_2ece99a10a,player_b9716b67a8,0.0,0.017218544660552913,0.014741784721595149,1432.014002923694,2134.5982075416355,1404.0,2134.0,0.01400791280223621,0.5,test,-5.157810865920638
2776,LJD1AmlO,2025-09-18 19:14:13.477000+00:00,player_38d7aad402,player_658a5de3ae,1.0,0.7022953259353958,0.7479995411960544,1938.202469153131,1789.1088192547304,1966.0,1777.0,0.7565805942950526,0.5,test,-5.083355810391837
2777,NWgAyKMV,2025-09-18 19:14:13.477000+00:00,player_37a20655c3,player_a3cb35c7d1,0.0,0.7607581580121032,0.8430219644140362,2191.7923268227996,1990.8285345345844,2119.0,1827.0,0.8604511617577122,0.5,test,-5.622416106950053
2778,OXR0XDl3,2025-09-18 19:14:13.477000+00:00,player_97f46d52b9,player_1f4011309e,1.0,0.6340569973337062,0.5896835031399501,1561.6136848286878,1466.1277438535835,1578.0,1515.0,0.5784967523447427,0.5,test,-5.71412202581009
2779,PrJdNluc,2025-09-18 19:14:13.477000+00:00,player_6835265010,player_07b647559a,1.0,0.4898053382711519,0.5186997779295586,1278.1031554462645,1285.1881138860256,1315.0,1302.0,0.5601501452319029,0.5,test,-5.579925204870275
2780,SUswnUDp,2025-09-18 19:14:13.477000+00:00,player_81ccc0f1db,player_3581f10db4,1.0,0.3170085108095433,0.3211830802052434,1820.1797836429223,1953.5175316219747,1818.0,1948.0,0.3211830802052434,0.5,test,-5.56684252250219
2781,V8pX9Dqv,2025-09-18 19:14:13.477000+00:00,player_d35ed7969e,player_343e0b1ee2,0.0,0.21059787093625512,0.1655408182910169,1517.0173208605686,1746.5550476836813,1512.0,1793.0,0.15697803558596385,0.5,test,-5.501125370072506
2782,XgSfCSAP,2025-09-18 19:14:13.477000+00:00,player_649f518fcf,player_05bddac032,0.0,0.5660555206984177,0.41171002813683716,2132.365407269766,2086.195462147238,2066.0,2128.0,0.3679299878999264,0.5,test,-5.1250418014621895
2783,aPtWXJpK,2025-09-18 19:14:13.477000+00:00,player_c5442337a4,player_7f5cbf43bb,0.0,0.34886326913718396,0.3063120835780346,1793.8612578215316,1902.268037252277,1732.0,1874.0,0.29781739790947936,0.5,test,-5.049567966525123
2784,at3OyElp,2025-09-18 19:14:13.477000+00:00,player_4eecbab457,player_c40a702727,1.0,0.7211556979278252,0.7291099628977525,1827.6049987091544,1662.5380928045547,1805.0,1633.0,0.7347570893165466,0.5,test,-5.030883073829197
2785,dgQ9pjO9,2025-09-18 19:14:13.477000+00:00,player_8bc6fe346a,player_8a166b3122,1.0,0.5447661021785999,0.5516235473109605,1750.6914924231014,1719.5012993201606,1768.0,1732.0,0.5473485180458647,0.5,test,-5.026153862018434
2786,hgibeWKc,2025-09-18 19:14:13.477000+00:00,player_4fb35a570a,player_d315b9b271,0.0,0.20301641595898084,0.293024705191459,1752.0595552361888,1989.6268430616192,1816.0,1969.0,0.3149403910066497,0.5,test,-5.177482088503926
2787,kIWfDjqh,2025-09-18 19:14:13.477000+00:00,player_02c1b57fd3,player_d220abe47e,1.0,0.7387991313979998,0.8590630023766738,2053.198895555947,1872.5781918139846,2023.0,1709.0,0.8768522650807969,0.5,test,-5.006169637821198
2788,kiJmVjMA,2025-09-18 19:14:13.477000+00:00,player_aaeeb9d45b,player_5203491a82,0.0,0.2845372439268207,0.2777654663508294,1394.7120164955693,1554.8911807452696,1401.0,1567.0,0.27661213056082945,0.5,test,-4.995153631893144
2789,onSjtmPI,2025-09-18 19:14:13.477000+00:00,player_2c115abdde,player_10365fd30d,1.0,0.8716673347405903,0.8460451004320948,2420.7071918127685,2087.9017688545155,2343.0,2047.0,0.8304449113532372,0.5,test,-5.0435998912078635
2790,yjUkE0uT,2025-09-18 19:14:13.477000+00:00,player_e384688a60,player_85342f5a9d,1.0,0.7243952520469356,0.7279715135441962,1723.6976727172976,1555.8221126929104,1679.0,1508.0,0.7199190059471519,0.5,test,-5.049798348928231
2791,PguVSagn,2025-09-18 19:14:51.215000+00:00,player_f3cfab2553,player_6c4dd897f2,1.0,0.53357682917463,0.41589904118632204,1954.0960677752844,1930.729329838433,1804.0,1863.0,0.384135895746244,0.5,test,-5.378405033846927
2792,3G388xQS,2025-09-18 19:14:51.216000+00:00,player_dbc760c330,player_ca06dcd8b5,0.0,0.4702321193628329,0.41031649686004995,1634.0485396988518,1654.7578730718967,1627.0,1690.0,0.3950870979920432,0.5,test,-5.245759499354316
2793,3bffR1S7,2025-09-18 19:14:51.216000+00:00,player_0254677644,player_c35e883c79,1.0,0.7829754167641583,0.7859966022821575,1952.044468086451,1729.1487897877496,1932.0,1706.0,0.7859966022821575,0.5,test,-5.241908329014264
2794,4VPy2AdT,2025-09-18 19:14:51.216000+00:00,player_d360f2bc80,player_80dc495080,1.0,0.6261607873477871,0.672509643334985,2032.0883666630173,1942.4879612392422,2062.0,1937.0,0.6800706757372215,0.5,test,-5.159318788255766
2795,9zqdJ78t,2025-09-18 19:14:51.216000+00:00,player_39aa036cb7,player_c94197573d,0.0,0.014680273743800066,0.008296252364539285,1232.1849504353424,1962.9221598570266,1150.0,1981.0,0.007233477314767586,0.5,test,-5.151789458719817
2796,AYvJXl9x,2025-09-18 19:14:51.216000+00:00,player_668863653e,player_54f56d1fc6,0.0,0.7922583422985351,0.7313778578393882,1873.0543799298953,1640.517088689919,1861.0,1687.0,0.7336337024138074,0.5,test,-4.903212316080085
2797,DADETqBN,2025-09-18 19:14:51.216000+00:00,player_8c5e3f847f,player_54e43be2e2,1.0,0.8640663080265413,0.8597585194581956,1742.2879835044307,1421.0,1736.0,1421.0,0.8583646041738978,0.5,test,-4.9098328715270965
2798,GYwyIzkM,2025-09-18 19:14:51.216000+00:00,player_8993b8270f,player_2164716222,0.0,0.10817242553862001,0.049052005347292676,1438.235638787509,1804.7013700830623,1406.0,1921.0,0.039360485504451724,0.5,test,-4.83550645964045
2799,O9z25xcb,2025-09-18 19:14:51.216000+00:00,player_d702984f4a,player_45636c392b,1.0,0.22165866832149808,0.14660537788811823,1609.7301128839679,1827.9242622118022,1577.0,1883.0,0.13015005092569085,0.5,test,-5.3679571054919375
2800,OYFXigNw,2025-09-18 19:14:51.216000+00:00,player_d3ab849fc2,player_c78f26ab0a,1.0,0.16508869912759758,0.12377068106893543,1357.006265925352,1638.5754635560204,1356.0,1696.0,0.10513721035591964,0.5,test,-5.819173743046236
2801,QipAGfIo,2025-09-18 19:14:51.216000+00:00,player_c95ae88f67,player_599ee886a6,1.0,0.5193343221421663,0.5,2028.4340194977,2014.9924541928203,2066.0,2066.0,0.4971218004251891,0.5,test,-5.862886517453862
2802,QnKZxXYO,2025-09-18 19:14:51.216000+00:00,player_085c0b189a,player_9c53c9af2a,1.0,0.6928132216684076,0.8255259873611817,1919.9457379686926,1778.660278791014,1968.0,1698.0,0.8497568518427462,0.5,test,-5.658696707007575
2803,UxpjMz5q,2025-09-18 19:14:51.216000+00:00,player_58a6586709,player_e61a7e60e1,0.0,0.6860810304326466,0.6863002576833125,1850.0833963884097,1714.260255799043,1832.0,1696.0,0.691236152414763,0.5,test,-5.675254863495321
2804,WlChkn6d,2025-09-18 19:14:51.216000+00:00,player_d8064a3fec,player_a34bfe0ed8,0.0,0.5492451998693512,0.48130022207044143,1956.210404706922,1921.8800407755111,1938.0,1951.0,0.45836229728523653,0.5,test,-5.491581041975514
2805,bnTRtRRZ,2025-09-18 19:14:51.216000+00:00,player_33d1275475,player_711d3edef9,0.0,0.4033435350378227,0.38141587791096926,1558.9582119144443,1626.9779120850253,1536.0,1620.0,0.37599824138233284,0.5,test,-5.446769367504282
2806,cAtIanbt,2025-09-18 19:14:51.216000+00:00,player_aeb4606df7,player_55c792da1b,0.0,0.2275467018685857,0.1423366814461431,1821.4721819299518,2033.7928566199196,1740.0,2052.0,0.125024693001636,0.5,test,-5.322145253569253
2807,dPbT30Pu,2025-09-18 19:14:51.216000+00:00,player_7c9c160dc6,player_5e771feb7d,1.0,0.43418479693076684,0.43418479693076684,1367.0,1413.0,1367.0,1413.0,0.43418479693076684,0.5,test,-5.322145253569253
2808,fChVUrCU,2025-09-18 19:14:51.216000+00:00,player_402defafe6,player_4c26ff6930,0.0,0.3174296145252281,0.3174296145252281,1832.0,1965.0,1832.0,1965.0,0.3174296145252281,0.5,test,-5.322145253569253
2809,n5FsBsRD,2025-09-18 19:14:51.216000+00:00,player_41fb25d2fb,player_acc164288c,1.0,0.5048560659322284,0.49568276024494023,1470.9887171069188,1467.6142707844647,1440.0,1443.0,0.49568276024494023,0.5,test,-5.3404824984476855
2810,qgYEKpZ5,2025-09-18 19:14:51.216000+00:00,player_6c19f49d95,player_6e0299c725,1.0,0.7955565172562039,0.809207997485838,1612.366738471437,1376.327631589637,1632.0,1381.0,0.8118599983337865,0.5,test,-5.320196480455757
2811,rhKmeAw0,2025-09-18 19:14:51.216000+00:00,player_a71ab86adb,player_acc6657449,0.0,0.3090362686585658,0.293024705191459,1499.9244907077898,1639.7028108791505,1493.0,1646.0,0.28240827680846853,0.5,test,-5.2823830389770166
2812,to52sOhg,2025-09-18 19:14:51.216000+00:00,player_ea0bb659d0,player_30f0782407,0.0,0.4166575664161965,0.30265492141014677,1730.2313228795197,1788.6890413442875,1721.0,1866.0,0.2800809940528481,0.5,test,-5.0720187035917945
2813,y7Ng4wR7,2025-09-18 19:14:51.216000+00:00,player_3794ccac0e,player_b693603edf,0.0,0.28952067306961354,0.2423608251377483,1592.9458193451094,1748.8945657008323,1594.0,1792.0,0.23194799683241596,0.5,test,-4.994101110883602
2814,z0BHYAdc,2025-09-18 19:14:51.216000+00:00,player_12757b7f00,player_319d1e3e93,0.0,0.15258141520722038,0.13954883824228792,1345.1186969939245,1642.957235237684,1315.0,1631.0,0.13748809600868891,0.5,test,-4.976446929843066
2815,zb36W7SJ,2025-09-18 19:14:51.216000+00:00,player_04d4b5b801,player_3243f4d046,0.5,0.3790972717325061,0.32622381211167784,1766.6048582527444,1852.3140219427328,1708.0,1834.0,0.3186781648336063,0.5,test,-5.016822312760102
2816,0NBxeMyr,2025-09-18 19:15:27.919000+00:00,player_e130fe568b,player_b2c2b98932,0.0,0.37511021994313687,0.43701527189640416,1636.9427358121513,1725.6005458875468,1705.0,1749.0,0.46694860611555894,0.5,test,-5.175779751720088
2817,0gtipCSc,2025-09-18 19:15:27.919000+00:00,player_82c3c9bf16,player_b7120baa1d,1.0,0.8914865651447036,0.8817393593419074,1717.7552759513803,1351.9027591801862,1709.0,1360.0,0.8805335622474012,0.5,test,-5.188142074495699
2818,3839itGn,2025-09-18 19:15:27.919000+00:00,player_16731affd1,player_5c1fd39a9c,0.0,0.5215733330511455,0.5215733330511455,1594.0,1579.0,1594.0,1579.0,0.5215733330511455,0.5,test,-5.188142074495699
2819,5gpkyzqt,2025-09-18 19:15:27.919000+00:00,player_b38400b42f,player_0f2b14cf25,1.0,0.7720852151024212,0.6997694032620582,1776.6263243856754,1564.6692295083722,1787.0,1640.0,0.6961287704295998,0.5,test,-5.2917023424795095
2820,7MgWRg0t,2025-09-18 19:15:27.919000+00:00,player_30fca02e05,player_3c3365601e,0.0,0.36775831629553385,0.2789217568024399,1546.75831603039,1640.886565258109,1501.0,1666.0,0.2423608251377483,0.5,test,-5.110766824752258
2821,7YxBGW1a,2025-09-18 19:15:27.919000+00:00,player_4151474c72,player_94d465076b,1.0,0.9751729220654383,0.9805477980915618,2199.967361390799,1562.3049509684693,2213.0,1532.0,0.9828219117166813,0.5,test,-5.10295370039644
2822,AZ3360b9,2025-09-18 19:15:27.919000+00:00,player_19c14d418c,player_2d67ac710b,0.0,0.20876656126316695,0.19168232745054142,1560.2557673565736,1791.7132454424734,1539.0,1789.0,0.17781538884649767,0.5,test,-5.064581785511304
2823,DfTwxUg0,2025-09-18 19:15:27.919000+00:00,player_f055c06ad8,player_a3c8a4d9a6,0.0,0.3315378538227216,0.269754586702576,1991.0284452965248,2112.845924170996,1925.0,2098.0,0.2541767916495005,0.5,test,-4.955072969441979
2824,EtzaQFOo,2025-09-18 19:15:27.919000+00:00,player_4802d3675e,player_3c53727464,1.0,0.6418193571106973,0.4769904127024377,2044.7524200318476,1943.4281402144331,2025.0,2041.0,0.42994717641601177,0.5,test,-5.355717502724206
2825,Lp5IYbhh,2025-09-18 19:15:27.919000+00:00,player_2fa75eff25,player_cb83d2fefa,1.0,0.3021379012257966,0.31122643133128686,1223.64807918401,1369.0738408353773,1223.0,1361.0,0.3063120835780346,0.5,test,-5.341996579251281
2826,LyFMonIk,2025-09-18 19:15:27.919000+00:00,player_c82858060a,player_98688a5bf7,1.0,0.08199412399396477,0.050966136075934296,1575.17656091375,1994.8016532052372,1486.0,1994.0,0.04468350937179727,0.5,test,-5.949039649642042
2827,N8ntJe3q,2025-09-18 19:15:27.919000+00:00,player_5cf7b0e439,player_1b38516b74,0.0,0.1443989942480106,0.18206236894188432,1294.9834789510435,1604.0663261772029,1380.0,1641.0,0.19347247718289215,0.5,test,-6.008105779114195
2828,O1BS78rF,2025-09-18 19:15:27.919000+00:00,player_b99e1146b7,player_7d30d24744,1.0,0.501726241278247,0.6838163141936586,1956.575820703351,1955.3763006388663,1917.0,1783.0,0.7245382428425361,0.5,test,-5.640625868437474
2829,Sqe6t41V,2025-09-18 19:15:27.919000+00:00,player_3cb76895a1,player_9f6083310e,0.0,0.1838670834852514,0.17200061973883018,1134.8439649520915,1393.746727748585,1145.0,1418.0,0.18206236894188432,0.5,test,-5.638417009976837
2830,VgWMwODI,2025-09-18 19:15:27.919000+00:00,player_08095394df,player_33d1275475,1.0,0.7632363745001411,0.8038185194246843,1736.481856995792,1533.1442256720236,1776.0,1531.0,0.8127376816365348,0.5,test,-5.575576386813822
2831,iIRteSYH,2025-09-18 19:15:27.919000+00:00,player_6fb1613252,player_1e038bf320,1.0,0.9042123198875289,0.9473371258660742,1733.7733245577006,1343.7890186313855,1787.0,1285.0,0.9553164906282028,0.5,test,-5.5205978973834675
2832,jrEtkxda,2025-09-18 19:15:27.919000+00:00,player_44e0f1f4a3,player_3ef453a7f6,0.5,0.33130504369266833,0.33130504369266833,1605.0,1727.0,1605.0,1727.0,0.33130504369266833,0.5,test,-5.5205978973834675
2833,m9ZtPrVx,2025-09-18 19:15:27.919000+00:00,player_6a7243015c,player_1717e4f9fd,0.0,0.4708456906948051,0.5516235473109605,1987.2010405958436,2007.4825355044345,2034.0,1998.0,0.577092475825329,0.5,test,-5.744724450542153
2834,pzKmmKLR,2025-09-18 19:15:27.919000+00:00,player_711d3edef9,player_2ff26cc8dc,0.5,0.617187811558052,0.5658152030692333,1652.791898327446,1569.8192647463973,1625.0,1579.0,0.5558909611168531,0.5,test,-5.7227622477265125
2835,sjvXaJTM,2025-09-18 19:15:27.919000+00:00,player_5606388063,player_cb390f5ad7,1.0,0.4006127700978798,0.39784190682528303,1464.985926162093,1534.9790049721773,1535.0,1607.0,0.4019862342306564,0.5,test,-5.719339703053326
2836,xqzROvxG,2025-09-18 19:15:27.919000+00:00,player_ddde7597ad,player_030fe27be7,1.0,0.9341325136240527,0.8943199698511277,2083.0350735380894,1622.3401142544856,2063.0,1692.0,0.8705002577432696,0.5,test,-5.789889953465647
2837,yDOxoQ7d,2025-09-18 19:15:27.919000+00:00,player_05b4376c0d,player_44e465dc84,1.0,0.7573939114136277,0.7358774441014764,2017.069054264141,1819.3010088300007,1915.0,1737.0,0.7414335229692995,0.5,test,-5.811187924641065
2838,z2C4aGr9,2025-09-18 19:15:27.919000+00:00,player_09f5ca1b64,player_758210d4ff,1.0,0.6785070890772439,0.7325072897556676,1926.296615474276,1796.5434200373086,1901.0,1726.0,0.7425355589430698,0.5,test,-5.721012091659873
2839,5iuT8HnY,2025-09-18 19:16:05.777000+00:00,player_f71b9e07bb,player_19adc7dd88,0.0,0.778375452824389,0.8475387239958501,1622.8316498044742,1404.6031417542235,1686.0,1388.0,0.8533946221118819,0.5,test,-6.134252339978023
2840,6O74lWAG,2025-09-18 19:16:05.777000+00:00,player_22ccce2c6e,player_49db744355,0.0,0.6848532930746428,0.45836229728523653,1979.2106111586443,1844.3767011647124,1946.0,1975.0,0.4061446147638222,0.5,test,-5.500654776129867
2841,6vr7we3f,2025-09-18 19:16:05.777000+00:00,player_a2779f665c,player_032940e141,0.0,0.0911405229884637,0.0518079388895503,1365.9002832654744,1765.4143727748801,1326.0,1831.0,0.038927468747573586,0.5,test,-5.444795386719971
2842,B1r7jCqg,2025-09-18 19:16:05.777000+00:00,player_8c73f75e20,player_9ff72376af,1.0,0.46838170217189273,0.46838170217189273,1787.0,1809.0,1787.0,1809.0,0.46838170217189273,0.5,test,-5.444795386719971
2843,C1TMo9BZ,2025-09-18 19:16:05.777000+00:00,player_918f0c414b,player_4d6de79939,1.0,0.2991803358450717,0.26524291068345335,1738.6254872316301,1886.494780731822,1718.0,1895.0,0.25856647703070046,0.5,test,-5.59068908280136
2844,CjPLMMMH,2025-09-18 19:16:05.777000+00:00,player_fe766c1bc8,player_b6f8562add,0.0,0.39226504035493004,0.4441090388831469,1876.8273067057794,1952.8811527840726,1904.0,1943.0,0.4569335079777882,0.5,test,-5.703196182572922
2845,E968EV2a,2025-09-18 19:16:05.777000+00:00,player_21c1e07e8a,player_439af33f76,1.0,0.794610907244929,0.7781484542191325,1792.030858227666,1557.0,1775.0,1557.0,0.7741479777018306,0.5,test,-5.729285711593317
2846,F6pQntYP,2025-09-18 19:16:05.777000+00:00,player_7df46c050b,player_4ffe569776,1.0,0.7413552258655254,0.8296328234313434,1694.3902158497606,1511.4611577387675,1635.0,1360.0,0.8430219644140362,0.5,test,-5.600772596432467
2847,LNgpPAlf,2025-09-18 19:16:05.777000+00:00,player_ee333a3fc8,player_be9345437c,0.0,0.29178074582101843,0.40060320329074317,1715.3254751367099,1869.3699149702493,1783.0,1853.0,0.4398498547680971,0.5,test,-5.835321458950735
2848,MRmx7Lo4,2025-09-18 19:16:05.777000+00:00,player_be3189082e,player_3f3cd4a3de,0.0,0.05191174328745161,0.057451791076642215,1248.0,1752.633261528563,1248.0,1734.0,0.05903038296052904,0.5,test,-5.842858203555912
2849,RJM8BoX1,2025-09-18 19:16:05.777000+00:00,player_3bc07fb8e4,player_3ad246d6ae,0.0,0.6201962244269429,0.6172250309049463,1537.0661589372332,1451.87822278838,1533.0,1450.0,0.6199413590445233,0.5,test,-5.8421873837168645
2850,WCuoft8G,2025-09-18 19:16:05.777000+00:00,player_15e747c062,player_37bee017ff,1.0,0.23219906748060765,0.1423366814461431,1980.869130705378,2188.6243962981835,1830.0,2142.0,0.12692611774973042,0.5,test,-6.446177269780257
2851,WF0qLxzd,2025-09-18 19:16:05.777000+00:00,player_589dcb6ab1,player_f8aab17de5,0.0,0.03418089061146839,0.04643549472211808,1271.5550321895823,1852.0,1327.0,1852.0,0.04517754468184758,0.5,test,-6.457628416560578
2852,gXPzEnfJ,2025-09-18 19:16:05.777000+00:00,player_3b38c16574,player_7b8d0ade12,0.0,0.35197970526424355,0.2248471343503159,1503.5822672829004,1609.610660903433,1498.0,1713.0,0.23607530085516135,0.5,test,-6.293081208478794
2853,jmOB6Z61,2025-09-18 19:16:05.777000+00:00,player_0c1124af83,player_c4e2ba07e4,1.0,0.37252233911698124,0.35596614617770733,1725.3656658618572,1815.944044913646,1657.0,1760.0,0.34678283278113026,0.5,test,-6.364679473387457
2854,s4udpcCL,2025-09-18 19:16:05.777000+00:00,player_0008d08957,player_a085c713bc,1.0,0.5500399798354842,0.7199190059471519,1575.8684848572352,1540.9803528933703,1631.0,1467.0,0.750163481828642,0.5,test,-6.054379281033499
2855,tuHNEyUE,2025-09-18 19:16:05.777000+00:00,player_6e7ce99497,player_68cd6a7975,0.0,0.5494782421768362,0.5172625244323762,1721.9573349153295,1687.463442802073,1709.0,1697.0,0.5143871841659987,0.5,test,-5.979374022822927
2856,yTbxp3Wm,2025-09-18 19:16:05.777000+00:00,player_a83015db7a,player_d77e1042b1,1.0,0.3207395094773869,0.34678283278113026,1508.2979510260618,1638.6515085142335,1524.0,1634.0,0.34029200585525193,0.5,test,-5.9201992297876105
2857,458tNmkY,2025-09-18 19:16:05.778000+00:00,player_027062e744,player_2ddfe5d3c2,0.0,0.06586709716681619,0.054412860433875235,1263.0,1723.6960581602332,1263.0,1759.0,0.05237642552941253,0.5,test,-5.905860602090265
2858,Ad7L0gWi,2025-09-18 19:16:05.778000+00:00,player_a36abe8586,player_581806056b,0.0,0.5854986786718095,0.5854986786718095,1764.0,1704.0,1764.0,1704.0,0.5854986786718095,0.5,test,-5.905860602090265
2859,G7tg0GXy,2025-09-18 19:16:05.778000+00:00,player_86b575d4f4,player_8b1b5de140,1.0,0.8534742442784443,0.8948627896440804,1517.433491172319,1211.3229112731667,1595.0,1223.0,0.9027140342685218,0.5,test,-5.849770148103131
2860,RtxwfkYV,2025-09-18 19:16:05.778000+00:00,player_022f3943e8,player_b31a497ea4,1.0,0.5100724469274385,0.5100724469274385,1665.0,1658.0,1665.0,1658.0,0.5100724469274385,0.5,test,-5.849770148103131
2861,lOu9fHgj,2025-09-18 19:16:05.778000+00:00,player_5658e0bf0b,player_edec05ad15,0.0,0.1181364607915656,0.10459685263267142,1415.0,1764.2069724625171,1415.0,1788.0,0.10140597110901775,0.5,test,-5.830976122977296
2862,m2xUIkxi,2025-09-18 19:16:05.778000+00:00,player_fb6e3eaacd,player_19a2905cfc,0.5,0.1339810651177693,0.1067730871742089,1131.0,1455.1935846604006,1131.0,1500.0,0.10193172098897373,0.5,test,-5.9495041084511335
2863,61zBu4Dt,2025-09-18 19:16:43.508000+00:00,player_88e5dd9bf7,player_39b330901c,0.0,0.15929570529010761,0.2847472489508014,1779.303755179616,2068.279434734934,1825.0,1985.0,0.32749035666501497,0.5,test,-6.17272764416737
2864,7hR8OmiB,2025-09-18 19:16:43.508000+00:00,player_a2a0ffb32d,player_025a8fd90a,1.0,0.9485055682465803,0.9567678748368029,2128.3087292827245,1622.1968833800447,2114.0,1576.0,0.9586331507760623,0.5,test,-6.162106835487968
2865,7rJxzSvj,2025-09-18 19:16:43.508000+00:00,player_b21cbf6e60,player_2b7c501ae4,1.0,0.1108546285437919,0.21400339771784252,1611.8845694921374,1973.5721458982189,1678.0,1904.0,0.2423608251377483,0.5,test,-5.37989889703057
2866,EpxRGYv9,2025-09-18 19:16:43.508000+00:00,player_9cb6024ca1,player_a5275371e3,0.0,0.2888854798292595,0.2530870785710568,1650.4058369516056,1806.891370140938,1681.0,1869.0,0.25746444105693017,0.5,test,-5.336661622658184
2867,KFSlcElf,2025-09-18 19:16:43.508000+00:00,player_80e7015e8d,player_b2eca59be9,0.0,0.1426607073439435,0.22185154578086755,1733.3302897145447,2044.869631827501,1784.0,2002.0,0.25526959313496533,0.5,test,-5.477473087412938
2868,KcxgThSx,2025-09-18 19:16:43.508000+00:00,player_076a4e5b74,player_ec35d2917b,1.0,0.8148239256619542,0.8475387239958501,1830.5290063750908,1573.1374464889532,1856.0,1558.0,0.8548291775317596,0.5,test,-5.429543478565673
2869,LcO4MVFA,2025-09-18 19:16:43.508000+00:00,player_f1b643f60c,player_930678778f,0.0,0.07264580031853426,0.05013728806915506,1248.0675655756752,1690.481617757193,1204.0,1715.0,0.03152031263320277,0.5,test,-5.386151554246361
2870,M3WJRWWb,2025-09-18 19:16:43.508000+00:00,player_6cf377a2da,player_e29c1979bc,0.0,0.4355995097595788,0.4355995097595788,2009.0,2054.0,2009.0,2054.0,0.4355995097595788,0.5,test,-5.386151554246361
2871,N9CCEESK,2025-09-18 19:16:43.508000+00:00,player_e05bc80ecf,player_f62f614b04,0.0,0.11946643775259876,0.11946643775259876,1456.0,1803.0,1456.0,1803.0,0.11946643775259876,0.5,test,-5.386151554246361
2872,Qk5ppkAH,2025-09-18 19:16:43.508000+00:00,player_13482fff35,player_8ed1a7354e,1.0,0.43181668734431117,0.41869852163108506,1614.3055297201377,1661.9811509512824,1558.0,1615.0,0.4243130476235704,0.5,test,-5.403681214908991
2873,TAQMCwAC,2025-09-18 19:16:43.508000+00:00,player_9739737f0b,player_dad7fc297e,1.0,0.57260115772973,0.46122190794282847,1762.8511926716817,1712.0436405293526,1713.0,1740.0,0.43135860811633236,0.5,test,-5.686930847907728
2874,Tiny9pQU,2025-09-18 19:16:43.508000+00:00,player_16ec20cd15,player_26faf633c9,1.0,0.8485333356264436,0.8437822479242926,2239.1304063697157,1939.789667430458,2160.0,1867.0,0.8504903015468027,0.5,test,-5.684627210991833
2875,UsO7saxy,2025-09-18 19:16:43.508000+00:00,player_399f4200e6,player_17459335f4,0.0,0.25550904661681817,0.16160309261305672,1694.5804589991262,1880.3617163381036,1622.0,1908.0,0.14445792510730254,0.5,test,-5.545592638014541
2876,W8s5QmrP,2025-09-18 19:16:43.508000+00:00,player_75859a95e0,player_dfa290cf4a,1.0,0.7022192085461058,0.7093546305987634,1792.5163333624546,1643.485923306079,1810.0,1655.0,0.7105400123698378,0.5,test,-5.533812994439686
2877,Y1g0HHQm,2025-09-18 19:16:43.508000+00:00,player_673ef7a950,player_189cd09511,1.0,0.4741190691088309,0.4741190691088309,1886.0,1904.0,1886.0,1904.0,0.4741190691088309,0.5,test,-5.533812994439686
2878,eIclMJYl,2025-09-18 19:16:43.508000+00:00,player_702cea49a9,player_8824ea67c7,0.0,0.18613107157368858,0.14660537788811823,1390.175244255045,1646.469480592821,1391.0,1697.0,0.13680688860321,0.5,test,-5.474973892285036
2879,f6Zt25hr,2025-09-18 19:16:43.508000+00:00,player_668863653e,player_085c0b189a,1.0,0.3373828784348381,0.33642590195870453,1822.349846022789,1939.6056917819144,1852.0,1970.0,0.3186781648336063,0.5,test,-5.532010609663952
2880,fWnA5I48,2025-09-18 19:16:43.508000+00:00,player_a7ac2ec840,player_934446d768,0.0,0.23933119416460485,0.36392310031211805,1881.1521822129926,2082.030701784387,1823.0,1920.0,0.41869852163108506,0.5,test,-5.800939145727045
2881,gtSAjB8b,2025-09-18 19:16:43.508000+00:00,player_e6eaacd950,player_725002b39f,1.0,0.2867342713689199,0.269754586702576,1386.8625535110468,1545.1712547268567,1399.0,1572.0,0.27089003710224746,0.5,test,-5.857782077476022
2882,ixsSKNhm,2025-09-18 19:16:43.508000+00:00,player_7e1d5365e3,player_adcfd517c2,1.0,0.4262225966360247,0.469815319996098,1635.6063528067198,1687.249140885043,1606.0,1627.0,0.4769904127024377,0.5,test,-5.74524742306011
2883,ktLhzFi9,2025-09-18 19:16:43.508000+00:00,player_66f728d0f2,player_6393a121b1,1.0,0.8636354204931815,0.8526729520561114,1685.6300850297507,1364.9785377416238,1701.0,1396.0,0.8504903015468027,0.5,test,-5.760585127255501
2884,lTaVccJr,2025-09-18 19:16:43.508000+00:00,player_7462a888ca,player_bf51230720,0.0,0.3031811726116222,0.18551641249528777,1716.4459566678238,1861.0130158851157,1630.0,1887.0,0.17282198303686044,0.5,test,-5.589090644053856
2885,pbiXbtOQ,2025-09-18 19:16:43.508000+00:00,player_7b3de668c2,player_bcffd808b4,1.0,0.07060123774201346,0.10140597110901775,1206.7320243256604,1654.4879342593622,1200.0,1579.0,0.0747735563264481,0.5,test,-5.531674022727703
2886,pyYJdFZr,2025-09-18 19:16:43.508000+00:00,player_b6ef45444b,player_b8d557fe65,1.0,0.738987680804183,0.7830774434096761,1749.502934647397,1568.7124574235265,1757.0,1534.0,0.7964546997117258,0.5,test,-5.456785019900091
2887,s9OV47sq,2025-09-18 19:16:43.508000+00:00,player_4a2bd4876a,player_c5b91a311c,1.0,0.716973548645123,0.8019966441144332,1759.3084172991576,1597.8379743472908,1823.0,1580.0,0.8230246289217321,0.5,test,-5.318837842095735
2888,xtFZ8kAH,2025-09-18 19:16:43.508000+00:00,player_54f56d1fc6,player_d39c4ff769,0.0,0.3037240680298565,0.29902260138989206,1691.2216225970253,1835.342492657823,1696.0,1844.0,0.46838170217189273,0.5,test,-5.588658131302751
2889,1EqNkBia,2025-09-18 19:17:21.554000+00:00,player_935717ae79,player_bfcbc58a7a,1.0,0.7704471096168127,0.8376154583713974,1539.6152213514213,1329.2711954618972,1538.0,1253.0,0.8504903015468027,0.5,test,-5.489816130937895
2890,5CeWeiei,2025-09-18 19:17:21.554000+00:00,player_ba5449c385,player_d6d0acaffa,1.0,0.24886969241327744,0.2509169371224644,1826.5664343920118,2018.4637443036527,1803.0,1993.0,0.2630052394593107,0.5,test,-5.43457161290169
2891,7QRY7GZ9,2025-09-18 19:17:21.554000+00:00,player_b2c2b98932,player_9b8a087a10,1.0,0.3662121524833893,0.3520169867496943,1749.6075999639074,1844.892062227857,1754.0,1860.0,0.34808796012533627,0.5,test,-5.485329223146767
2892,97ZRlqne,2025-09-18 19:17:21.554000+00:00,player_2d90ba57fc,player_1348bf52c1,0.0,0.389597577905311,0.389597577905311,1639.0,1717.0,1639.0,1717.0,0.389597577905311,0.5,test,-5.485329223146767
2893,9vvmxgiH,2025-09-18 19:17:21.554000+00:00,player_7f5ab1205b,player_3e7849ca33,1.0,0.4150309694656523,0.47555453887933863,1950.0753809368177,2009.6963287059036,1932.0,1949.0,0.49280491829094863,0.5,test,-5.313568973343883
2894,AOseoS8w,2025-09-18 19:17:21.554000+00:00,player_9f1e963216,player_497848644b,0.0,0.23619352949335498,0.3186781648336063,1656.1536382667232,1860.039773131639,1740.0,1872.0,0.3493953720661275,0.5,test,-5.473981292220548
2895,ICSj8NYb,2025-09-18 19:17:21.554000+00:00,player_e49d48485c,player_9ead8cc339,1.0,0.7071853711780774,0.8019966441144332,2162.7673629002256,2009.5911635791451,2161.0,1918.0,0.8246953134461684,0.5,test,-5.32026011669327
2896,J9QLXg16,2025-09-18 19:17:21.554000+00:00,player_a4886874e6,player_e130fe568b,0.0,0.3978872948969421,0.3679299878999264,1540.9685939101068,1612.9356817357907,1603.0,1697.0,0.344179494087605,0.5,test,-5.234817629790609
2897,JM27379r,2025-09-18 19:17:21.554000+00:00,player_cce147b73d,player_23cb130ca5,1.0,0.5700528235839882,0.5700528235839882,1939.0,1890.0,1939.0,1890.0,0.5700528235839882,0.5,test,-5.234817629790609
2898,Mq6rBnqK,2025-09-18 19:17:21.554000+00:00,player_08095bbe41,player_e6f9b441e6,0.0,0.40795644167121453,0.39784190682528303,1623.6020941326087,1688.29804017576,1625.0,1697.0,0.3950870979920432,0.5,test,-5.213313356182078
2899,UYvTuI4N,2025-09-18 19:17:21.554000+00:00,player_4e9600c58c,player_540d86d55a,1.0,0.43418479693076684,0.43418479693076684,1550.0,1596.0,1550.0,1596.0,0.43418479693076684,0.5,test,-5.213313356182078
2900,Y3nl2aaK,2025-09-18 19:17:21.554000+00:00,player_7129444c47,player_9185166f82,1.0,0.7306820802470237,0.7164236941029388,1766.719740266267,1593.3344581557758,1766.0,1605.0,0.7129021574054539,0.5,test,-5.237947626230422
2901,ePCndAqY,2025-09-18 19:17:21.554000+00:00,player_23195b6a66,player_ef3c7b9cb8,1.0,0.9530516317111395,0.9837672404220318,1815.303241451092,1292.3048708617284,1898.0,1185.0,0.9874251107913401,0.5,test,-5.202516049771822
2902,ejj9UMLR,2025-09-18 19:17:21.554000+00:00,player_a0761cb3ca,player_a061c50a68,1.0,0.2802908421997512,0.2720284864558038,1798.0073397078306,1961.8265878317407,1760.0,1931.0,0.27089003710224746,0.5,test,-5.236630864600924
2903,oN1ML1cL,2025-09-18 19:17:21.554000+00:00,player_5b7e285197,player_26751a19ed,1.0,0.389597577905311,0.389597577905311,1378.0,1456.0,1378.0,1456.0,0.389597577905311,0.5,test,-5.236630864600924
2904,pmUreRPz,2025-09-18 19:17:21.554000+00:00,player_86b23a224d,player_82caa1c0b9,0.0,0.09863964601893406,0.19437230595634977,1174.7173535216687,1559.0561322399922,1379.0,1626.0,0.23092407656660718,0.5,test,-5.3953462964610255
2905,qc8BEYaD,2025-09-18 19:17:21.554000+00:00,player_26a6cc3796,player_b0bebdfa76,0.0,0.37215603953219145,0.4741190691088309,1655.5053341605164,1746.355993996867,1733.0,1751.0,0.49424379158885506,0.5,test,-5.611583209837833
2906,sGzslrJx,2025-09-18 19:17:21.554000+00:00,player_76d8db066a,player_c915911c44,1.0,0.7177774037003263,0.6519120398746636,2149.372458521392,1987.2132587640087,2109.0,2000.0,0.6347433350523167,0.5,test,-5.7345219877024345
2907,sVA4Jg2L,2025-09-18 19:17:21.554000+00:00,player_b95ff8ed32,player_0d374b7141,1.0,0.9250786293595014,0.937689793726165,2012.3493392757541,1575.7201655473816,2017.0,1546.0,0.9443901832417966,0.5,test,-5.713861315861537
2908,tm6HuJcb,2025-09-18 19:17:21.554000+00:00,player_a4af4da67c,player_5606388063,1.0,0.5521809247007311,0.6226501957872621,1539.7382332166983,1503.3467088758287,1629.0,1542.0,0.6387377491117249,0.5,test,-5.5682431087142135
2909,uxxatJcf,2025-09-18 19:17:21.554000+00:00,player_003e58a5a1,player_4ca3738b51,0.5,0.7165180722930015,0.7458232083504994,1436.0807085861313,1275.0,1462.0,1275.0,0.7512407935337106,0.5,test,-5.609913222141866
2910,v3JhGL54,2025-09-18 19:17:21.554000+00:00,player_a9b8e0441a,player_f5a9fa68bd,0.0,0.11811006751075936,0.04024041563137576,1455.6101193325233,1804.8611061515808,1300.0,1851.0,0.01901783656956512,0.5,test,-5.503426199893283
2911,3xaqbKgQ,2025-09-18 19:17:59.541000+00:00,player_39aa036cb7,player_fc42350db1,0.0,0.0008691664996660931,0.0005245321818475981,1231.2454129157393,2455.453166000596,1150.0,2462.0,0.0004648342048447881,0.5,test,-5.503021597723157
2912,6QMu2Sm0,2025-09-18 19:17:59.541000+00:00,player_ad0e8c47f8,player_a3a990c92f,1.0,0.016039525576790566,0.02505982123938214,1294.8912686090798,2010.0057225343512,1369.0,2005.0,0.027258224711437025,0.5,test,-4.97272232237489
2913,6m6MEvIz,2025-09-18 19:17:59.541000+00:00,player_2ff21a918f,player_987e5d4a79,0.0,0.052641661543963984,0.04618126740085911,1625.4593863465268,2127.5332637296806,1570.0,2096.0,0.04492987994259616,0.5,test,-4.964614975360078
2914,BfYlK95S,2025-09-18 19:17:59.541000+00:00,player_7af80abc6c,player_6e7ce99497,0.0,0.522775830671366,0.5043172397550598,1702.6279554528392,1686.790727416012,1701.0,1698.0,0.502878199574811,0.5,test,-4.923766245167561
2915,DNPzC27f,2025-09-18 19:17:59.541000+00:00,player_4870195560,player_1d9e1a3cc1,0.0,0.20324918455633018,0.1899048413952433,1491.243799589684,1728.5612814962624,1446.0,1698.0,0.18551641249528777,0.5,test,-4.90175394448104
2916,LycaKIsV,2025-09-18 19:17:59.541000+00:00,player_1b38516b74,player_6a86663d7d,0.0,0.3696508336689539,0.46694860611555894,1613.3078618090756,1706.0236589290553,1643.0,1666.0,0.48561281583400134,0.5,test,-5.1050515841358415
2917,PDnvD81m,2025-09-18 19:17:59.541000+00:00,player_928c2e13f3,player_e5ce0ac3ce,0.0,0.08114076212057976,0.081831824755152,1817.3971987942202,2239.0011601539445,1794.0,2214.0,0.08011834302901932,0.5,test,-5.103939497925331
2918,SK4WV9TK,2025-09-18 19:17:59.541000+00:00,player_03e45ffb64,player_649f518fcf,0.0,0.08980685121101181,0.11886221644630175,1693.808216887169,2096.137853945067,1713.0,2061.0,0.1347802947714417,0.5,test,-5.154612857165928
2919,SlPVMXIY,2025-09-18 19:17:59.541000+00:00,player_abbe762f0d,player_d539a5e529,0.0,0.6359273309968724,0.6427130688326204,1617.763138108248,1520.875372919404,1562.0,1460.0,0.6506046279338725,0.5,test,-5.195762192758043
2920,Wa46LaWR,2025-09-18 19:17:59.541000+00:00,player_21485bca27,player_acc6657449,0.0,0.6082400288513896,0.6347433350523167,1735.9031076944275,1659.4811320732988,1745.0,1649.0,0.6226501957872621,0.5,test,-5.233238906623705
2921,YAwzBArC,2025-09-18 19:17:59.541000+00:00,player_ba1bfc0b56,player_d6a4bed269,0.0,0.14605052800238646,0.13885906434295667,1745.0224159819159,2051.7940331678824,1717.0,2034.0,0.13545299458869567,0.5,test,-5.220905255792143
2922,YVqlzAyN,2025-09-18 19:17:59.541000+00:00,player_333b727a80,player_28f12ab761,1.0,0.5060427969808826,0.6453524504393825,1586.0812453316723,1581.882075463417,1704.0,1600.0,0.6750402010402987,0.5,test,-4.932754254320792
2923,Ytgp83Wq,2025-09-18 19:17:59.541000+00:00,player_91842e1e7a,player_2bca732ca4,1.0,0.4771294568397014,0.5373473171664928,1491.3622109046016,1507.2653893333973,1523.0,1497.0,0.5516235473109605,0.5,test,-4.78767627226
2924,Z8f55Rr4,2025-09-18 19:17:59.541000+00:00,player_c94197573d,player_a71ab86adb,1.0,0.9418319380876551,0.9440870944880482,1963.8616973766298,1480.1461695136416,1981.0,1490.0,0.9428591346675568,0.5,test,-4.786586229762893
2925,ZG6fANnd,2025-09-18 19:17:59.541000+00:00,player_bd9a49b1b8,player_2c115abdde,1.0,0.2947675532056364,0.3075366074204823,2277.379438823376,2428.9204823893706,2204.0,2345.0,0.31992932426277854,0.5,test,-4.704673210546263
2926,ZbtGiQud,2025-09-18 19:17:59.541000+00:00,player_f82ab97e20,player_fe238bcb8d,0.0,0.20327382840727928,0.15246127600415,1506.35498472057,1743.6460314675753,1507.0,1805.0,0.14093699762332623,0.5,test,-4.62934199323436
2927,aT8sbaB3,2025-09-18 19:17:59.541000+00:00,player_ddb8c01472,player_cfffc59502,0.5,0.45575490650216693,0.5086338358210827,2068.709830155208,2099.5350980117887,2076.0,2070.0,0.5186997779295586,0.5,test,-4.626111179861038
2928,bSThUDeh,2025-09-18 19:17:59.541000+00:00,player_11d4d71a9d,player_7c9c160dc6,1.0,0.47417160036682304,0.45265148195413535,1385.2487733171681,1403.212172996431,1341.0,1374.0,0.4483764526890395,0.5,test,-4.6820472863861315
2929,bU3mBuJT,2025-09-18 19:17:59.541000+00:00,player_68cd6a7975,player_e558f7f0c0,0.0,0.29188081133903215,0.3692697113837977,1722.6300503013904,1876.5903776211326,1703.0,1796.0,0.37599824138233284,0.5,test,-4.808506524814666
2930,cF9gIRBi,2025-09-18 19:17:59.541000+00:00,player_6a3f628a42,player_76a12ceccb,1.0,0.8790255969078389,0.8964765078981858,2027.0699854041673,1682.5467718635116,2081.0,1706.0,0.9037204383519798,0.5,test,-4.78080047960857
2931,eABC44Ax,2025-09-18 19:17:59.541000+00:00,player_cee0c9e7a2,player_8e9eeed1e1,1.0,0.9078650313812476,0.9215623250569782,1714.4387185037376,1317.0,1745.0,1317.0,0.9244260414259254,0.5,test,-4.762723154138512
2932,eKm6PWUK,2025-09-18 19:17:59.541000+00:00,player_10365fd30d,player_df147156b7,0.0,0.5397753675081005,0.654519994382466,2079.6884782779134,2051.9911974071456,2045.0,1934.0,0.6900062072803139,0.5,test,-5.15788558213692
2933,efDMO83u,2025-09-18 19:17:59.541000+00:00,player_fb6e3eaacd,player_cd4070b519,0.0,0.2830481078031471,0.24768500639431762,1154.4252118324628,1315.877115570253,1139.0,1332.0,0.23503873644731077,0.5,test,-5.093069127860089
2934,k3dbHsQS,2025-09-18 19:17:59.541000+00:00,player_2ff421b778,player_fe15c1f5ed,0.0,0.6811412373809803,0.6887735686687132,1933.9124225864475,1802.056895568745,1937.0,1799.0,0.672509643334985,0.5,test,-5.0663587728473125
2935,l8k3xNUH,2025-09-18 19:17:59.541000+00:00,player_6fb1613252,player_179d43c942,0.0,0.14303154829278733,0.12628957905491864,1739.9037360848988,2050.916933821826,1788.0,2124.0,0.12190992605740426,0.5,test,-5.042010700005527
2936,pXcaWnfK,2025-09-18 19:17:59.541000+00:00,player_e6c0205af9,player_2c3a5ed333,0.0,0.07843767494302172,0.07843767494302172,1444.0,1872.0,1444.0,1872.0,0.07843767494302172,0.5,test,-5.042010700005527
2937,rJ6usomb,2025-09-18 19:17:59.541000+00:00,player_d5f04bdeec,player_8f396e4253,0.0,0.5201437378123897,0.24130537985314435,1768.991830226743,1754.9869472431435,1588.0,1787.0,0.19347247718289215,0.5,test,-4.522759282057802
2938,tPnM6s0M,2025-09-18 19:17:59.541000+00:00,player_19a2905cfc,player_5cf7b0e439,0.0,0.6985906623518957,0.6622877974308888,1431.7683728279378,1285.7419433191708,1495.0,1378.0,0.6532171672188698,0.5,test,-4.382529806789753
2939,684tO7u0,2025-09-18 19:18:37.294000+00:00,player_cee0c9e7a2,player_5b7e285197,1.0,0.8514172357031532,0.8887546456176784,1720.3353564953377,1417.0657550140602,1746.0,1385.0,0.8959410508417222,0.5,test,-4.331557484594457
2940,8dXSHNxy,2025-09-18 19:18:37.294000+00:00,player_3288d41c63,player_f931cf221d,1.0,0.6369198044562321,0.726830072276731,1791.5589812429228,1693.9261042724418,1811.0,1641.0,0.7458232083504994,0.5,test,-4.173712650575214
2941,CWelIcnD,2025-09-18 19:18:37.294000+00:00,player_f7ec6e6f48,player_2974fd4830,1.0,0.6089487914604869,0.667418421873223,2044.1986887240873,1967.259832530028,2024.0,1903.0,0.676301669492737,0.5,test,-4.068807595331743
2942,DGMGLtiG,2025-09-18 19:18:37.294000+00:00,player_95f21b86f5,player_c8dd4feac5,1.0,0.42553082904302314,0.3937121762145718,1622.2906383106833,1674.424917351783,1622.0,1697.0,0.38141587791096926,0.5,test,-4.178254671505533
2943,DVjHI9Ho,2025-09-18 19:18:37.294000+00:00,player_bbe1117cf1,player_bb0b4d71cc,1.0,0.6336545019938297,0.5924662305843318,1813.8496061505334,1718.664939789855,1809.0,1744.0,0.5387780920571715,0.5,test,-4.340454744779137
2944,FJ4GCuY4,2025-09-18 19:18:37.294000+00:00,player_be6cb720c5,player_eea014ce1f,1.0,0.6404820910510034,0.6427130688326204,1277.5445574411333,1177.2299728250182,1319.0,1217.0,0.6571186864870786,0.5,test,-4.314811253523937
2945,M3JLoKck,2025-09-18 19:18:37.294000+00:00,player_c59a1d1098,player_b03e4cbf3a,1.0,0.923967861498366,0.9356410059682176,1759.3369623745439,1325.4730985310246,1745.0,1280.0,0.940003038370024,0.5,test,-4.2976054350651784
2946,PhYazCTu,2025-09-18 19:18:37.294000+00:00,player_5dc4bce2c1,player_257b0330b9,1.0,0.7895638886106138,0.7392202541406678,1972.344631202508,1742.6378274703663,1938.0,1757.0,0.7152527510491987,0.5,test,-4.396450210163583
2947,QEc18499,2025-09-18 19:18:37.294000+00:00,player_c500c8643c,player_1841a7900d,0.0,0.1525370203987567,0.18292116580002576,1488.7270632263512,1786.6252539740906,1591.0,1851.0,0.18551641249528777,0.5,test,-4.436143089131823
2948,XtsA5I4c,2025-09-18 19:18:37.294000+00:00,player_bf79f2e0ca,player_d0047f4ae9,0.0,0.43847357385398544,0.4271277486054956,1756.965619972713,1799.9363300988532,1838.0,1889.0,0.4243130476235704,0.5,test,-4.4112378981898726
2949,e3gaQVUX,2025-09-18 19:18:37.294000+00:00,player_f14a11f9f0,player_25d490f1a0,0.0,0.7045998856818101,0.8263535539440318,2106.341029944011,1955.3282662090548,2095.0,1824.0,0.8504903015468027,0.5,test,-5.092207391958384
2950,j7AOf9Nf,2025-09-18 19:18:37.294000+00:00,player_3f85eadf5f,player_925c48e1c4,1.0,0.5864246626748164,0.6062878237854281,1552.6630376254561,1492.0,1567.0,1492.0,0.6104024220946891,0.5,test,-5.052133151406436
2951,kG002wUv,2025-09-18 19:18:37.294000+00:00,player_eaabf28647,player_e6e504dacd,1.0,0.8100951586047567,0.8100951586047567,1764.0,1512.0,1764.0,1512.0,0.8100951586047567,0.5,test,-5.052133151406436
2952,kUrGgNK2,2025-09-18 19:18:37.294000+00:00,player_a43116799c,player_f227e4b9e0,0.0,0.8242329053895951,0.9185996494207047,1626.9543017862766,1358.5093519335612,1757.0,1336.0,0.9352934990460783,0.5,test,-6.0514312691166365
2953,lXqukjWn,2025-09-18 19:18:37.294000+00:00,player_ceb09b75c0,player_eaa0f84f04,1.0,0.6025127098279883,0.5244454611206615,2121.5726571745136,2049.315470695731,2097.0,2080.0,0.5057562084111449,0.5,test,-6.226485277784337
2954,tIWEpDy9,2025-09-18 19:18:37.294000+00:00,player_563ade11f6,player_80535e6838,1.0,0.3617404533451911,0.3136997423166875,1643.7229881336148,1742.363084488204,1686.0,1822.0,0.30265492141014677,0.5,test,-6.404818969481214
2955,xF9loeyZ,2025-09-18 19:18:37.294000+00:00,player_19e00af498,player_57f89e6d2a,0.5,0.38924431034455004,0.3612622508882752,1869.0455282360022,1947.3036275657769,1820.0,1919.0,0.3572869311673796,0.5,test,-6.422152292192744
2956,zAy1Vmpq,2025-09-18 19:18:37.294000+00:00,player_11f890c0d7,player_980d5178c5,0.0,0.32365943748845327,0.46838170217189273,1562.070887789926,1690.1017515363044,1624.0,1646.0,0.5100724469274385,0.5,test,-6.744591502772003
2957,9mFAMqRp,2025-09-18 19:19:17.233000+00:00,player_c115812a60,player_a5f43760a2,0.0,0.228462045429556,0.10954936127707525,1499.2696339778713,1710.6869278230095,1384.0,1748.0,0.09283006384728522,0.5,test,-6.582647575916167
2958,GIbHc57S,2025-09-18 19:19:17.233000+00:00,player_c343e7f336,player_b21cbf6e60,1.0,0.6599490800565324,0.5359159269451023,1783.976462754844,1668.7898732653348,1712.0,1687.0,0.5057562084111449,0.5,test,-6.848755504906019
2959,GJfk1lgf,2025-09-18 19:19:17.233000+00:00,player_7ac78dcfca,player_02c1b57fd3,1.0,0.46967843743946475,0.43418479693076684,2048.820285904682,2069.915751146475,1978.0,2024.0,0.422907524174671,0.5,test,-6.953650253621176
2960,Iznio4PM,2025-09-18 19:19:17.233000+00:00,player_266941d75e,player_6835265010,1.0,0.5579273157671071,0.5100724469274385,1351.189191448247,1310.755613796911,1333.0,1326.0,0.4741190691088309,0.5,test,-7.1164204582352095
2961,JjjzcjiG,2025-09-18 19:19:17.233000+00:00,player_05bddac032,player_06cd8b8e81,0.0,0.8318366786937605,0.9006730359903561,2122.4230154719367,1844.7002995617138,2133.0,1750.0,0.9177346187993988,0.5,test,-7.831405738397878
2962,UcnSopXG,2025-09-18 19:19:17.233000+00:00,player_b062a8d707,player_499ee42b6f,1.0,0.8116274065506673,0.820495207286423,1713.7562554894216,1460.0206608616636,1738.0,1474.0,0.8136122105055869,0.5,test,-7.828963261706051
2963,VrGN0iaU,2025-09-18 19:19:17.233000+00:00,player_b2eca59be9,player_9a46ffbbd8,0.0,0.5839081120007956,0.4441090388831469,2053.9999170975134,1995.137813189718,2004.0,2043.0,0.39784190682528303,0.5,test,-7.459349358110336
2964,XK7gR9S6,2025-09-18 19:19:17.233000+00:00,player_7daf8cb2ff,player_4d0a03a3f3,0.0,0.4072866922643536,0.40060320329074317,1968.1006071439015,2033.2783903846453,1900.0,1970.0,0.3950870979920432,0.5,test,-7.438975695342542
2965,Xb87HkE4,2025-09-18 19:19:17.233000+00:00,player_26751a19ed,player_3c0caab166,1.0,0.8559553881882255,0.8841193563384137,1416.9342449859398,1107.352599945613,1449.0,1096.0,0.8658895824550439,0.5,test,-7.42743655602913
2966,dKh6AR3i,2025-09-18 19:19:17.233000+00:00,player_2b7c501ae4,player_542768fe24,1.0,0.6402004062012956,0.7425355589430698,1916.6668421250215,1816.564731461937,1895.0,1711.0,0.7565805942950526,0.5,test,-7.260408754751822
2967,dTtitp4x,2025-09-18 19:19:17.233000+00:00,player_f9672567d0,player_1356323f37,1.0,0.20702067135047333,0.21594631611218493,1568.9444830451037,1802.2437445105784,1555.0,1779.0,0.21497326300182792,0.5,test,-7.222713742364327
2968,f0XfPHYB,2025-09-18 19:19:17.233000+00:00,player_80e7015e8d,player_1c67074439,0.0,0.3869801494174296,0.45979177167625435,1724.2000044445324,1804.1143444221416,1781.0,1809.0,0.48992755307256153,0.5,test,-7.406558292027064
2969,glEghej3,2025-09-18 19:19:17.233000+00:00,player_94452001f9,player_3f3cd4a3de,1.0,0.5471316939135916,0.525880930891169,1788.803591233013,1755.95561309896,1752.0,1734.0,0.5215733330511455,0.5,test,-7.45439793814929
2970,kDkKM9fh,2025-09-18 19:19:17.233000+00:00,player_d3c19a0bce,player_0008d08957,1.0,0.9221130635783812,0.9006730359903561,2033.993747321254,1604.6659261477641,2017.0,1634.0,0.8948627896440804,0.5,test,-7.484395383935779
2971,kIzRCwWq,2025-09-18 19:19:17.233000+00:00,player_b50b13c09a,player_f226a787f8,1.0,0.595149448071228,0.6360768996878818,1882.739351728131,1815.8068319294096,1917.0,1820.0,0.6427130688326204,0.5,test,-7.407509544735362
2972,lycgxRkF,2025-09-18 19:19:17.233000+00:00,player_1c7fb91567,player_6cf377a2da,1.0,0.26064479480646396,0.238157890082064,1800.0,1981.1216313753869,1800.0,2002.0,0.23092407656660718,0.5,test,-7.528579102074862
2973,mL6FrMcC,2025-09-18 19:19:17.233000+00:00,player_3a5f3f5148,player_dcbf56325c,1.0,0.4301614420009558,0.3652566649476832,2129.029347915666,2177.8774891195417,2018.0,2114.0,0.34808796012533627,0.5,test,-7.740284479996759
2974,sHbr1l7k,2025-09-18 19:19:17.233000+00:00,player_90b1013359,player_e1ccd38199,0.0,0.332182296468319,0.26524291068345335,1838.1154920868753,1959.428069944007,1822.0,1999.0,0.24768500639431762,0.5,test,-7.621144606662995
2975,swetJ86z,2025-09-18 19:19:17.233000+00:00,player_76190258fa,player_3249ad022d,1.0,0.6212967231224545,0.6212967231224545,2020.0,1934.0,2020.0,1934.0,0.6212967231224545,0.5,test,-7.621144606662995
2976,tmWp55F3,2025-09-18 19:19:17.233000+00:00,player_758210d4ff,player_4a983ef4e0,0.0,0.4240948457761832,0.41869852163108506,1775.9678737382521,1829.1230621702143,1723.0,1780.0,0.41589904118632204,0.5,test,-7.607013748426527
2977,wD9QgQnW,2025-09-18 19:19:17.233000+00:00,player_220a065799,player_f71b9e07bb,0.0,0.12687044255242236,0.06827881429312657,1237.9283266027267,1573.0156208237133,1222.0,1676.0,0.05839412555299908,0.5,test,-7.5315109034016245
2978,wLKmbSBo,2025-09-18 19:19:17.233000+00:00,player_7c5941499d,player_e29c1979bc,0.0,0.08839882292522498,0.07358755611757352,1676.5350105946684,2081.878368624613,1631.0,2071.0,0.07638222129184609,0.5,test,-7.518415165336539
2979,3J5qEY7c,2025-09-18 19:19:54.870000+00:00,player_b078c0ad01,player_3430d7eb2d,0.5,0.7107260614791503,0.7801296039931584,1872.2332413552574,1716.07606849047,1884.0,1664.0,0.7917488375081845,0.5,test,-7.628751221455614
2980,85adB2JF,2025-09-18 19:19:54.870000+00:00,player_a0efc8f05c,player_b3844c21b4,0.5,0.07532576519971575,0.09728596573147821,1456.8781121158277,1892.4961938816887,1451.0,1838.0,0.10193172098897373,0.5,test,-7.49210844819792
2981,88jPno94,2025-09-18 19:19:54.870000+00:00,player_8a7748267a,player_aaeeb9d45b,0.0,0.13178690260942094,0.11826064065809262,1049.0,1376.5016328842528,1049.0,1398.0,0.11529218350883584,0.5,test,-7.473288196994619
2982,9P9PNvGT,2025-09-18 19:19:54.870000+00:00,player_a3cb35c7d1,player_38ca9183e1,0.0,0.5170608213283338,0.37061145278249774,2039.517056647359,2027.6573796347782,1837.0,1929.0,0.33771220256911116,0.5,test,-7.157478717856032
2983,AlCgUpEr,2025-09-18 19:19:54.870000+00:00,player_57edb119c4,player_c48220c312,0.0,0.544603150478781,0.550199353253537,1778.2602557990433,1747.1842047727878,1756.0,1721.0,0.5530468951694625,0.5,test,-7.176194275197968
2984,P6JnBHTh,2025-09-18 19:19:54.870000+00:00,player_a0cfb76086,player_8ed1a7354e,0.0,0.12701357968749746,0.08270102779001329,1290.7544861497247,1625.6174189413184,1188.0,1606.0,0.07241889492653986,0.5,test,-7.1155340402373435
2985,T6olfKf4,2025-09-18 19:19:54.870000+00:00,player_d1ab878e39,player_30fca02e05,0.0,0.34416483327848946,0.33642590195870453,1411.210500474008,1523.221783787476,1380.0,1498.0,0.3351420214452352,0.5,test,-7.101870075601866
2986,UfFQAoUK,2025-09-18 19:19:54.870000+00:00,player_4a551de671,player_656b195752,1.0,0.5743517825441808,0.6062878237854281,1673.00122005876,1620.9503583418302,1642.0,1567.0,0.6131368201531431,0.5,test,-7.036524037102665
2987,XwCwZxKN,2025-09-18 19:19:54.870000+00:00,player_2b4c4d80ed,player_8251e714f6,1.0,0.9989956346904408,0.9992549656180616,1905.267647439448,706.1988928074604,1955.0,704.0,0.999276088467471,0.5,test,-7.036243340763302
2988,areoO6HI,2025-09-18 19:19:54.870000+00:00,player_3c3365601e,player_08095394df,0.0,0.37706361096706775,0.3546475495606176,1664.423097501023,1751.634729027783,1674.0,1778.0,0.3652566649476832,0.5,test,-7.017467029641596
2989,b3F2tKy0,2025-09-18 19:19:54.870000+00:00,player_ccc6f98b3c,player_ba5449c385,1.0,0.799444910748867,0.8569591392644484,2114.860716122383,1874.6387740775622,2123.0,1812.0,0.8625119039913111,0.5,test,-6.941535704372934
2990,dAgirIup,2025-09-18 19:19:54.870000+00:00,player_d8064a3fec,player_6128bf3766,0.0,0.559418588759853,0.6699690139034832,1921.0587119152835,1879.574422464846,1933.0,1810.0,0.6887735686687132,0.5,test,-7.289110225919615
2991,fPPvUicC,2025-09-18 19:19:54.870000+00:00,player_14b8ac2008,player_13482fff35,1.0,0.5856701646540577,0.7245382428425361,1710.7920190351588,1650.6692617301017,1733.0,1565.0,0.7597469266479578,0.5,test,-7.028881611506152
2992,iJcMlpdk,2025-09-18 19:19:54.870000+00:00,player_2ffe222f07,player_c81be32368,0.0,0.10732333999384593,0.10732333999384593,1488.0,1856.0,1488.0,1856.0,0.10732333999384593,0.5,test,-7.028881611506152
2993,mbslghjl,2025-09-18 19:19:54.870000+00:00,player_33d1275475,player_19a2905cfc,1.0,0.679986483535671,0.558731369324761,1517.9913536400327,1387.0585704374164,1529.0,1488.0,0.5301846800039021,0.5,test,-7.277729133637198
2994,pB5lhApw,2025-09-18 19:19:54.870000+00:00,player_adebea36c3,player_f6c958b6d0,1.0,0.4218409815617404,0.41310497662089996,1270.0,1324.7594142116582,1270.0,1331.0,0.41171002813683716,0.5,test,-7.302038269361133
2995,pyF0jT9Z,2025-09-18 19:19:54.870000+00:00,player_07b647559a,player_5cf7b0e439,1.0,0.38971245254561915,0.384135895746244,1252.5356555353792,1330.4517457096922,1304.0,1386.0,0.3679299878999264,0.5,test,-7.359554765582453
2996,tvzn4pqO,2025-09-18 19:19:54.870000+00:00,player_081a214af1,player_8fe39ebc25,1.0,0.47859915353589577,0.47842666694885455,1201.9951245238192,1216.8750468087574,1169.0,1184.0,0.47986327796418354,0.5,test,-7.356916946676395
2997,x4sGMLEZ,2025-09-18 19:19:54.870000+00:00,player_d2ed955a08,player_87128e2636,1.0,0.5008783742307654,0.6076610641268197,1519.6687453096301,1519.0583877513936,1564.0,1488.0,0.6293885472175023,0.5,test,-7.1285314641673105
2998,yG2kwdsd,2025-09-18 19:19:54.870000+00:00,player_e105f0669e,player_f86be67028,1.0,0.634145186669612,0.7291099628977525,1443.392006982826,1347.8400360891053,1538.0,1366.0,0.7392202541406678,0.5,test,-6.975213473409796
2999,2bf6qPmS,2025-09-18 19:20:32.932000+00:00,player_db00527c42,player_b2806ec8b0,1.0,0.9217503250723554,0.9306143375182546,2036.5882167195266,1608.1359137571155,2069.0,1618.0,0.9324499710034239,0.5,test,-6.963672363512404
3000,3scGJk2g,2025-09-18 19:20:32.932000+00:00,player_b2c2b98932,player_399f4200e6,1.0,0.6557453245463908,0.6924633925795177,1790.1700222049706,1678.2278800156498,1761.0,1620.0,0.700977398610108,0.5,test,-6.8969692074264435
3001,8vMgn1nw,2025-09-18 19:20:32.932000+00:00,player_21447cc334,player_315ca9289e,1.0,0.2605660959548322,0.2268600869232327,1324.118098948338,1505.3106804163,1363.0,1576.0,0.22185154578086755,0.5,test,-7.057817318224952
3002,ASkFhqdq,2025-09-18 19:20:32.932000+00:00,player_2164716222,player_4a673ee2af,1.0,0.7482431140773594,0.8870357268841216,1811.624405317534,1622.3998569867115,1921.0,1563.0,0.9141902593095826,0.5,test,-6.857506551250412
3003,BbHJ5wHm,2025-09-18 19:20:32.932000+00:00,player_9b8a087a10,player_d7aa45b051,0.0,0.2989063372002575,0.373300918333268,1804.3296399867938,1952.4260075036464,1853.0,1943.0,0.389597577905311,0.5,test,-6.996029594475896
3004,BdyMctYg,2025-09-18 19:20:32.932000+00:00,player_e1f057f5ae,player_4d8c28b063,1.0,0.49568276024494023,0.49568276024494023,1337.0,1340.0,1337.0,1340.0,0.49568276024494023,0.5,test,-6.996029594475896
3005,EzmO6ApJ,2025-09-18 19:20:32.932000+00:00,player_16ec20cd15,player_0e778d3f65,1.0,0.8613451761545056,0.8724346036357598,2248.8242728896234,1931.5273759163738,2162.0,1828.0,0.8762293189310646,0.5,test,-6.97889708374138
3006,FRUgxNOO,2025-09-18 19:20:32.932000+00:00,player_dde53ccc56,player_35c99037c3,1.0,0.14416372678268286,0.13545299458869567,1353.3258687400694,1662.7397442009567,1362.0,1684.0,0.13277910403245627,0.5,test,-7.061159853469967
3007,HhmQz7fp,2025-09-18 19:20:32.932000+00:00,player_23cb130ca5,player_5b34aa5dfc,1.0,0.7950357168654634,0.8153518152833006,1862.4833807093753,1627.0,1885.0,1627.0,0.8196458144946892,0.5,test,-7.030674580584839
3008,JFlEFsUU,2025-09-18 19:20:32.932000+00:00,player_2ece99a10a,player_15b9e23f5c,0.0,0.247075839875762,0.21303672061053083,1430.9120160654186,1624.4803972071907,1404.0,1631.0,0.2035453002882742,0.5,test,-6.974468832798151
3009,TBnsFl3N,2025-09-18 19:20:32.932000+00:00,player_17459335f4,player_82c3c9bf16,1.0,0.7291260613002098,0.7586946201468556,1896.71429532158,1724.7001357821193,1910.0,1711.0,0.7670249181450214,0.5,test,-6.923796184808804
3010,Ud6BajSm,2025-09-18 19:20:32.932000+00:00,player_e6eaacd950,player_81ac4606ec,1.0,0.8432972360263916,0.8010809398289457,1432.5115601434359,1140.1499520901145,1416.0,1174.0,0.784053683887815,0.5,test,-6.996638181462569
3011,XHyuyuDs,2025-09-18 19:20:32.932000+00:00,player_5203491a82,player_cedccffa8c,1.0,0.5871473125450734,0.615864104253756,1573.101564356586,1511.9207797866238,1570.0,1488.0,0.6280448056219418,0.5,test,-6.929302417690116
3012,YF9Ootlc,2025-09-18 19:20:32.932000+00:00,player_12e4bd04e9,player_4aa0d1b44e,1.0,0.8576633185538569,0.8576633185538569,2075.0,1763.0,2075.0,1763.0,0.8576633185538569,0.5,test,-6.929302417690116
3013,YubW5bJO,2025-09-18 19:20:32.932000+00:00,player_7c2d2c355b,player_db06ce1c13,0.5,0.20948164952677667,0.43135860811633236,1791.638527466857,2022.3449157619216,1887.0,1935.0,0.4971218004251891,0.5,test,-6.723373394559586
3014,eneUj5l6,2025-09-18 19:20:32.932000+00:00,player_542768fe24,player_6fffeaa105,0.0,0.35186096021631363,0.25526959313496533,1793.53755745882,1899.6563965987423,1708.0,1894.0,0.23503873644731077,0.5,test,-6.557653438797291
3015,h5Njr56F,2025-09-18 19:20:32.932000+00:00,player_cce147b73d,player_022f3943e8,1.0,0.8256596473896939,0.8304449113532372,1966.5166192906247,1696.355363396644,1946.0,1670.0,0.8288176477542757,0.5,test,-6.553835913819331
3016,hEgPXl4i,2025-09-18 19:20:32.932000+00:00,player_725002b39f,player_e4ada11e5f,1.0,0.989124596445897,0.9924713350139912,1499.5222480944676,716.0,1564.0,716.0,0.9930502175362891,0.5,test,-6.549874985454076
3017,hxPdiuiD,2025-09-18 19:20:32.932000+00:00,player_b7120baa1d,player_be9345437c,0.0,0.042037191223339695,0.05353112104053686,1344.9578993494472,1888.0438827027945,1359.0,1858.0,0.05652375065406684,0.5,test,-6.565112749367618
3018,ikI59SW3,2025-09-18 19:20:32.932000+00:00,player_a34bfe0ed8,player_2b7c501ae4,0.5,0.5249302906589686,0.5827018849642301,1957.0317335671496,1939.6940161281386,1956.0,1898.0,0.6090326034042396,0.5,test,-6.588228274250248
3019,kym3bmfx,2025-09-18 19:20:32.932000+00:00,player_1a57fda7da,player_f9c52ce45a,1.0,0.9704317824335118,0.9679482219721289,1786.539323406132,1180.0833768269986,1786.0,1194.0,0.9746573536119648,0.5,test,-6.58388340619497
3020,m2SDcv5m,2025-09-18 19:20:32.932000+00:00,player_b31a497ea4,player_aaf09eba08,1.0,0.9411754008860389,0.9487547111474991,1626.644636603356,1145.0,1652.0,1145.0,0.9504081671359688,0.5,test,-6.574121384863015
3021,q3zClIo1,2025-09-18 19:20:32.932000+00:00,player_b9716b67a8,player_0df1235cb9,1.0,0.9458144090776154,0.9548224553181525,2135.7001943999107,1638.9313495675724,2134.0,1604.0,0.953818732599141,0.5,test,-6.5656941041239225
3022,sdDppLC0,2025-09-18 19:20:32.932000+00:00,player_cb390f5ad7,player_c618dea26b,1.0,0.6911924711272744,0.7659946707664889,1496.6182222584416,1356.6537747341833,1600.0,1394.0,0.770096676660982,0.5,test,-6.457596368016474
3023,zTcUwgcd,2025-09-18 19:20:32.932000+00:00,player_b68be402f1,player_8993b8270f,0.0,0.40172774186294513,0.37599824138233284,1362.1257869457486,1431.3126035530374,1318.0,1406.0,0.3692697113837977,0.5,test,-6.404763963198439
3024,6DDDkYvr,2025-09-18 19:21:10.743000+00:00,player_7b8d0ade12,player_030fe27be7,1.0,0.5201550652745092,0.5344839447268315,1632.1373620403447,1618.124595126425,1715.0,1691.0,0.5201367220358165,0.5,test,-6.404799228763194
3025,EFPMi2kA,2025-09-18 19:21:10.743000+00:00,player_df3f04be61,player_025ca2fadc,1.0,0.7696659568973625,0.7830774434096761,1918.235007429775,1708.657348719697,1843.0,1620.0,0.7936407431881689,0.5,test,-6.374124932915967
3026,HWrIEdWm,2025-09-18 19:21:10.743000+00:00,player_55a4503163,player_4e9600c58c,1.0,0.7555300595692634,0.8056276940436502,1782.2226854714288,1586.212172996431,1803.0,1556.0,0.8144835875047122,0.5,test,-6.298990224040995
3027,V111a9Y8,2025-09-18 19:21:10.743000+00:00,player_1556d7324c,player_893f809f22,1.0,0.20296155186874731,0.13885906434295667,1728.621539952727,1966.2477386829553,1651.0,1968.0,0.1256557731814538,0.5,test,-6.778460576019291
3028,Wrlxd3ta,2025-09-18 19:21:10.743000+00:00,player_b10b6ca0e2,player_3b38c16574,1.0,0.7444276007644999,0.7898441797581306,1666.7789728926155,1481.0555661459887,1719.0,1489.0,0.7512407935337106,0.5,test,-6.769349947056717
3029,ftNFH9SC,2025-09-18 19:21:10.743000+00:00,player_1e9d72a955,player_19c14d418c,0.0,0.46132619610772446,0.49424379158885506,1519.967611612567,1546.8947074357309,1533.0,1537.0,0.5057562084111449,0.5,test,-6.855431246487028
3030,igeiPwjX,2025-09-18 19:21:10.743000+00:00,player_d1201a2601,player_d360f2bc80,0.5,0.2875727042815627,0.19800335588556686,1898.4169206454606,2056.0140762727588,1823.0,2066.0,0.17950479271357694,0.5,test,-7.020453047155148
3031,ijcuqatj,2025-09-18 19:21:10.743000+00:00,player_44b18f5869,player_6739f356f1,0.0,0.47986327796418354,0.47986327796418354,1758.0,1772.0,1758.0,1772.0,0.47986327796418354,0.5,test,-7.020453047155148
3032,ivXd0G2z,2025-09-18 19:21:10.743000+00:00,player_2d67ac710b,player_4fb35a570a,0.0,0.5938662158118623,0.469815319996098,1805.0743053633162,1739.066504614814,1791.0,1812.0,0.44126863067523897,0.5,test,-6.7014668683011065
3033,pEmLd1Oh,2025-09-18 19:21:10.743000+00:00,player_68fec562f6,player_d971151a49,0.0,0.36259162325551547,0.36259162325551547,1542.0,1640.0,1542.0,1640.0,0.36259162325551547,0.5,test,-6.7014668683011065
3034,qOAzH7gH,2025-09-18 19:21:10.743000+00:00,player_ce2b0124b6,player_402defafe6,1.0,0.11606684096437136,0.1067730871742089,1459.0,1811.6845046703854,1459.0,1828.0,0.10459685263267142,0.5,test,-6.805519647045017
3035,3MKKyUHa,2025-09-18 19:21:48.604000+00:00,player_4bca831314,player_d315b9b271,0.0,0.2296633493421111,0.2812431701012181,1792.3843469540236,2002.619893682994,1809.0,1972.0,0.293024705191459,0.5,test,-6.891351553399194
3036,4J4qZdmq,2025-09-18 19:21:48.604000+00:00,player_108ffeb6a3,player_4151474c72,0.0,0.12732756574784174,0.08357862293048655,1867.184765778263,2201.556294378611,1797.0,2213.0,0.07557395857407452,0.5,test,-6.83373877116026
3037,4RceHsmO,2025-09-18 19:21:48.604000+00:00,player_fc4855a868,player_a44891f56d,1.0,0.6716997931029725,0.6737761878883222,1705.3357475621422,1580.9741243211336,1728.0,1602.0,0.6750402010402987,0.5,test,-6.828778029217226
3038,5YNwDLAK,2025-09-18 19:21:48.604000+00:00,player_21f2010af5,player_b6ef45444b,1.0,0.6671756482381914,0.7721286734685839,1887.0177596594508,1766.2077230759294,1973.0,1761.0,0.7926963841757685,0.5,test,-6.6563911027221065
3039,61q0kaCK,2025-09-18 19:21:48.604000+00:00,player_6e0299c725,player_e05bc80ecf,0.0,0.3799082393689893,0.3937121762145718,1363.243248694034,1448.3541479838336,1379.0,1454.0,0.3950870979920432,0.5,test,-6.68117408678406
3040,64fhdbve,2025-09-18 19:21:48.604000+00:00,player_be0905ea0d,player_3794ccac0e,0.0,0.09355719956282338,0.07802257631737311,1179.911220179521,1574.416496268654,1162.0,1591.0,0.0650557537775339,0.5,test,-6.650215117833686
3041,7BIPzjyx,2025-09-18 19:21:48.604000+00:00,player_da9790cff0,player_6c19f49d95,1.0,0.38966120409022836,0.3520169867496943,1547.4975980220834,1625.4511213670398,1528.0,1634.0,0.34288131351292145,0.5,test,-6.778108409409537
3042,917X8RSw,2025-09-18 19:21:48.604000+00:00,player_5f73d45fed,player_04331db04e,0.0,0.48992755307256153,0.48992755307256153,1828.0,1835.0,1828.0,1835.0,0.48992755307256153,0.5,test,-6.778108409409537
3043,AIO2X6EY,2025-09-18 19:21:48.604000+00:00,player_8ed1a7354e,player_a235f79571,0.0,0.44544906248681987,0.4075337694156682,1633.7462880413182,1671.8036458828217,1607.0,1672.0,0.39784190682528303,0.5,test,-6.695747049963503
3044,DXqj9oXe,2025-09-18 19:21:48.604000+00:00,player_063cef7e75,player_4c26ff6930,0.0,0.06029023265350252,0.07719840648438053,1508.2167828604188,1985.3154953296146,1540.0,1971.0,0.08313877240427012,0.5,test,-6.720361991652642
3045,F3sN1cVo,2025-09-18 19:21:48.604000+00:00,player_639666fa73,player_23701e6596,0.0,0.5301846800039021,0.5301846800039021,1367.0,1346.0,1367.0,1346.0,0.5301846800039021,0.5,test,-6.720361991652642
3046,FD8ljGom,2025-09-18 19:21:48.604000+00:00,player_b5d3aca269,player_df147156b7,1.0,0.3112610394380359,0.44553062597832394,1948.5648659612066,2086.536820927664,1904.0,1942.0,0.4769904127024377,0.5,test,-6.293497515346558
3047,FDakWbHr,2025-09-18 19:21:48.604000+00:00,player_402f363303,player_84fa5f693c,1.0,0.5143871841659987,0.5143871841659987,1867.0,1857.0,1867.0,1857.0,0.5143871841659987,0.5,test,-6.293497515346558
3048,J3hia3nf,2025-09-18 19:21:48.604000+00:00,player_e5ce0ac3ce,player_10365fd30d,1.0,0.758748694812851,0.7347570893165466,2244.194168929662,2045.142854757395,2215.0,2038.0,0.7233878694391705,0.5,test,-6.341222586975711
3049,NOaKBK21,2025-09-18 19:21:48.604000+00:00,player_9f6083310e,player_c618dea26b,0.0,0.5974935185840845,0.5402082283237456,1405.514221091641,1336.8900928863288,1420.0,1392.0,0.5172625244323762,0.5,test,-6.159460809559638
3050,QSriQcS8,2025-09-18 19:21:48.604000+00:00,player_f0f44c487d,player_fa8e21976b,0.0,0.4075337694156682,0.4075337694156682,1623.0,1688.0,1623.0,1688.0,0.4075337694156682,0.5,test,-6.159460809559638
3051,b8dMya6K,2025-09-18 19:21:48.604000+00:00,player_b8d557fe65,player_b3832d9015,0.0,0.27016355115793583,0.14517082246824042,1552.0076689949942,1724.647185987349,1531.0,1839.0,0.12252748567058044,0.5,test,-5.975235643770722
3052,bxrknCuP,2025-09-18 19:21:48.604000+00:00,player_a0cfb76086,player_9739737f0b,1.0,0.05108345525214772,0.04468350937179727,1282.625617049725,1790.204718576979,1187.0,1719.0,0.04159572903210256,0.5,test,-6.180698822082278
3053,cqJHDkst,2025-09-18 19:21:48.604000+00:00,player_ac3dd9df8d,player_928c2e13f3,1.0,0.9148084178373149,0.8876112598598545,2224.577577324068,1812.2041900185031,2153.0,1794.0,0.8904506387229247,0.5,test,-6.207685815796816
3054,h7LB0GTU,2025-09-18 19:21:48.604000+00:00,player_e6f9b441e6,player_e384688a60,1.0,0.46132329458460813,0.527315973006493,1714.4072524427177,1741.3363765862937,1701.0,1682.0,0.550199353253537,0.5,test,-6.031504229761515
3055,hxBJPNtx,2025-09-18 19:21:48.604000+00:00,player_61f07bf7fd,player_85342f5a9d,1.0,0.9831626130048732,0.9844865008747647,2244.7236733049635,1538.1834088239143,2226.0,1505.0,0.9843983377581704,0.5,test,-6.030248131529546
3056,iO2ArtHz,2025-09-18 19:21:48.604000+00:00,player_b693603edf,player_ec3fd5d597,1.0,0.46941048179501327,0.4884891087822083,1767.4238887772876,1788.7062420605596,1794.0,1802.0,0.4985608882908471,0.5,test,-5.970000019941538
3057,jHZB5XLt,2025-09-18 19:21:48.604000+00:00,player_12757b7f00,player_cb390f5ad7,0.5,0.26074821214545874,0.15850763307675816,1335.3534864206624,1516.3819041062961,1313.0,1603.0,0.14093699762332623,0.5,test,-6.202519313022304
3058,jlkD4m8k,2025-09-18 19:21:48.604000+00:00,player_d702984f4a,player_8d1936f6be,0.0,0.25508673854609215,0.18638778949441326,1659.543958111392,1845.7110880562718,1589.0,1845.0,0.1655408182910169,0.5,test,-6.089003268609774
3059,kRJ0rf9j,2025-09-18 19:21:48.604000+00:00,player_c78f26ab0a,player_319d1e3e93,1.0,0.40395100683536567,0.577092475825329,1585.1411403001866,1652.722445810946,1686.0,1632.0,0.6240017586176672,0.5,test,-5.654143682344607
3060,rrdzX9gv,2025-09-18 19:21:48.604000+00:00,player_17d7f84176,player_44e0f1f4a3,1.0,0.8491705589518522,0.8555420748926974,1916.0,1615.7964772036692,1916.0,1607.0,0.8569591392644484,0.5,test,-5.645013503759193
3061,v8z80vUj,2025-09-18 19:21:48.604000+00:00,player_ca06dcd8b5,player_94d465076b,1.0,0.6714142233701031,0.718756829898782,1684.852728711118,1560.7160179806574,1695.0,1532.0,0.7447304068650347,0.5,test,-5.541377489815918
3062,0hEtcJ1S,2025-09-18 19:22:30.756000+00:00,player_7df46c050b,player_5dc4bce2c1,0.0,0.17047373913607902,0.14732704794388854,1710.943481394367,1985.8125423314286,1637.0,1942.0,0.14950969845319736,0.5,test,-5.516419249078116
3063,6KptMUuU,2025-09-18 19:22:30.756000+00:00,player_26faf633c9,player_37bee017ff,0.0,0.2305262842789253,0.17697537107826786,1930.0958009105502,2139.4851366169423,1865.0,2132.0,0.1608246821473244,0.5,test,-5.429706399036356
3064,KbnhZmif,2025-09-18 19:22:30.756000+00:00,player_fe15c1f5ed,player_30f0782407,0.0,0.5434875780681117,0.41031649686004995,1845.6499347611277,1815.3551255949242,1807.0,1870.0,0.3854986389914422,0.5,test,-5.1325111661166245
3065,TiIi6BzB,2025-09-18 19:22:30.756000+00:00,player_f5a9fa68bd,player_ea0bb659d0,1.0,0.6517224912035908,0.6825703854747719,1812.4201504722694,1703.565238628883,1851.0,1718.0,0.6936879164219654,0.5,test,-5.070107839236066
3066,sdlxQrLF,2025-09-18 19:22:30.756000+00:00,player_0c1124af83,player_668863653e,0.0,0.3609526709955762,0.24554595805781354,1765.5242361583705,1864.7573418029594,1665.0,1860.0,0.2340053292335112,0.5,test,-4.888911145677836
3067,42iYIMho,2025-09-18 19:22:30.757000+00:00,player_4d66dc48f8,player_3ef453a7f6,1.0,0.5311964448264154,0.584100958813678,1737.9092280930768,1716.2035227963308,1784.0,1725.0,0.596629173305774,0.5,test,-4.772747280939024
3068,9T2FuNoH,2025-09-18 19:22:30.757000+00:00,player_085c0b189a,player_2ff421b778,0.0,0.5098981138081733,0.5487743358597419,1897.198196001744,1890.3193833940647,1962.0,1928.0,0.5686413918836677,0.5,test,-4.9004207998873675
3069,DoGYxGSa,2025-09-18 19:22:30.757000+00:00,player_f62f614b04,player_8a166b3122,1.0,0.6664971798478365,0.6185841220890307,1810.6458520161664,1690.366329859591,1805.0,1721.0,0.5910755963149433,0.5,test,-5.02051278643869
3070,EClhRjQd,2025-09-18 19:22:30.757000+00:00,player_dad7fc297e,player_032940e141,0.0,0.3779488175305269,0.36259162325551547,1684.6901146240552,1771.2473662461418,1734.0,1832.0,0.3612622508882752,0.5,test,-4.994041200859751
3071,GzySwsHi,2025-09-18 19:22:30.757000+00:00,player_3f85eadf5f,player_7ace9e3cea,1.0,0.6558169989094147,0.7069752948085409,1579.131859214268,1467.1345582547747,1572.0,1419.0,0.7164236941029388,0.5,test,-4.9056512423235725
3072,OtWXFOzg,2025-09-18 19:22:30.757000+00:00,player_599ee886a6,player_257b0330b9,1.0,0.8127901848984329,0.8533946221118819,1984.229850809919,1729.1699163414455,2060.0,1754.0,0.8618278475799177,0.5,test,-4.8470687054744594
3073,UcktvPLx,2025-09-18 19:22:30.757000+00:00,player_9e68aac109,player_d35ed7969e,1.0,0.5837678687513602,0.5728722513945045,1562.3008909191044,1503.5390571206483,1561.0,1510.0,0.5700528235839882,0.5,test,-4.870843094780696
3074,V0Li8kQx,2025-09-18 19:22:30.757000+00:00,player_d3ab849fc2,player_9f1e963216,0.0,0.2095862658127159,0.11124535438232165,1410.4405891811857,1641.0372523791484,1375.0,1736.0,0.07969511932764055,0.5,test,-4.718694610132436
3075,WmZr8kE0,2025-09-18 19:22:30.757000+00:00,player_343e0b1ee2,player_0ab0ebacb4,0.0,0.2961089307339718,0.21111293178984536,1760.0333114236016,1910.4548910303988,1795.0,2024.0,0.19347247718289215,0.5,test,-4.582580199933553
3076,YjlYPtk4,2025-09-18 19:22:30.757000+00:00,player_ae4cc61cb3,player_edec05ad15,1.0,0.33650896132267727,0.308763847585237,1653.8323349817347,1771.7677059531773,1650.0,1790.0,0.3038712295704002,0.5,test,-4.68460095490906
3077,YlfsLxIz,2025-09-18 19:22:30.757000+00:00,player_635e2ad905,player_5f93c621f7,1.0,0.3149403910066497,0.3149403910066497,1667.0,1802.0,1667.0,1802.0,0.3149403910066497,0.5,test,-4.68460095490906
3078,a8b2hGCk,2025-09-18 19:22:30.757000+00:00,player_c81be32368,player_2ff48ca1f2,1.0,0.9130123025027042,0.908134935731807,1862.8686937596062,1454.4611761585898,1857.0,1459.0,0.9076535681936819,0.5,test,-4.690487537251745
3079,h73DZzAm,2025-09-18 19:22:30.757000+00:00,player_592792b68b,player_a3b34a6523,1.0,0.9283716188789383,0.9071699361527149,1993.7405952023726,1548.6859074080744,2018.0,1622.0,0.904220144369614,0.5,test,-4.716846787978722
3080,jezJtCbm,2025-09-18 19:22:30.757000+00:00,player_8e16b7b17b,player_0f2b14cf25,1.0,0.7165690262424176,0.6400649998028851,1711.2069724625171,1550.0826832749271,1736.0,1636.0,0.6172250309049463,0.5,test,-4.866087693449812
3081,kYC4hXyY,2025-09-18 19:22:30.757000+00:00,player_c0056938ef,player_58a6586709,0.0,0.1661037099518331,0.15171893128728828,1525.8811268012266,1806.1742104407203,1525.0,1824.0,0.14660537788811823,0.5,test,-4.842974666602192
3082,mqSjYM2n,2025-09-18 19:22:30.757000+00:00,player_32e131d901,player_4543ddf7ea,0.0,0.42994717641601177,0.42994717641601177,1821.0,1870.0,1821.0,1870.0,0.42994717641601177,0.5,test,-4.842974666602192
3083,oDthybWE,2025-09-18 19:22:30.757000+00:00,player_497848644b,player_c95ae88f67,0.0,0.2574199130765115,0.24448111792880314,1875.1561590192139,2059.1966228806014,1876.0,2072.0,0.23920390901085772,0.5,test,-4.818740019447772
3084,rWxfFEHT,2025-09-18 19:22:30.757000+00:00,player_fc42350db1,player_8bc6fe346a,1.0,0.9799552602696254,0.9814070133603435,2455.5087926565748,1779.826461883671,2462.0,1773.0,0.9816159327977549,0.5,test,-4.817046812562645
3085,sOLnq6JQ,2025-09-18 19:22:30.757000+00:00,player_9f940aba7b,player_39aa036cb7,1.0,0.9666258680637034,0.9740823468931378,1815.9291601440566,1231.1897862597607,1780.0,1150.0,0.9756338529292065,0.5,test,-4.807770968187904
3086,tzL3q4CN,2025-09-18 19:22:30.757000+00:00,player_2ffe222f07,player_5658e0bf0b,0.0,0.6044891451410257,0.6035363185261781,1481.1313062403938,1407.4392665093399,1487.0,1414.0,0.6035363185261781,0.5,test,-4.805364761849541
3087,5hMLcSWp,2025-09-18 19:23:08.685000+00:00,player_c8dd4feac5,player_abbe762f0d,0.5,0.5863298125092637,0.6838163141936586,1637.6588904105365,1577.0637889244483,1689.0,1555.0,0.7093546305987634,0.5,test,-4.8866107674310895
3088,EZX3pZgw,2025-09-18 19:23:08.685000+00:00,player_980d5178c5,player_3e7849ca33,1.0,0.18168347685678574,0.15697803558596385,1710.8159555355653,1972.2583107517053,1651.0,1943.0,0.14805165414742621,0.5,test,-5.091315574919559
3089,GRTY9Ta8,2025-09-18 19:23:08.685000+00:00,player_934446d768,player_15e747c062,1.0,0.5957138144069051,0.6185841220890307,2097.347898210922,2030.008390386619,1924.0,1840.0,0.6212967231224545,0.5,test,-5.0492671666650715
3090,XaDom4ym,2025-09-18 19:23:08.685000+00:00,player_d539a5e529,player_80d88cf3a0,0.0,0.40048858049950525,0.32749035666501497,1561.5747221032038,1631.6576512242266,1467.0,1592.0,0.3075366074204823,0.5,test,-4.905126815362538
3091,ZkcvkI6A,2025-09-18 19:23:08.685000+00:00,player_95f21b86f5,player_11f890c0d7,0.5,0.6631884374727176,0.5143871841659987,1659.0566652519299,1541.356683790665,1629.0,1619.0,0.4640840730548977,0.5,test,-4.851396694235894
3092,ZqhRgAdq,2025-09-18 19:23:08.685000+00:00,player_14b8ac2008,player_d3c19a0bce,0.0,0.14975186245903188,0.16474716768603853,1737.309128497299,2038.9785112522377,1736.0,2018.0,0.1761384714944276,0.5,test,-4.882922459779081
3093,ZxbwCZid,2025-09-18 19:23:08.685000+00:00,player_8993b8270f,player_0008d08957,0.0,0.3055078545572766,0.2169225565903239,1457.023179032266,1599.6811622167806,1410.0,1633.0,0.19800335588556686,0.5,test,-4.738998888790028
3094,inuE0zoL,2025-09-18 19:23:08.685000+00:00,player_a7ac2ec840,player_7f5ab1205b,0.0,0.3317152909230791,0.3351420214452352,1865.8349857864578,1987.513398891016,1819.0,1938.0,0.34288131351292145,0.5,test,-4.755848531404765
3095,qXgekEa7,2025-09-18 19:23:08.685000+00:00,player_54f56d1fc6,player_e49d48485c,0.0,0.05048819298733203,0.062310206273834975,1671.7832822431144,2181.5074991448287,1693.0,2164.0,0.05652375065406684,0.5,test,-4.762225304991433
3096,qpUkrtK9,2025-09-18 19:23:08.685000+00:00,player_7f5cbf43bb,player_930678778f,1.0,0.7893318875363597,0.7175917231915314,1924.5952864770568,1695.130948977579,1877.0,1715.0,0.6997694032620582,0.5,test,-4.882661323796996
3097,z93GczUc,2025-09-18 19:23:08.685000+00:00,player_85b73e0103,player_d39c4ff769,1.0,0.8113706442020366,0.6900062072803139,2108.2248366532613,1854.7808330117339,2000.0,1861.0,0.836043425542047,0.5,test,-4.852705738556997
3098,1EIVKDS3,2025-09-18 19:23:08.686000+00:00,player_266941d75e,player_b68be402f1,0.0,0.561662373632017,0.5344839447268315,1379.481843239152,1336.41521146652,1338.0,1314.0,0.5344839447268315,0.5,test,-4.792548601943102
3099,BnDE6HUZ,2025-09-18 19:23:08.686000+00:00,player_11ad009d76,player_160124e2e8,0.0,0.6366530282436426,0.6949097127295025,1787.3719123041594,1689.9394066481286,1756.0,1613.0,0.7033850034718286,0.5,test,-4.995471834855062
3100,HJXhZzcA,2025-09-18 19:23:08.686000+00:00,player_468c46e5dc,player_411191eb69,1.0,0.7436345220073278,0.7436345220073278,1854.0,1669.0,1854.0,1669.0,0.7436345220073278,0.5,test,-4.995471834855062
3101,MkqLA0aZ,2025-09-18 19:23:08.686000+00:00,player_97f46d52b9,player_a83015db7a,1.0,0.547724175608954,0.5798997603578815,1585.0340369993307,1551.770622419509,1583.0,1527.0,0.5896835031399501,0.5,test,-4.9216577082988575
3102,Opl4j1Ph,2025-09-18 19:23:08.686000+00:00,player_af624832cf,player_94a1d0af2b,1.0,0.5468952350426679,0.5201367220358165,1575.5685068170365,1542.8863027578266,1573.0,1559.0,0.5115108912177917,0.5,test,-4.988546088078687
3103,RnvFDICY,2025-09-18 19:23:08.686000+00:00,player_fb9f3bd030,player_c0c8a08a0d,0.0,0.01880180729002473,0.012292168287275182,1022.3208323885158,1709.343689408494,1002.0,1764.0,0.011159030173106611,0.5,test,-4.980787038811752
3104,VSQN5hxr,2025-09-18 19:23:08.686000+00:00,player_1f4011309e,player_1ed99a645f,0.0,0.018773181920608582,0.02756515953846242,1442.7073916829406,2130.0,1511.0,2130.0,0.02997658915951602,0.5,test,-4.992270476648771
3105,VlfOyq7v,2025-09-18 19:23:08.686000+00:00,player_3d512f25bc,player_54e43be2e2,0.0,0.8866184110772307,0.9022073203450998,1769.5779263240768,1412.3002437136986,1806.0,1420.0,0.9047175302821824,0.5,test,-5.166183654239875
3106,ZVKRteM2,2025-09-18 19:23:08.686000+00:00,player_4fb4dbb91a,player_a2779f665c,1.0,0.9657051316098373,0.9813016819261839,1939.9134492482026,1360.0672897942127,2012.0,1324.0,0.9859920871977638,0.5,test,-5.145393865658369
3107,aYvjwYd3,2025-09-18 19:23:08.686000+00:00,player_38d68ae8bf,player_72abf9c902,0.0,0.33258157812677697,0.33258157812677697,1389.0,1510.0,1389.0,1510.0,0.33258157812677697,0.5,test,-5.145393865658369
3108,g1OqNQLl,2025-09-18 19:23:08.686000+00:00,player_08095394df,player_7b52c2713d,0.5,0.8028539190541153,0.8604511617577122,1775.7668001296752,1531.827446731163,1782.0,1466.0,0.8711477984045555,0.5,test,-5.317213908612876
3109,iOn7kzDT,2025-09-18 19:23:08.686000+00:00,player_6835265010,player_873da49cd4,1.0,0.08271751487574518,0.09043446919256597,1282.4629620060057,1700.425211132812,1315.0,1716.0,0.10088262835672335,0.5,test,-5.118687530710336
3110,2VtH4B7w,2025-09-18 19:23:46.486000+00:00,player_3243f4d046,player_ba1bfc0b56,0.0,0.6517827928389822,0.6635740980412955,1844.576247333613,1735.675182189763,1833.0,1715.0,0.6699690139034832,0.5,test,-5.172327426972948
3111,4UxNJUVp,2025-09-18 19:23:46.486000+00:00,player_789b2b0faf,player_b3844c21b4,0.0,0.05891593036388207,0.04252341755604889,1383.9587701730734,1865.3170428544704,1293.0,1834.0,0.039798119539987166,0.5,test,-5.15221634880801
3112,64yUAqbj,2025-09-18 19:23:46.486000+00:00,player_3b38c16574,player_c5442337a4,0.0,0.1460049739714048,0.19257581832872078,1464.6989325949166,1771.5340085967518,1480.0,1729.0,0.2618909674595814,0.5,test,-5.298050163999548
3113,6XqWcH0O,2025-09-18 19:23:46.486000+00:00,player_3249ad022d,player_35b5b2fd17,0.5,0.8914367004464433,0.9022073203450998,1909.7629902798371,1544.0,1930.0,1544.0,0.904220144369614,0.5,test,-5.353571463679052
3114,7uResMXe,2025-09-18 19:23:46.486000+00:00,player_649e6e0396,player_4a2bd4876a,1.0,0.48884219600194145,0.34288131351292145,1769.6675864687834,1777.4221101858698,1713.0,1826.0,0.3063120835780346,0.5,test,-5.82100673030905
3115,8aPaDS2m,2025-09-18 19:23:46.486000+00:00,player_159b99ee03,player_b03e4cbf3a,1.0,0.8346354009204934,0.8460451004320948,1601.8287452731433,1320.60704166692,1575.0,1279.0,0.8526729520561114,0.5,test,-5.799625649305045
3116,Fl1uJEdS,2025-09-18 19:23:46.486000+00:00,player_94d465076b,player_04d4b5b801,0.0,0.20574139011923928,0.2607797458593321,1539.686528276344,1774.342632861864,1529.0,1710.0,0.25636547799267223,0.5,test,-5.865485082384182
3117,If6Y4ZxV,2025-09-18 19:23:46.486000+00:00,player_05ce171ed1,player_13482fff35,1.0,0.914247212334356,0.9128258117454132,2035.2783113592002,1624.1521522679614,1970.0,1562.0,0.9141902593095826,0.5,test,-5.865547379318778
3118,JUE1YjnB,2025-09-18 19:23:46.486000+00:00,player_3c53727464,player_68cd6a7975,0.0,0.7767090530785236,0.8737104209450813,1920.5045790695178,1703.9496783756924,2035.0,1699.0,0.8991173716432768,0.5,test,-6.6600652495127175
3119,Jc0dyV0l,2025-09-18 19:23:46.486000+00:00,player_8b35fd0d98,player_d78bcee283,1.0,0.5510887029380497,0.6400649998028851,1658.9376443086799,1623.3132549007644,1730.0,1630.0,0.6532171672188698,0.5,test,-6.490051388607409
3120,QR91EKOy,2025-09-18 19:23:46.486000+00:00,player_45b023d364,player_ce8d5fbce1,0.0,0.45979177167625435,0.45979177167625435,1783.0,1811.0,1783.0,1811.0,0.45979177167625435,0.5,test,-6.490051388607409
3121,SPzOZteJ,2025-09-18 19:23:46.486000+00:00,player_6c4dd897f2,player_44e465dc84,0.5,0.6362155078256468,0.6686949563073317,1900.8782469056093,1803.774219160473,1856.0,1734.0,0.6875382482123418,0.5,test,-6.52730112030777
3122,TLXDcLby,2025-09-18 19:23:46.486000+00:00,player_5c1fd39a9c,player_8c73f75e20,0.0,0.23128937784232823,0.23194799683241596,1612.3806933152732,1821.0235710609988,1585.0,1793.0,0.23194799683241596,0.5,test,-6.5281582715939335
3123,UHTfepz4,2025-09-18 19:23:46.486000+00:00,player_d6a4bed269,player_b95ff8ed32,0.0,0.5629804225576084,0.525880930891169,2061.141266960035,2017.144306996746,2036.0,2018.0,0.5143871841659987,0.5,test,-6.422724634177943
3124,UORnYCkw,2025-09-18 19:23:46.486000+00:00,player_9ff72376af,player_701f922727,1.0,0.9434690129402494,0.9514822459033807,1774.9764289390012,1286.0,1803.0,1286.0,0.9530520513940942,0.5,test,-6.412618635152106
3125,UUEyJ9tA,2025-09-18 19:23:46.486000+00:00,player_19a2905cfc,player_5d17467af2,0.0,0.09018511352074268,0.17282198303686044,1366.5777053836994,1768.104978277764,1483.0,1755.0,0.19168232745054142,0.5,test,-6.530904652168513
3126,UXgNBHDK,2025-09-18 19:23:46.486000+00:00,player_52d2d21a8e,player_4109a84459,0.0,0.6807780730710712,0.5714631174083814,1868.1381351232055,1736.5729973396485,1809.0,1759.0,0.550199353253537,0.5,test,-6.1879867313936625
3127,XaP0LMfB,2025-09-18 19:23:46.486000+00:00,player_935717ae79,player_81ccc0f1db,0.0,0.14404249140111056,0.16160309261305672,1554.3066063359452,1863.8912389511115,1540.0,1826.0,0.1655408182910169,0.5,test,-6.213423638380821
3128,b3kiEwPL,2025-09-18 19:23:46.486000+00:00,player_3581f10db4,player_c59a1d1098,0.0,0.6980772482611439,0.7533860777856145,1909.8060763137855,1764.2030192386485,1940.0,1746.0,0.7659946707664889,0.5,test,-6.468250944491382
3129,eYEg3F65,2025-09-18 19:23:46.486000+00:00,player_2df05fc798,player_eecd96faf6,1.0,0.641390111955618,0.641390111955618,1770.0,1669.0,1770.0,1669.0,0.641390111955618,0.5,test,-6.468250944491382
3130,h9mwTv27,2025-09-18 19:23:46.486000+00:00,player_d1b2e47a87,player_33d1275475,1.0,0.33962127763297406,0.2942186402879975,1422.952946588742,1538.4722186937497,1382.0,1534.0,0.2641225558985236,0.5,test,-6.719668829636335
3131,hDM51Vlz,2025-09-18 19:23:46.486000+00:00,player_f055c06ad8,player_80e7015e8d,1.0,0.8258381358390402,0.6973450785898532,1969.8100226518707,1699.433274881817,1921.0,1776.0,0.641390111955618,0.5,test,-6.97242975170628
3132,lQ4cqgzv,2025-09-18 19:23:46.486000+00:00,player_2974fd4830,player_fe15c1f5ed,1.0,0.6805286835199912,0.6360768996878818,1942.2325551834992,1810.8667297647685,1899.0,1802.0,0.615864104253756,0.5,test,-7.0722733943455145
3133,lTraqKt8,2025-09-18 19:23:46.486000+00:00,player_30f0782407,player_f7ec6e6f48,0.0,0.22077258188439536,0.2918336117187994,1850.1383305912834,2069.2259660706163,1874.0,2028.0,0.32243941991489944,0.5,test,-7.212077367718635
3134,sacVo4Qb,2025-09-18 19:23:46.486000+00:00,player_e321eea249,player_247f445418,0.0,0.46838170217189273,0.46838170217189273,1562.0,1584.0,1562.0,1584.0,0.46838170217189273,0.5,test,-7.212077367718635
3135,w4JuBWoG,2025-09-18 19:23:46.486000+00:00,player_37a20655c3,player_05b4376c0d,1.0,0.6538792407398092,0.7512407935337106,2143.103804710025,2032.5958439336687,2110.0,1918.0,0.7721286734685839,0.5,test,-7.045848843326205
3136,zwfrbjeT,2025-09-18 19:23:46.486000+00:00,player_668863653e,player_e558f7f0c0,0.0,0.4893342641418279,0.5896835031399501,1887.8583127466763,1895.2707495468305,1863.0,1800.0,0.6049129020079569,0.5,test,-7.302457840384958
3137,2PlPmhe3,2025-09-18 19:24:24.527000+00:00,player_d9986f8eda,player_ca752b53a4,1.0,0.6775605800851006,0.6775605800851006,1557.0,1428.0,1557.0,1428.0,0.6775605800851006,0.5,test,-7.302457840384958
3138,47LRGKdt,2025-09-18 19:24:24.527000+00:00,player_f71b9e07bb,player_610a289074,0.0,0.23841806330943544,0.3546475495606176,1581.1353291470684,1782.8863207456116,1677.0,1781.0,0.3868631798468569,0.5,test,-7.519267497329145
3139,57QncUzZ,2025-09-18 19:24:24.527000+00:00,player_20464b66dc,player_51de10aaa8,1.0,0.40060320329074317,0.40060320329074317,1832.0,1902.0,1832.0,1902.0,0.40060320329074317,0.5,test,-7.519267497329145
3140,5cp1U5Ks,2025-09-18 19:24:24.527000+00:00,player_21447cc334,player_a0efc8f05c,1.0,0.3433803242941551,0.384135895746244,1371.4418688072287,1484.057263143046,1373.0,1455.0,0.40060320329074317,0.5,test,-7.365134727963223
3141,66ynB7kj,2025-09-18 19:24:24.527000+00:00,player_98688a5bf7,player_8bc6fe346a,1.0,0.7123193999217884,0.770096676660982,1936.049277140851,1778.5435985409272,1983.0,1773.0,0.7820980161313187,0.5,test,-7.271681061169887
3142,76lWlpiT,2025-09-18 19:24:24.527000+00:00,player_7d30d24744,player_ca06dcd8b5,0.0,0.7777552354314177,0.6145013610085578,1923.4867800806742,1705.8822184154315,1779.0,1698.0,0.5530468951694625,0.5,test,-6.573006700573241
3143,8cF6foch,2025-09-18 19:24:24.527000+00:00,player_f86be67028,player_a27646b2ce,1.0,0.902423126943695,0.9190290491945513,1324.4253280359605,938.0,1360.0,938.0,0.9264124438824264,0.5,test,-6.546770670006622
3144,935lUO7K,2025-09-18 19:24:24.527000+00:00,player_38d7aad402,player_09854e9de7,0.0,0.5933204597845307,0.6506046279338725,1957.2555682932657,1891.640768004005,1969.0,1861.0,0.6622877974308888,0.5,test,-6.732602113746238
3145,Aup878ho,2025-09-18 19:24:24.527000+00:00,player_673ef7a950,player_e105f0669e,1.0,0.9312987176347419,0.8835282880564392,1919.6563795770348,1466.8067150359707,1893.0,1541.0,0.8678823457606359,0.5,test,-6.803126037195916
3146,FsXcVd7Z,2025-09-18 19:24:24.527000+00:00,player_bb0b4d71cc,player_4b42985db1,1.0,0.3070215801102135,0.2686221421606117,1695.2188279174602,1836.6391510866647,1731.0,1905.0,0.30999379271968613,0.5,test,-6.793491802037415
3147,OWDHxyP5,2025-09-18 19:24:24.527000+00:00,player_17459335f4,player_fc42350db1,0.0,0.04211713613017352,0.040687418890373576,1914.0502273983666,2456.7916559993187,1913.0,2462.0,0.04091269989667932,0.5,test,-6.792235197824559
3148,OmGcPRqc,2025-09-18 19:24:24.527000+00:00,player_3b87eb035d,player_c82858060a,0.0,0.5059894095617394,0.5430664920222119,1638.0910040963838,1633.9289369781363,1527.0,1497.0,0.550199353253537,0.5,test,-6.885987675539229
3149,T81bauWo,2025-09-18 19:24:24.527000+00:00,player_93f647bc64,player_1c9f5b16a8,0.0,0.5287505638922686,0.5287505638922686,1660.0,1640.0,1660.0,1640.0,0.5287505638922686,0.5,test,-6.885987675539229
3150,Z3KBnOV9,2025-09-18 19:24:24.527000+00:00,player_0d374b7141,player_b10b6ca0e2,0.0,0.3439061515680535,0.2663662975861926,1570.9251978263896,1683.1356064436875,1545.0,1721.0,0.23711501969474583,0.5,test,-6.7351842426150474
3151,aU3k1kj1,2025-09-18 19:24:24.527000+00:00,player_19c14d418c,player_26bacb70a7,0.0,0.20437061029244605,0.13545299458869567,1576.4195839866252,1812.5365341066927,1543.0,1865.0,0.11946643775259876,0.5,test,-6.633789684748931
3152,azPeJvZ7,2025-09-18 19:24:24.527000+00:00,player_499ee42b6f,player_2cd4b69a52,0.0,0.8196158714960823,0.836043425542047,1447.9648148809063,1185.0,1468.0,1185.0,0.8504903015468027,0.5,test,-6.821517045715486
3153,bGIYwIyH,2025-09-18 19:24:24.527000+00:00,player_25ebcf566a,player_189cd09511,1.0,0.5500603737539946,0.5530468951694625,1905.2460669661104,1870.3436204229652,1935.0,1898.0,0.554469374021676,0.5,test,-6.813533514815595
3154,bRkDT9MK,2025-09-18 19:24:24.527000+00:00,player_5a327c917e,player_4cff300e9c,1.0,0.5854986786718095,0.5854986786718095,2206.0,2146.0,2206.0,2146.0,0.5854986786718095,0.5,test,-6.813533514815595
3155,h1ura7dC,2025-09-18 19:24:24.527000+00:00,player_025a8fd90a,player_a061c50a68,1.0,0.15330821918827975,0.11886221644630175,1618.901239747826,1915.7652017325247,1575.0,1923.0,0.1123887401401455,0.5,test,-7.124020158560926
3156,i2XfbhGY,2025-09-18 19:24:24.527000+00:00,player_e00ac6b07f,player_d702984f4a,1.0,0.5833257790560682,0.7210782431975601,1701.6642219016746,1643.2184068444421,1751.0,1586.0,0.7670249181450214,0.5,test,-6.850246697894228
3157,nZd0px5l,2025-09-18 19:24:24.527000+00:00,player_6a3f628a42,player_b99e1146b7,1.0,0.5663058675219903,0.7164236941029388,2034.8123472020657,1988.465341261543,2082.0,1921.0,0.7533860777856145,0.5,test,-6.56480321620819
3158,skhZ4S3J,2025-09-18 19:24:24.527000+00:00,player_a334254ab9,player_f5748e2ba0,1.0,0.5071950817090514,0.5071950817090514,1772.0,1767.0,1772.0,1767.0,0.5071950817090514,0.5,test,-6.56480321620819
3159,x6K8FJT2,2025-09-18 19:24:24.527000+00:00,player_b062a8d707,player_42934eb12d,1.0,0.6066539445910413,0.5686413918836677,1725.812101470179,1650.5456108604371,1740.0,1692.0,0.558731369324761,0.5,test,-6.6470929350552
3160,xEHeNPnh,2025-09-18 19:24:24.527000+00:00,player_43291a0190,player_49db744355,1.0,0.26607491060591176,0.15395489956790523,1711.9481881230395,1888.2073119214895,1684.0,1980.0,0.1334433562104599,0.5,test,-7.3371937332575525
3161,zHdr855m,2025-09-18 19:24:24.527000+00:00,player_a0761cb3ca,player_bbe1117cf1,0.0,0.509745907185731,0.43418479693076684,1844.0687258070466,1837.2957180229282,1768.0,1814.0,0.42010023964211857,0.5,test,-7.169262285086949
3162,1RvuV13q,2025-09-18 19:25:03.247000+00:00,player_b0fdaf9593,player_55f08ec155,1.0,0.46122190794282847,0.46122190794282847,1811.0,1838.0,1811.0,1838.0,0.46122190794282847,0.5,test,-7.169262285086949
3163,1rEtM1Bt,2025-09-18 19:25:03.247000+00:00,player_6393a121b1,player_b2ac32b715,1.0,0.9751155486513308,0.979991148859336,1356.2512046531874,719.0,1395.0,719.0,0.9808744720758243,0.5,test,-7.163373768270228
3164,1wET9miq,2025-09-18 19:25:03.247000+00:00,player_55c792da1b,player_ca11373b75,1.0,0.6123509480142962,0.676301669492737,2048.355845539509,1968.9311782132656,2054.0,1926.0,0.6997694032620582,0.5,test,-7.029928474033826
3165,4CI5NMEy,2025-09-18 19:25:03.247000+00:00,player_cfffc59502,player_db00527c42,1.0,0.5786472385020749,0.5,2096.7034120279272,2041.5961959148958,2070.0,2070.0,0.48130022207044143,0.5,test,-7.214130268299147
3166,8gj8yjHS,2025-09-18 19:25:03.247000+00:00,player_eb7a60a326,player_c95ae88f67,0.0,0.46302720559978267,0.4841750147352649,2049.933187845321,2075.671497317498,2064.0,2075.0,0.49280491829094863,0.5,test,-7.271181993197528
3167,CbD9xMnu,2025-09-18 19:25:03.247000+00:00,player_7ac78dcfca,player_c343e7f336,1.0,0.8312709882039389,0.8230246289217321,2082.7608659085563,1805.739721631226,1984.0,1717.0,0.8246953134461684,0.5,test,-7.279123832730585
3168,DWN0zGm8,2025-09-18 19:25:03.247000+00:00,player_b6f8562add,player_aeb4606df7,1.0,0.7280591920625832,0.770096676660982,1977.986115366788,1806.9091930103623,1948.0,1738.0,0.7811154027299616,0.5,test,-7.208783283697965
3169,HHNLGwCB,2025-09-18 19:25:03.247000+00:00,player_e29c1979bc,player_b3832d9015,1.0,0.8796821215422678,0.7917488375081845,2087.5358932918275,1741.937653261457,2073.0,1841.0,0.7458232083504994,0.5,test,-7.373855314399638
3170,HfMa0g12,2025-09-18 19:25:03.247000+00:00,player_5b7e285197,player_7c5941499d,0.0,0.18008116564282445,0.19437230595634977,1407.556458099062,1670.877485927454,1384.0,1631.0,0.19800335588556686,0.5,test,-7.395956243805806
3171,HgC9AsnW,2025-09-18 19:25:03.247000+00:00,player_c35e883c79,player_7edad124da,1.0,0.2983688788646237,0.32243941991489944,1715.2592164606558,1863.8013451334916,1703.0,1832.0,0.3300309860965169,0.5,test,-7.2951002660327395
3172,OfrFKW8U,2025-09-18 19:25:03.247000+00:00,player_4ffe569776,player_497848644b,0.0,0.10967667378789862,0.049052005347292676,1494.9078921941611,1858.6812845823172,1358.0,1873.0,0.040687418890373576,0.5,test,-7.220467984041259
3173,TkQ0TrgM,2025-09-18 19:25:03.247000+00:00,player_322c56add0,player_a36abe8586,0.0,0.08831316919967207,0.07719840648438053,1321.0,1726.5280845650043,1321.0,1752.0,0.07241889492653986,0.5,test,-7.203184292382684
3174,UfEKhDJO,2025-09-18 19:25:03.247000+00:00,player_7cc55356e9,player_f89dc9fdd9,1.0,0.5615679389736461,0.5615679389736461,1788.0,1745.0,1788.0,1745.0,0.5615679389736461,0.5,test,-7.203184292382684
3175,Vr99ljPm,2025-09-18 19:25:03.247000+00:00,player_3b88d50752,player_86fb93c7dd,0.0,0.31992932426277854,0.31992932426277854,1587.0,1718.0,1587.0,1718.0,0.31992932426277854,0.5,test,-7.203184292382684
3176,WrXmzBcH,2025-09-18 19:25:03.247000+00:00,player_f226a787f8,player_7e1d5365e3,1.0,0.6630190852060609,0.7639246991448386,1789.8963966059682,1672.3281066220143,1816.0,1612.0,0.7936407431881689,0.5,test,-7.023357173931396
3177,XVbtjL24,2025-09-18 19:25:03.247000+00:00,player_a5f43760a2,player_76a12ceccb,0.0,0.5721735922215717,0.5629847281035958,1725.308498730501,1674.8044100656132,1749.0,1705.0,0.558731369324761,0.5,test,-6.992420868087246
3178,aG1vOsWT,2025-09-18 19:25:03.247000+00:00,player_758210d4ff,player_658a5de3ae,1.0,0.4694856626301402,0.41729811503576986,1748.8258036085765,1770.0557201145957,1719.0,1777.0,0.4089244036850566,0.5,test,-7.1305283218469215
3179,eEdFnET4,2025-09-18 19:25:03.247000+00:00,player_22ccce2c6e,player_521c94bba5,1.0,0.3805747650963314,0.4089244036850566,1935.3800004018672,2019.9995628864779,1941.0,2005.0,0.4089244036850566,0.5,test,-7.058680664665098
3180,elxKMO7w,2025-09-18 19:25:03.247000+00:00,player_8d1936f6be,player_6fb1613252,1.0,0.6804299274911271,0.5854986786718095,1862.0366393232216,1730.7497169941605,1847.0,1787.0,0.5658152030692333,0.5,test,-7.2431379808147005
3181,f1Q5f4Id,2025-09-18 19:25:03.247000+00:00,player_581806056b,player_7296c8c2a7,1.0,0.25605610730722494,0.25526959313496533,1741.4719154349957,1926.7539330338896,1711.0,1897.0,0.25526959313496533,0.5,test,-7.246214355782289
3182,fylN0Qye,2025-09-18 19:25:03.247000+00:00,player_39b330901c,player_1a8443ce42,1.0,0.33544895610348324,0.2541767916495005,2078.474359873501,2197.2351198042593,1989.0,2176.0,0.23297508185497873,0.5,test,-7.610752654839264
3183,jwSJazW7,2025-09-18 19:25:03.247000+00:00,player_e49d48485c,player_a3cb35c7d1,0.0,0.7362281388231506,0.8711477984045555,2184.738743496018,2006.4251640823456,2165.0,1833.0,0.8954031473673285,0.5,test,-8.53572376054895
3184,lGc6aEuS,2025-09-18 19:25:03.247000+00:00,player_4a983ef4e0,player_26a6cc3796,0.0,0.7846162878678806,0.581301478368915,1856.26513229989,1631.687347630456,1784.0,1727.0,0.527315973006493,0.5,test,-7.749717759343029
3185,qekO076y,2025-09-18 19:25:03.247000+00:00,player_26751a19ed,player_c500c8643c,0.0,0.42457799481362385,0.31122643133128686,1426.1531001418934,1478.9646939208308,1451.0,1589.0,0.28240827680846853,0.5,test,-7.528920676350507
3186,qt3tjUih,2025-09-18 19:25:03.247000+00:00,player_b2806ec8b0,player_41fb25d2fb,0.0,0.6406615734396996,0.7291099628977525,1603.1279345617463,1502.6779288872563,1617.0,1445.0,0.7458232083504994,0.5,test,-7.87515525813385
3187,qwYfF75n,2025-09-18 19:25:03.247000+00:00,player_b8d557fe65,player_cee0c9e7a2,0.0,0.24541006859406347,0.22284689468527405,1534.7172017208864,1729.844653410336,1530.0,1747.0,0.21303672061053083,0.5,test,-7.83314813426236
3188,sRp0SfVG,2025-09-18 19:25:03.247000+00:00,player_2ff421b778,player_b21cbf6e60,1.0,0.8303851238551541,0.8118599983337865,1922.9528626777878,1647.0266143889528,1935.0,1681.0,0.8047246934992595,0.5,test,-7.864537508809281
3189,t4YonOQN,2025-09-18 19:25:03.247000+00:00,player_c115812a60,player_23195b6a66,0.0,0.127783457374795,0.049052005347292676,1484.6480630703797,1818.307937021579,1383.0,1898.0,0.03786483661488681,0.5,test,-7.766420287312938
3190,17YkCVae,2025-09-18 19:25:41.095000+00:00,player_53ca97c072,player_6fa62cf77b,1.0,0.6948488594317528,0.7347570893165466,1807.1133454432936,1664.1632048796253,1769.0,1592.0,0.7469129214289432,0.5,test,-7.694166033492225
3191,1p83t97y,2025-09-18 19:25:41.095000+00:00,player_c40a702727,player_eaabf28647,1.0,0.31935114986438445,0.31122643133128686,1644.6920574719354,1776.1539098492956,1628.0,1766.0,0.3063120835780346,0.5,test,-7.735852850932251
3192,27sC5Rsu,2025-09-18 19:25:41.095000+00:00,player_13482fff35,player_b9716b67a8,0.0,0.04759500935906595,0.03542705695208463,1618.6639738573601,2139.1680722189435,1561.0,2135.0,0.03259190292079521,0.5,test,-7.720222775306331
3193,3UTILo8z,2025-09-18 19:25:41.095000+00:00,player_1e9d72a955,player_90b1013359,0.0,0.13250552637699378,0.15774132752957445,1490.4427350616727,1816.855825112903,1528.0,1819.0,0.16004930536524656,0.5,test,-7.752488723392418
3194,4wALE6rz,2025-09-18 19:25:41.095000+00:00,player_68cd6a7975,player_05bddac032,0.0,0.1398765085854767,0.08446467329672434,1753.659057772718,2069.185468035536,1709.0,2123.0,0.06718834790965547,0.5,test,-7.671361389960561
3195,ABnTf6jl,2025-09-18 19:25:41.095000+00:00,player_4d66dc48f8,player_f9672567d0,1.0,0.7012397629297281,0.7791406208194696,1767.912655624186,1619.6951600786733,1789.0,1570.0,0.8056276940436502,0.5,test,-7.532589530643603
3196,JlcoHZLB,2025-09-18 19:25:41.095000+00:00,player_38ca9183e1,player_16ec20cd15,0.0,0.24347357332202058,0.20920189720276192,2060.7492721997914,2257.698181615735,1933.0,2164.0,0.20261368597229626,0.5,test,-7.479987724527368
3197,JuEXsbJf,2025-09-18 19:25:41.095000+00:00,player_aaeeb9d45b,player_fb9f3bd030,1.0,0.8903486664689104,0.9076535681936819,1384.9359946512557,1021.1175167219542,1399.0,1002.0,0.9119053076034237,0.5,test,-7.456064715311561
3198,LSEj0HJ7,2025-09-18 19:25:41.095000+00:00,player_a4af4da67c,player_333b727a80,0.0,0.4295298182470095,0.3950870979920432,1568.3986540358515,1617.6945063248959,1634.0,1708.0,0.3882294992189357,0.5,test,-7.386168402922836
3199,NIzWOb4G,2025-09-18 19:25:41.095000+00:00,player_4d0a03a3f3,player_b99e1146b7,1.0,0.6382538655656076,0.5798997603578815,2059.344738689564,1960.7089167829504,1974.0,1918.0,0.5742802036545245,0.5,test,-7.491787078647847
3200,VXReC9R2,2025-09-18 19:25:41.095000+00:00,player_e558f7f0c0,player_eaa0f84f04,1.0,0.36353923143193484,0.1761384714944276,1926.5881424519075,2023.8762841247224,1807.0,2075.0,0.14093699762332623,0.5,test,-8.439361331552657
3201,VgruYblJ,2025-09-18 19:25:41.095000+00:00,player_a2779f665c,player_8c5e3f847f,0.0,0.09423794732629437,0.08491088893958132,1357.8724182172423,1750.9877397907321,1324.0,1737.0,0.07203315850384262,0.5,test,-8.41514196708159
3202,ZhpkDKLe,2025-09-18 19:25:41.095000+00:00,player_d0047f4ae9,player_1356323f37,1.0,0.6083546889224585,0.6712405808158318,1827.9986388255084,1751.4930674770087,1894.0,1770.0,0.6863002576833125,0.5,test,-8.294584823509947
3203,b8Bu138t,2025-09-18 19:25:41.095000+00:00,player_ad0e8c47f8,player_e6eaacd950,0.5,0.3804984555322889,0.44268836623770724,1357.8647389721652,1442.5405370377468,1380.0,1420.0,0.46694860611555894,0.5,test,-8.267364957817575
3204,dJdrImVE,2025-09-18 19:25:41.095000+00:00,player_0e778d3f65,player_6a3f628a42,1.0,0.30886791372773503,0.18464818471669944,1922.653467190262,2062.5687716806583,1827.0,2085.0,0.15546047176996494,0.5,test,-8.953887181193855
3205,dOXquyVH,2025-09-18 19:25:41.095000+00:00,player_c4e2ba07e4,player_6a7243015c,0.0,0.26046755254807435,0.17036717656865663,1775.7854746171326,1957.066916391376,1752.0,2027.0,0.1547061893820004,0.5,test,-8.820221068141906
3206,dxigdhOT,2025-09-18 19:25:41.095000+00:00,player_26492a39ee,player_b0bebdfa76,1.0,0.8818298016399496,0.8805335622474012,2119.3247034410156,1770.1739805269274,2103.0,1756.0,0.8805335622474012,0.5,test,-8.821692092395878
3207,neMWF7zz,2025-09-18 19:25:41.095000+00:00,player_05ce171ed1,player_3c53727464,0.5,0.7267972574985138,0.422907524174671,2040.7664897698014,1870.7951996724923,1971.0,2025.0,0.34548000561753406,0.5,test,-8.756704504674644
3208,qVaPKmBB,2025-09-18 19:25:41.095000+00:00,player_a43116799c,player_4fb4dbb91a,0.0,0.10737578495867546,0.17781538884649767,1574.2033958413424,1942.108320825173,1746.0,2012.0,0.2054180849637705,0.5,test,-8.873054101873276
3209,yIoDQY4R,2025-09-18 19:25:41.095000+00:00,player_1717e4f9fd,player_ceb09b75c0,0.0,0.3475719207392636,0.36259162325551547,2037.616659708902,2147.011843745522,2004.0,2102.0,0.3612622508882752,0.5,test,-8.894261049778743
3210,yNn8g2BX,2025-09-18 19:25:41.095000+00:00,player_5606388063,player_c0c8a08a0d,0.0,0.2046105540897719,0.21400339771784252,1474.6862880566755,1710.5470050750555,1538.0,1764.0,0.21594631611218493,0.5,test,-8.908615421203013
3211,U2XhsWM1,2025-09-18 19:25:41.096000+00:00,player_81ac4606ec,player_bf79f2e0ca,0.0,0.03086239363044271,0.021651772856434787,1130.1209751958036,1728.903311246058,1172.0,1834.0,0.02023585424026805,0.5,test,-8.897710156541406
3212,0nBkKZzx,2025-09-18 19:26:18.908000+00:00,player_c81be32368,player_2ff21a918f,0.0,0.8050371169689765,0.840723042661615,1868.4359063994332,1622.0903200077132,1858.0,1569.0,0.8482810687127118,0.5,test,-9.148489680741442
3213,D6DIlFng,2025-09-18 19:26:18.908000+00:00,player_b88b6fa8ed,player_f8aab17de5,1.0,0.4919266433365701,0.5287505638922686,1848.577146589266,1854.187576999134,1873.0,1853.0,0.5373473171664928,0.5,test,-9.060174628644761
3214,DF3P9f51,2025-09-18 19:26:18.908000+00:00,player_06cd8b8e81,player_26faf633c9,1.0,0.4749741690620017,0.35596614617770733,1897.9378469981145,1915.342118716699,1760.0,1863.0,0.33771220256911116,0.5,test,-9.40124098919253
3215,GzRhuE9d,2025-09-18 19:26:18.908000+00:00,player_8f396e4253,player_37bee017ff,0.0,0.10845210771892215,0.12129504878814854,1788.2761464631365,2154.2388188107934,1790.0,2134.0,0.12692611774973042,0.5,test,-9.422179963506753
3216,HOV6MAWf,2025-09-18 19:26:18.908000+00:00,player_635e2ad905,player_adebea36c3,1.0,0.9109020736889748,0.908134935731807,1710.8438149755743,1307.0021771800486,1675.0,1277.0,0.9076535681936819,0.5,test,-9.425752588809724
3217,HtG3D24r,2025-09-18 19:26:18.908000+00:00,player_5f93c621f7,player_3e22e2375b,1.0,0.9822446511340795,0.9855889434351226,1758.1561850244257,1061.0,1795.0,1061.0,0.9861502136744882,0.5,test,-9.421784312184563
3218,IkBRLG6t,2025-09-18 19:26:18.908000+00:00,player_c915911c44,player_987e5d4a79,0.0,0.2826984725567742,0.35993500019711494,1969.1510126008295,2130.9023300684944,1996.0,2096.0,0.38141587791096926,0.5,test,-9.56984741232011
3219,JRHRbHsK,2025-09-18 19:26:18.908000+00:00,player_db00527c42,player_76d8db066a,0.0,0.29325719778964326,0.42994717641601177,2014.6296191790286,2167.4347046845714,2064.0,2113.0,0.46694860611555894,0.5,test,-9.851896381175981
3220,PQF9hFnJ,2025-09-18 19:26:18.908000+00:00,player_642d7c533c,player_4d4772731a,0.0,0.34808796012533627,0.34808796012533627,1700.0,1809.0,1700.0,1809.0,0.34808796012533627,0.5,test,-9.851896381175981
3221,TrdYYxkb,2025-09-18 19:26:18.908000+00:00,player_8824ea67c7,player_025a8fd90a,1.0,0.47884663216395984,0.6584145209169125,1658.3818691735369,1673.089513719776,1699.0,1585.0,0.6973450785898532,0.5,test,-9.475996364466534
3222,bjxbRtNb,2025-09-18 19:26:18.908000+00:00,player_cfffc59502,player_668863653e,1.0,0.823132821832624,0.7801296039931584,2123.6699887637947,1856.5409198415994,2076.0,1856.0,0.7751528656496841,0.5,test,-9.536053683622498
3223,dUaA29RT,2025-09-18 19:26:18.908000+00:00,player_2f62ca03af,player_d63844d204,0.0,0.10363710567570489,0.07164931798655375,1204.0,1578.787437812591,1204.0,1649.0,0.0661140613371956,0.5,test,-9.49504472116214
3224,iaB2oogr,2025-09-18 19:26:18.908000+00:00,player_28f12ab761,player_c5b91a311c,0.0,0.4577114445687274,0.525880930891169,1550.2688144701935,1579.7242814605786,1596.0,1578.0,0.5387780920571715,0.5,test,-9.656963681716046
3225,jjjUppTI,2025-09-18 19:26:18.908000+00:00,player_d5f04bdeec,player_bd9a49b1b8,0.0,0.03299142792005693,0.026357222725513333,1735.7026310067502,2322.514315418215,1585.0,2212.0,0.024366147070793556,0.5,test,-9.648083676403013
3226,onOnUXVW,2025-09-18 19:26:18.908000+00:00,player_2c115abdde,player_a3cb35c7d1,1.0,0.8700074743969195,0.9473371258660742,2383.7856057945314,2053.543764967027,2335.0,1833.0,0.9545734903221555,0.5,test,-9.555320845545948
3227,qR9ikAmJ,2025-09-18 19:26:18.908000+00:00,player_8634e7a8c5,player_ef3c7b9cb8,1.0,0.9641370166365177,0.9761752799793126,1861.0971123089312,1289.3001752912414,1829.0,1184.0,0.9784698309582908,0.5,test,-9.540564309064212
3228,ujSVbVwz,2025-09-18 19:26:18.908000+00:00,player_902095847e,player_09fe126b7a,0.0,0.24547115789961244,0.18638778949441326,1481.6007846548232,1676.6709343629104,1397.0,1653.0,0.1663375308165619,0.5,test,-9.440829206083755
3229,utvX5Bn5,2025-09-18 19:26:18.908000+00:00,player_d1a9c42e72,player_e1ccd38199,0.5,0.5325520823227707,0.554469374021676,2003.3392799843884,1980.6877369179792,2040.0,2002.0,0.5601501452319029,0.5,test,-9.445994377420158
3230,xcsyUEhq,2025-09-18 19:26:18.908000+00:00,player_2f2b3ef755,player_589dcb6ab1,0.0,0.9654730056656372,0.9527938123855935,1848.0,1269.3674551904483,1848.0,1326.0,0.953818732599141,0.5,test,-9.15516159163202
3231,2Xpw21ZL,2025-09-18 19:26:56.634000+00:00,player_acc6657449,player_ddb8c01472,1.0,0.10452515816823298,0.081831824755152,1698.4084939197878,2071.5415161390692,1656.0,2076.0,0.08313877240427012,0.5,test,-9.384078213772113
3232,2yCthcR1,2025-09-18 19:26:56.634000+00:00,player_1d9e1a3cc1,player_b7120baa1d,0.5,0.908758157462475,0.8774725143294195,1741.5692293078675,1342.2675191111534,1700.0,1358.0,0.8698499490743091,0.5,test,-9.228370138686872
3233,35eQyWcI,2025-09-18 19:26:56.634000+00:00,player_5203491a82,player_076a4e5b74,0.0,0.19813489446402074,0.163956574457953,1599.5241363537014,1842.3802751327257,1575.0,1858.0,0.15697803558596385,0.5,test,-9.178317522099928
3234,5jbk14av,2025-09-18 19:26:56.634000+00:00,player_d539a5e529,player_c94197573d,1.0,0.07693595250788758,0.04825270359051784,1535.9434529512355,1967.5844533390198,1463.0,1981.0,0.04159572903210256,0.5,test,-9.793293317717147
3235,5lQMOtSB,2025-09-18 19:26:56.634000+00:00,player_ba5449c385,player_03e45ffb64,1.0,0.7310867334400948,0.6374083767444845,1861.8032483654897,1688.0605784096642,1810.0,1712.0,0.6145013610085578,0.5,test,-9.96701427699902
3236,7m11lNc5,2025-09-18 19:26:56.634000+00:00,player_44e0f1f4a3,player_d1e535cc67,0.0,0.05328183724011464,0.05324021520202244,1606.1433929765876,2106.0,1606.0,2106.0,0.0529508017989083,0.5,test,-9.966664671813714
3237,AjcBiQ4z,2025-09-18 19:26:56.634000+00:00,player_2b4c4d80ed,player_76190258fa,1.0,0.3101106756868443,0.4019862342306564,1905.3319268192597,2044.2370097201629,1955.0,2024.0,0.422907524174671,0.5,test,-9.656440387748422
3238,GNfvrEL1,2025-09-18 19:26:56.634000+00:00,player_4d8c28b063,player_35c99037c3,1.0,0.1508006866923628,0.12314773491920303,1307.7236966556761,1607.9662227150484,1334.0,1675.0,0.11826064065809262,0.5,test,-9.89950838922749
3239,Ht2Qp3Js,2025-09-18 19:26:56.634000+00:00,player_d1ab878e39,player_a4886874e6,1.0,0.32581923406686647,0.21594631611218493,1389.1839511441847,1515.5038070367025,1375.0,1599.0,0.19437230595634977,0.5,test,-10.416075697270823
3240,KNnAwlm9,2025-09-18 19:26:56.634000+00:00,player_db06ce1c13,player_f62f614b04,1.0,0.7288389523707743,0.6712405808158318,2003.7517413316352,1831.9900325059048,1934.0,1810.0,0.654519994382466,0.5,test,-10.523626355080847
3241,KvsLsq1I,2025-09-18 19:26:56.634000+00:00,player_75859a95e0,player_7129444c47,0.0,0.5396623032916846,0.5629847281035958,1811.574304015504,1783.9560871304575,1814.0,1770.0,0.5686413918836677,0.5,test,-10.588646916960847
3242,QfYro4qr,2025-09-18 19:26:56.634000+00:00,player_be9345437c,player_a71ab86adb,0.0,0.9156735983107344,0.8937746801781464,1890.7342629410882,1476.4234135512515,1859.0,1489.0,0.8835282880564392,0.5,test,-10.265693492648186
3243,fwbY8LtO,2025-09-18 19:26:56.634000+00:00,player_25d490f1a0,player_649f518fcf,0.5,0.35799731031240234,0.21111293178984536,2000.4226588926906,2101.8854924225716,1833.0,2062.0,0.18551641249528777,0.5,test,-10.475403659578857
3244,ggHbTTbR,2025-09-18 19:26:56.634000+00:00,player_2fa193d031,player_a2f078f954,1.0,0.6280448056219418,0.6280448056219418,1337.0,1246.0,1337.0,1246.0,0.6280448056219418,0.5,test,-10.475403659578857
3245,hKw05b17,2025-09-18 19:26:56.634000+00:00,player_80d88cf3a0,player_918f0c414b,0.0,0.32598468713770323,0.31992932426277854,1657.288920376195,1783.4779457375455,1595.0,1726.0,0.3161836858063414,0.5,test,-10.460967154556363
3246,i1SnK9PO,2025-09-18 19:26:56.634000+00:00,player_39aa036cb7,player_94452001f9,0.0,0.032640339736771294,0.028666095802417874,1229.0538418158378,1817.7871628225432,1150.0,1762.0,0.028347259532676354,0.5,test,-10.45653903721431
3247,iHCsk7pf,2025-09-18 19:26:56.634000+00:00,player_17d7f84176,player_f7db316c11,1.0,0.9254861166391624,0.9219774236826269,1925.6530842270815,1488.0,1917.0,1488.0,0.9215623250569782,0.5,test,-10.460787759008689
3248,jKlh8XWK,2025-09-18 19:26:56.634000+00:00,player_f14a11f9f0,player_085c0b189a,0.0,0.7562432249063384,0.6788169197947567,2061.2466372603753,1864.564716718021,2086.0,1956.0,0.6584145209169125,0.5,test,-10.123360711284482
3249,r1GlPHoH,2025-09-18 19:26:56.634000+00:00,player_dfa290cf4a,player_2c3a5ed333,0.0,0.18938108027201694,0.21888459727003834,1624.4279526530297,1877.0200111963534,1652.0,1873.0,0.22585202229816936,0.5,test,-10.169395724628632
3250,uLaOys8R,2025-09-18 19:26:56.634000+00:00,player_d25e6e2e5b,player_c3a149acc0,0.0,0.13748809600868891,0.13748809600868891,1532.0,1851.0,1532.0,1851.0,0.13748809600868891,0.5,test,-10.169395724628632
3251,uhNc5xS8,2025-09-18 19:26:56.634000+00:00,player_a5275371e3,player_e130fe568b,0.0,0.7458009157482351,0.7245382428425361,1825.3800408500106,1638.400468609195,1872.0,1704.0,0.7057813597120025,0.5,test,-10.023190315507247
3252,w8f2c8AC,2025-09-18 19:26:56.634000+00:00,player_1f017477db,player_a62a26de58,1.0,0.44814373673679225,0.4483764526890395,1153.8365420715268,1190.0,1154.0,1190.0,0.45836229728523653,0.5,test,-10.000644423881347
3253,wzAB8AZf,2025-09-18 19:26:56.634000+00:00,player_7daf8cb2ff,player_ccc6f98b3c,1.0,0.2556396761369078,0.21111293178984536,1942.0342588389829,2127.6962418344556,1896.0,2125.0,0.19618148057531573,0.5,test,-10.265373209658442
3254,00aH92hD,2025-09-18 19:27:34.343000+00:00,player_9a46ffbbd8,player_16ec20cd15,0.0,0.20004738089212568,0.33642590195870453,2032.5079323577688,2273.2804903083443,2048.0,2166.0,0.3882294992189357,0.5,test,-10.533568495998306
3255,1pATza1d,2025-09-18 19:27:34.343000+00:00,player_0d374b7141,player_d3ab849fc2,1.0,0.7056476250096939,0.7256856462717871,1548.9152041260343,1397.0270681691718,1542.0,1373.0,0.7436345220073278,0.5,test,-10.481134813898096
3256,337w8MDl,2025-09-18 19:27:34.343000+00:00,player_d702984f4a,player_343e0b1ee2,0.0,0.3280851287556132,0.22990332333901797,1616.5512567040305,1741.0823398566274,1582.0,1792.0,0.2035453002882742,0.5,test,-10.31109621315304
3257,5Y2aZ1o2,2025-09-18 19:27:34.343000+00:00,player_032940e141,player_3288d41c63,0.0,0.47216748779358797,0.5316182978281073,1795.4360905680956,1814.796113757724,1836.0,1814.0,0.544494573083008,0.5,test,-10.45846760398013
3258,9MYwzMtO,2025-09-18 19:27:34.343000+00:00,player_f931cf221d,player_563ade11f6,1.0,0.48003191908830994,0.41869852163108506,1670.6889717576405,1684.5715991195225,1637.0,1694.0,0.4061446147638222,0.5,test,-10.62561091359254
3259,AkpA9Ddd,2025-09-18 19:27:34.343000+00:00,player_6fffeaa105,player_d8064a3fec,0.0,0.5529324554129434,0.45979177167625435,1922.1754980525864,1885.2559222346529,1897.0,1925.0,0.44268836623770724,0.5,test,-10.405196033667888
3260,ArDtaL0a,2025-09-18 19:27:34.343000+00:00,player_6128bf3766,player_38ca9183e1,0.0,0.32144700983818325,0.34288131351292145,1915.3772121454767,2045.1669635071821,1818.0,1931.0,0.34548000561753406,0.5,test,-10.441256474900957
3261,Ec4e7y9H,2025-09-18 19:27:34.343000+00:00,player_1c9f5b16a8,player_a3a990c92f,1.0,0.171843095347843,0.11886221644630175,1673.8400360891053,1947.0322521712658,1646.0,1994.0,0.10954936127707525,0.5,test,-10.89146306342316
3262,EwLq44wo,2025-09-18 19:27:34.343000+00:00,player_912f690b63,player_003e58a5a1,1.0,0.9020937220914454,0.8817393593419074,1808.0,1422.2235519593792,1808.0,1459.0,0.8768522650807969,0.5,test,-10.919842959531653
3263,FbNMHDuX,2025-09-18 19:27:34.343000+00:00,player_b10b6ca0e2,player_9f940aba7b,1.0,0.34298572465561367,0.4145013213281905,1705.1456001440429,1818.0651045879795,1724.0,1784.0,0.44126863067523897,0.5,test,-10.66787795690203
3264,HDEj4b3S,2025-09-18 19:27:34.343000+00:00,player_0ab0ebacb4,player_c78f26ab0a,1.0,0.8534792882870251,0.8737104209450813,1929.405862597373,1623.2882758627231,2026.0,1690.0,0.8743442268185462,0.5,test,-10.643725081731798
3265,JLDYTBpJ,2025-09-18 19:27:34.343000+00:00,player_da9790cff0,player_d1b2e47a87,0.0,0.6678553972355744,0.6887735686687132,1586.5592809603088,1465.2171848202315,1536.0,1398.0,0.7279715135441962,0.5,test,-10.843388715889802
3266,W9jufKrN,2025-09-18 19:27:34.343000+00:00,player_5b34aa5dfc,player_d6e4fb2db5,1.0,0.8816686825134347,0.8876112598598545,1613.8822858793897,1265.0,1624.0,1265.0,0.8893225137109468,0.5,test,-10.83474510561492
3267,Z4m1Ho7f,2025-09-18 19:27:34.343000+00:00,player_fe238bcb8d,player_7c2d2c355b,1.0,0.42350311073968433,0.3868631798468569,1756.6555564856412,1810.2317018971435,1807.0,1887.0,0.373300918333268,0.5,test,-10.960921119033763
3268,de6O9vQd,2025-09-18 19:27:34.343000+00:00,player_bbe1117cf1,player_9f1e963216,0.0,0.7756227454597279,0.615864104253756,1869.919456082815,1654.4507733911623,1819.0,1737.0,0.558731369324761,0.5,test,-10.284596096466553
3269,gIB1UJSI,2025-09-18 19:27:34.343000+00:00,player_8251e714f6,player_86b23a224d,0.5,0.06531188433303069,0.02035029972144683,706.1346134276487,1168.4044161764568,704.0,1377.0,0.0156016622418296,0.5,test,-10.974585511802621
3270,iM1oUFoa,2025-09-18 19:27:34.343000+00:00,player_bf51230720,player_4a673ee2af,1.0,0.8289231379207779,0.8705002577432696,1880.4166109322596,1606.2874162876624,1892.0,1561.0,0.8749753069983639,0.5,test,-10.920517280631858
3271,jKWjzPJT,2025-09-18 19:27:34.343000+00:00,player_4ca3738b51,player_90d967ea58,0.0,0.02056452680863687,0.019896286889966117,1288.8571566267522,1960.0,1283.0,1960.0,0.01901783656956512,0.5,test,-10.918939361181334
3272,mKoYNnkw,2025-09-18 19:27:34.343000+00:00,player_7070005121,player_819e24ef50,0.0,0.6532171672188698,0.6532171672188698,1722.0,1612.0,1722.0,1612.0,0.6532171672188698,0.5,test,-10.918939361181334
3273,oTxHVARf,2025-09-18 19:27:34.343000+00:00,player_80535e6838,player_eaabf28647,1.0,0.4553941956215073,0.5798997603578815,1701.5144735022964,1732.5923834406162,1814.0,1758.0,0.6076610641268197,0.5,test,-10.63048550284926
3274,xgkW20KM,2025-09-18 19:27:34.343000+00:00,player_2cd4b69a52,player_23cb130ca5,0.0,0.02475981472999051,0.01817745180042496,1237.4554157757493,1875.6010948299856,1194.0,1887.0,0.016984792153514942,0.5,test,-10.62254469649767
3275,yQjdatPh,2025-09-18 19:27:34.343000+00:00,player_0f8ce8d66e,player_1aaaee5c2a,1.0,0.5952430396515719,0.5952430396515719,1529.0,1462.0,1529.0,1462.0,0.5952430396515719,0.5,test,-10.62254469649767
3276,k2WdwUJK,2025-09-18 19:28:09.913000+00:00,player_ba1bfc0b56,player_85b73e0103,1.0,0.12196673142386075,0.1655408182910169,1777.389280931458,2120.297115424331,1723.0,2004.0,0.1736464460559682,0.5,test,-10.269271697948879
3277,65X70YS8,2025-09-18 19:28:09.914000+00:00,player_8f770a31d9,player_591a410960,0.0,0.26524291068345335,0.26524291068345335,1562.0,1739.0,1562.0,1739.0,0.26524291068345335,0.5,test,-10.269271697948879
3278,AumJqfIp,2025-09-18 19:28:09.914000+00:00,player_57edb119c4,player_ce2b0124b6,1.0,0.7877669842167038,0.834459181708983,1743.4056541684013,1515.5717221782802,1750.0,1469.0,0.8437822479242926,0.5,test,-10.200579577550064
3279,BzKxY2M5,2025-09-18 19:28:09.914000+00:00,player_dde53ccc56,player_6fd62fa19c,0.0,0.18667972563509397,0.16004930536524656,1408.0993902259777,1663.765168048644,1372.0,1660.0,0.1547061893820004,0.5,test,-10.162020279136364
3280,HC5dFIXo,2025-09-18 19:28:09.914000+00:00,player_e4ada11e5f,player_2ffe222f07,0.0,0.014982825989234226,0.012153171040153397,715.3039741725374,1442.444000951368,716.0,1480.0,0.011612540099697578,0.5,test,-10.158604568938463
3281,KS4TsBUT,2025-09-18 19:28:09.914000+00:00,player_9ff72376af,player_725002b39f,1.0,0.8323621835460541,0.7983147441549775,1778.5944121108253,1500.2182739219302,1803.0,1564.0,0.7907981027972382,0.5,test,-10.20982953959834
3282,LtS42YeY,2025-09-18 19:28:09.914000+00:00,player_58a6586709,player_be6cb720c5,1.0,0.9512828571657994,0.9476235744705875,1816.8048478776377,1300.5537036138692,1826.0,1323.0,0.9470491982010917,0.5,test,-10.214289945744746
3283,PPK1f0kM,2025-09-18 19:28:09.914000+00:00,player_d39c4ff769,player_3243f4d046,1.0,0.5570934868158046,0.5287505638922686,1842.7085542406642,1802.8621485919182,1845.0,1825.0,0.3149403910066497,0.5,test,-10.784639625454314
3284,PltKY1KS,2025-09-18 19:28:09.914000+00:00,player_6cf377a2da,player_fbe33ed2b2,1.0,0.9409065627419021,0.956289152264316,1933.8028982430005,1453.0,1989.0,1453.0,0.9608565972483071,0.5,test,-10.763658288995677
3285,UeIz3qA2,2025-09-18 19:28:09.914000+00:00,player_701f922727,player_ac62c002a3,0.0,0.46606324795398196,0.469815319996098,1282.382016828176,1306.0,1285.0,1306.0,0.4712494361077314,0.5,test,-10.773418882256852
3286,XYe84WTe,2025-09-18 19:28:09.914000+00:00,player_499ee42b6f,player_a3a1c6ca99,1.0,0.43700280442450024,0.4640840730548977,1395.509399105157,1439.518202108341,1443.0,1468.0,0.5186997779295586,0.5,test,-10.60203324155082
3287,ZhdMZrhV,2025-09-18 19:28:09.914000+00:00,player_b3832d9015,player_07b647559a,1.0,0.9274430335045374,0.9540716351028596,1734.237309040162,1291.5940585724595,1838.0,1311.0,0.9621351633851132,0.5,test,-10.565309671468562
3288,bN7yP14h,2025-09-18 19:28:09.914000+00:00,player_7c9c160dc6,player_a36abe8586,0.0,0.11032613477180062,0.09779267965490034,1369.5591554199077,1732.1801273937833,1367.0,1753.0,0.09234643180631803,0.5,test,-10.545301850501293
3289,fwT5r9PQ,2025-09-18 19:28:09.914000+00:00,player_6e7ce99497,player_e29c1979bc,0.0,0.10352997955012554,0.10513721035591964,1720.2483805789795,2095.2362375131224,1709.0,2081.0,0.11354237633604944,0.5,test,-10.556533379802872
3290,jDwyxhDo,2025-09-18 19:28:09.914000+00:00,player_11d4d71a9d,player_c40a702727,0.0,0.17501210677340293,0.15697803558596385,1418.9017908936914,1688.2535838806148,1347.0,1639.0,0.15774132752957445,0.5,test,-10.535814912130503
3291,kw5DSEZJ,2025-09-18 19:28:09.914000+00:00,player_3e14395bcd,player_7af80abc6c,0.0,0.31407020320159695,0.25746444105693017,1533.4691288837648,1669.1703022898716,1511.0,1695.0,0.23503873644731077,0.5,test,-10.426765000925371
3292,no07WhYi,2025-09-18 19:28:09.914000+00:00,player_5658e0bf0b,player_c0056938ef,1.0,0.40181476722945025,0.3572869311673796,1446.1265717983656,1515.2504893643093,1422.0,1524.0,0.3507050528890364,0.5,test,-10.56281064026524
3293,of268PoR,2025-09-18 19:28:09.914000+00:00,player_87128e2636,player_64df42e6aa,0.0,0.20806839291441032,0.20730361582423143,1487.1146037021626,1719.3072292376235,1484.0,1717.0,0.2054180849637705,0.5,test,-10.559469590373073
3294,t0od26WT,2025-09-18 19:28:09.914000+00:00,player_8c5e3f847f,player_21f2010af5,0.0,0.29505661954473233,0.20261368597229626,1757.018968419615,1908.3185181722065,1738.0,1976.0,0.18206236894188432,0.5,test,-10.410800990503565
3295,vnz2hQ3A,2025-09-18 19:28:09.914000+00:00,player_b6ef45444b,player_bb0b4d71cc,1.0,0.5076807013049265,0.5057562084111449,1744.9069645631737,1739.5694467904066,1757.0,1753.0,0.4726840269935071,0.5,test,-10.482226553502588
3296,5cZe3Wdu,2025-09-18 19:28:49.692000+00:00,player_57f89e6d2a,player_f055c06ad8,1.0,0.4416360827511234,0.48992755307256153,1940.2152634278282,1980.9563819581722,1918.0,1925.0,0.5043172397550598,0.5,test,-10.349507240242854
3297,6t4sk3F0,2025-09-18 19:28:49.692000+00:00,player_61f07bf7fd,player_98688a5bf7,1.0,0.8425188584243942,0.7992399910868982,2245.8012660726517,1954.4608355458565,2226.0,1986.0,0.7879267680774021,0.5,test,-10.416498134478047
3298,FZZs8SyC,2025-09-18 19:28:49.692000+00:00,player_7cc55356e9,player_402f363303,1.0,0.3841092472270512,0.3882294992189357,1816.0596519056867,1898.0792202133762,1793.0,1872.0,0.3882294992189357,0.5,test,-10.405828486998361
3299,IzHBInMr,2025-09-18 19:28:49.692000+00:00,player_6fb1613252,player_7b8d0ade12,1.0,0.5678643371066302,0.5868950233791,1710.2972323535926,1662.8474378627761,1782.0,1721.0,0.584100958813678,0.5,test,-10.377637191501744
3300,MBIx8STx,2025-09-18 19:28:49.692000+00:00,player_e05bc80ecf,player_19a2905cfc,1.0,0.6556417158202975,0.46838170217189273,1472.668275303449,1360.8058581183718,1459.0,1481.0,0.4243130476235704,0.5,test,-10.812780163660529
3301,V6VrX4ax,2025-09-18 19:28:49.692000+00:00,player_94452001f9,player_db00527c42,1.0,0.2663831557409751,0.15320659692731933,1819.8761445656967,1995.8611585204915,1762.0,2059.0,0.1282074219668559,0.5,test,-11.54406643465915
3302,Y0GBkc78,2025-09-18 19:28:49.692000+00:00,player_f227e4b9e0,player_592792b68b,0.0,0.03294502043419943,0.02046537893821956,1411.2602578784954,1998.3248115941205,1347.0,2019.0,0.018075000466830752,0.5,test,-11.528806854086735
3303,YJA6FU36,2025-09-18 19:28:49.692000+00:00,player_5d17467af2,player_55a4503163,1.0,0.46552760495438716,0.43135860811633236,1773.8768255430916,1797.868761658996,1757.0,1805.0,0.43135860811633236,0.5,test,-11.605038469228184
3304,dOu87ehJ,2025-09-18 19:28:49.692000+00:00,player_80e7015e8d,player_8d1936f6be,0.0,0.24639771911095001,0.3882294992189357,1688.2869155755154,1882.4891239637896,1773.0,1852.0,0.44268836623770724,0.5,test,-11.906778649561671
3305,gmHUrhpV,2025-09-18 19:28:49.692000+00:00,player_df147156b7,player_2974fd4830,0.0,0.6128347537744906,0.5473485180458647,2042.4575274516983,1962.6787194382198,1936.0,1903.0,0.5186997779295586,0.5,test,-11.689139006580637
3306,iMkBEuih,2025-09-18 19:28:49.692000+00:00,player_cd4070b519,player_39aa036cb7,0.0,0.6493307764699144,0.7533860777856145,1333.9921944696544,1226.9648600726844,1343.0,1149.0,0.7659946707664889,0.5,test,-12.093638513018655
3307,lH81hMY1,2025-09-18 19:28:49.692000+00:00,player_76d8db066a,player_df3f04be61,1.0,0.8111791912271493,0.8271780169631395,2186.2031653431086,1932.9763861883437,2118.0,1846.0,0.8263535539440318,0.5,test,-12.075104780335355
3308,n0JXcJGE,2025-09-18 19:28:49.692000+00:00,player_025ca2fadc,player_b2c2b98932,0.0,0.3360580129711592,0.29902260138989206,1693.9159699611282,1812.2023214340015,1617.0,1765.0,0.2859210974146497,0.5,test,-12.00230609300577
3309,oIbVzVM3,2025-09-18 19:28:49.692000+00:00,player_fe15c1f5ed,player_b5d3aca269,1.0,0.23792443719542455,0.344179494087605,1790.420565510048,1992.6441594371722,1798.0,1910.0,0.3882294992189357,0.5,test,-11.512662567898204
3310,u0VOjxKv,2025-09-18 19:28:49.692000+00:00,player_ec3fd5d597,player_f9c52ce45a,1.0,0.9650726021286552,0.9700234108404839,1754.7485128954404,1178.1910109027433,1796.0,1192.0,0.977094665303013,0.5,test,-11.500282360562922
3311,vE3FV6xe,2025-09-18 19:28:49.692000+00:00,player_030fe27be7,player_8bc6fe346a,1.0,0.2700750234627624,0.3800586409554767,1587.4145193039935,1760.1320401359217,1685.0,1770.0,0.43701527189640416,0.5,test,-11.019014004024642
3312,EJNM2tZb,2025-09-18 19:28:49.693000+00:00,player_4aa0d1b44e,player_9658348570,1.0,0.7800214185463826,0.7879267680774021,1753.8904523874469,1534.0,1762.0,1534.0,0.7888870682101548,0.5,test,-11.007712205218215
3313,KSpEQn5J,2025-09-18 19:28:49.693000+00:00,player_8196d7f874,player_03462e4ffd,1.0,0.691236152414763,0.691236152414763,1918.0,1778.0,1918.0,1778.0,0.691236152414763,0.5,test,-11.007712205218215
3314,1LVPDcgo,2025-09-18 19:29:29.522000+00:00,player_8993b8270f,player_c115812a60,0.0,0.44411011118872673,0.5373473171664928,1437.4706763406002,1476.4699217983928,1408.0,1382.0,0.5629847281035958,0.5,test,-11.248314296533293
3315,81P2uCqt,2025-09-18 19:29:29.522000+00:00,player_3430d7eb2d,player_d539a5e529,1.0,0.6844917315050582,0.7523149936056823,1729.5625364251357,1595.0195519907306,1667.0,1474.0,0.7801296039931584,0.5,test,-11.117530796729714
3316,BVE0XnLI,2025-09-18 19:29:29.522000+00:00,player_d0047f4ae9,player_5606388063,1.0,0.904951852257585,0.8898878421811328,1853.063938734471,1461.59121259493,1898.0,1535.0,0.8864576236639505,0.5,test,-11.138179214562845
3317,Jiqhhi1K,2025-09-18 19:29:29.522000+00:00,player_d39c4ff769,player_3a5f3f5148,0.0,0.15512486528165592,0.2882774756572447,1871.0545710844526,2165.499015627605,1868.0,2025.0,0.15395489956790523,0.5,test,-11.136795393048224
3318,KzStzY1I,2025-09-18 19:29:29.522000+00:00,player_dcbf56325c,player_acc6657449,1.0,0.9020492215101111,0.9264124438824264,2141.407821407603,1755.718883797021,2107.0,1667.0,0.9264124438824264,0.5,test,-11.110144941679586
3319,MOqGF2oG,2025-09-18 19:29:29.522000+00:00,player_2eac664faa,player_81d360ffcc,1.0,0.403370826694226,0.403370826694226,1505.0,1573.0,1505.0,1573.0,0.403370826694226,0.5,test,-11.110144941679586
3320,MuL0lxPl,2025-09-18 19:29:29.522000+00:00,player_b0bebdfa76,player_4bca831314,0.5,0.47831921564933977,0.4285368825916186,1762.611087831884,1777.6858925961285,1755.0,1805.0,0.41729811503576986,0.5,test,-11.123073752579
3321,NvQSOdYG,2025-09-18 19:29:29.522000+00:00,player_c0c8a08a0d,player_1c7fb91567,0.5,0.32917030373069456,0.43135860811633236,1723.642080536801,1847.3187331323863,1766.0,1814.0,0.46551605527316847,0.5,test,-11.06339489141115
3322,TkCAIt9i,2025-09-18 19:29:29.522000+00:00,player_f8ce709da6,player_d1713b64b4,1.0,0.5330513938844411,0.5330513938844411,1745.0,1722.0,1745.0,1722.0,0.5330513938844411,0.5,test,-11.06339489141115
3323,TpPRv8du,2025-09-18 19:29:29.522000+00:00,player_e558f7f0c0,player_a34bfe0ed8,1.0,0.5170978492077634,0.30999379271968613,1967.3216316402636,1955.4361949649756,1816.0,1955.0,0.2541767916495005,0.5,test,-11.773596956451406
3324,Vq4NdJMn,2025-09-18 19:29:29.522000+00:00,player_b7b7dab1b5,player_2b6c757eae,1.0,0.39646368147382194,0.39646368147382194,1796.0,1869.0,1796.0,1869.0,0.39646368147382194,0.5,test,-11.773596956451406
3325,XbYcb8Vm,2025-09-18 19:29:29.522000+00:00,player_7b52c2713d,player_c59a1d1098,1.0,0.1849344685419355,0.16316903399710528,1551.2100975506264,1808.8799631273616,1471.0,1755.0,0.15927695733838498,0.5,test,-11.922953937703205
3326,XeI0SJIM,2025-09-18 19:29:29.522000+00:00,player_d971151a49,player_93f647bc64,1.0,0.5531122061188737,0.4726840269935071,1663.205863888353,1626.1599639108947,1644.0,1663.0,0.4712494361077314,0.5,test,-12.08312728084419
3327,avCv5TKh,2025-09-18 19:29:29.522000+00:00,player_0008d08957,player_a0cfb76086,1.0,0.830345506385013,0.9248272212397116,1619.2336649084464,1343.3562759135875,1635.0,1199.0,0.9425482089233579,0.5,test,-11.95638209970504
3328,cJ5Cqu7f,2025-09-18 19:29:29.522000+00:00,player_5b7e285197,player_fb1994764a,0.0,0.329918075407782,0.28357630589706123,1396.0312634979211,1519.1199806579277,1381.0,1542.0,0.27431435372821295,0.5,test,-11.876665153186005
3329,cTh4j1Oj,2025-09-18 19:29:29.522000+00:00,player_4109a84459,player_e384688a60,1.0,0.6039243056587297,0.626699081666732,1780.142794016197,1706.8610674397087,1766.0,1676.0,0.6387377491117249,0.5,test,-11.820620059649174
3330,h00PT7VB,2025-09-18 19:29:29.522000+00:00,player_b3844c21b4,player_08095394df,1.0,0.6567340369369048,0.5798997603578815,1869.0876623977588,1756.3841493102118,1834.0,1778.0,0.5573116337622928,0.5,test,-11.984774612189291
3331,iWLIcWFt,2025-09-18 19:29:29.522000+00:00,player_eecf05c12d,player_2f62ca03af,1.0,0.7159940323731083,0.7105400123698378,1358.0,1197.3672252367548,1358.0,1202.0,0.7081663882812006,0.5,test,-11.995767366661365
3332,jtSOyQAl,2025-09-18 19:29:29.522000+00:00,player_918f0c414b,player_e6f9b441e6,0.0,0.5791400557704314,0.5330513938844411,1804.3409657143584,1748.8825615893027,1730.0,1707.0,0.5201367220358165,0.5,test,-11.864566245203042
3333,l7avbrkL,2025-09-18 19:29:29.522000+00:00,player_fa8e21976b,player_0ae656d005,1.0,0.9560677674641826,0.9506787811338805,1714.0821612426028,1179.0,1693.0,1179.0,0.9493115772909919,0.5,test,-11.871657975789205
3334,pZ1BRCnQ,2025-09-18 19:29:29.522000+00:00,player_2b7c501ae4,player_b078c0ad01,0.0,0.6166030164226853,0.525880930891169,1941.2895547303126,1858.7467734205918,1899.0,1881.0,0.48992755307256153,0.5,test,-11.5861761703806
3335,vNG9pkYd,2025-09-18 19:29:29.522000+00:00,player_c48220c312,player_d7aa45b051,0.0,0.2514396670528548,0.2198703960068415,1782.0388064034298,1971.5560130844628,1727.0,1947.0,0.21400339771784252,0.5,test,-11.537375506508043
3336,7ZeaIivd,2025-09-18 19:30:07.172000+00:00,player_d63844d204,player_e73266ea26,1.0,0.2657146029879132,0.344179494087605,1585.420212575836,1762.0,1650.0,1762.0,0.36259162325551547,0.5,test,-11.226521122033612
3337,9ctaSNNo,2025-09-18 19:30:07.172000+00:00,player_928c2e13f3,player_6c4dd897f2,1.0,0.3795047126437936,0.41171002813683716,1806.7519287600912,1892.160454404768,1792.0,1854.0,0.41171002813683716,0.5,test,-11.145068850472423
3338,ACKPza0u,2025-09-18 19:30:07.172000+00:00,player_30f0782407,player_37a20655c3,0.0,0.13064179462146464,0.19891906017105437,1836.008885350682,2165.255533302677,1871.0,2113.0,0.22384542465816928,0.5,test,-11.258472399548374
3339,GSafehhp,2025-09-18 19:30:07.172000+00:00,player_80d88cf3a0,player_04d4b5b801,0.0,0.29531455285156,0.344179494087605,1636.425900399382,1787.5100818294954,1601.0,1713.0,0.33771220256911116,0.5,test,-11.320523727750928
3340,Ge0RrfbH,2025-09-18 19:30:07.172000+00:00,player_f7ec6e6f48,player_05b4376c0d,0.0,0.6034141304526028,0.6609990912463583,2083.3554113112177,2010.4441153410164,2031.0,1915.0,0.672509643334985,0.5,test,-11.511957704879956
3341,L687z7rO,2025-09-18 19:30:07.172000+00:00,player_c8838c368d,player_5e17056630,0.0,0.3124617517876582,0.3124617517876582,1467.0,1604.0,1467.0,1604.0,0.3124617517876582,0.5,test,-11.511957704879956
3342,PZb5dbDD,2025-09-18 19:30:07.172000+00:00,player_5658e0bf0b,player_8af0160fe4,0.0,0.16205227732167532,0.10459685263267142,1484.4104266956808,1769.8351412747816,1429.0,1802.0,0.09577985563038598,0.5,test,-11.435840566699222
3343,RNjy67Qi,2025-09-18 19:30:07.172000+00:00,player_8ed1a7354e,player_19c14d418c,1.0,0.5600050252252078,0.5854986786718095,1605.2375480421617,1563.3398649279086,1601.0,1541.0,0.6062878237854281,0.5,test,-11.356431493949902
3344,SbI2sLgd,2025-09-18 19:30:07.172000+00:00,player_4bf70fe48d,player_1becebde38,1.0,0.5993967967092568,0.5993967967092568,1684.0,1614.0,1684.0,1614.0,0.5993967967092568,0.5,test,-11.356431493949902
3345,X2ymmeUg,2025-09-18 19:30:07.172000+00:00,player_4fb35a570a,player_a235f79571,1.0,0.608705724329102,0.6936879164219654,1777.073942426773,1700.3123858819781,1818.0,1676.0,0.7152527510491987,0.5,test,-11.195130455394114
3346,aSIXONSw,2025-09-18 19:30:07.172000+00:00,player_b99e1146b7,player_d315b9b271,1.0,0.38718931802981216,0.41031649686004995,1937.5571641791494,2017.318348040889,1913.0,1976.0,0.41310497662089996,0.5,test,-11.130342481340323
3347,azvGySdQ,2025-09-18 19:30:07.172000+00:00,player_dad7fc297e,player_ad0e8c47f8,1.0,0.845285192901232,0.8817393593419074,1660.5013903021015,1365.5128378180987,1730.0,1381.0,0.8910109110457655,0.5,test,-11.077659884908577
3348,dHm8twuR,2025-09-18 19:30:07.172000+00:00,player_cee0c9e7a2,player_4a983ef4e0,1.0,0.41380466244197983,0.45979177167625435,1745.550897800356,1806.0496898763456,1750.0,1778.0,0.47555453887933863,0.5,test,-10.938572344170083
3349,l9ekz8Kv,2025-09-18 19:30:07.172000+00:00,player_cdff62f524,player_57267a6020,0.0,0.5952430396515719,0.5952430396515719,1391.0,1324.0,1391.0,1324.0,0.5952430396515719,0.5,test,-10.938572344170083
3350,lE7SlkJJ,2025-09-18 19:30:07.172000+00:00,player_26bacb70a7,player_23195b6a66,0.0,0.4987482236317914,0.46838170217189273,1825.6162531654093,1826.486078293566,1867.0,1889.0,0.43418479693076684,0.5,test,-10.817413338113772
3351,mafvn338,2025-09-18 19:30:07.172000+00:00,player_44e465dc84,player_5dc4bce2c1,0.0,0.257210472455913,0.23092407656660718,1812.4920116613143,1996.7228616361376,1736.0,1945.0,0.22990332333901797,0.5,test,-10.781310007799977
3352,omNNAKyb,2025-09-18 19:30:07.172000+00:00,player_26a6cc3796,player_94d465076b,1.0,0.709809813055672,0.7680520031675839,1681.9027900540004,1526.5190793087127,1734.0,1526.0,0.7964546997117258,0.5,test,-10.66613681946857
3353,pqO2lCLE,2025-09-18 19:30:07.172000+00:00,player_247f445418,player_6739f356f1,0.0,0.25228830605805613,0.2520004588039456,1613.9764289390012,1802.7112497897078,1589.0,1778.0,0.2530870785710568,0.5,test,-10.66720567994475
3354,rq4CpcBl,2025-09-18 19:30:07.172000+00:00,player_b9716b67a8,player_19e00af498,1.0,0.8222521465250006,0.8590630023766738,2142.2141528179236,1876.1338923739509,2135.0,1821.0,0.8665566437895401,0.5,test,-10.61472529775174
3355,uE10fhNO,2025-09-18 19:30:07.172000+00:00,player_d2ed955a08,player_e6eaacd950,1.0,0.6619273189926507,0.7105400123698378,1551.6125293588611,1434.8924381918134,1575.0,1419.0,0.7245382428425361,0.5,test,-10.524346512100538
3356,zYgNOIEu,2025-09-18 19:30:07.172000+00:00,player_4d0a03a3f3,player_ac3dd9df8d,0.0,0.29958596889040645,0.2674927102443324,2082.496491293365,2230.02983858248,1979.0,2154.0,0.24768500639431762,0.5,test,-10.45286303458437
3357,AVETl72P,2025-09-18 19:30:07.173000+00:00,player_0f2b14cf25,player_402defafe6,1.0,0.21675668209421614,0.27089003710224746,1531.943100954442,1755.1127824921052,1632.0,1804.0,0.2686221421606117,0.5,test,-10.23833276221069
3358,wHVCxx2k,2025-09-18 19:30:07.173000+00:00,player_db90f327bd,player_10d3e17885,0.0,0.1119829545940699,0.10299047362272698,1253.0,1612.7077520907535,1253.0,1629.0,0.10140597110901775,0.5,test,-10.22649234858369
3359,0V2Gjqtv,2025-09-18 19:30:48.111000+00:00,player_f8aab17de5,player_44e0f1f4a3,0.0,0.7790787301927057,0.8019966441144332,1821.6708821726745,1602.7333553932203,1848.0,1605.0,0.8056276940436502,0.5,test,-10.354523318609372
3360,0mtoxctA,2025-09-18 19:30:48.111000+00:00,player_8fe39ebc25,player_2ece99a10a,0.0,0.20863699525126167,0.2169225565903239,1183.5053926350547,1415.0991623133698,1178.0,1401.0,0.2198703960068415,0.5,test,-10.368820035031769
3361,4IJYR9qY,2025-09-18 19:30:48.111000+00:00,player_86b23a224d,player_be6f3b962a,0.0,0.0043607676097496455,0.01632494246655396,1140.5843767737708,2084.0,1372.0,2084.0,0.022649077978347372,0.5,test,-10.387359239736472
3362,GyRV0VpW,2025-09-18 19:30:48.111000+00:00,player_7d30d24744,player_d1201a2601,1.0,0.44510146392756017,0.422907524174671,1873.7104450130635,1912.0122675714406,1772.0,1826.0,0.399221754109989,0.5,test,-10.496144467522578
3363,HaIJfN3Y,2025-09-18 19:30:48.111000+00:00,player_49db744355,player_c8dd4feac5,1.0,0.7691805162620532,0.8368309660028946,1841.2361062002678,1632.1337824099437,1971.0,1687.0,0.8497568518427462,0.5,test,-10.396519899137111
3364,OcGXep23,2025-09-18 19:30:48.111000+00:00,player_7ac78dcfca,player_a7ac2ec840,1.0,0.8073832873292897,0.7279715135441962,2093.559522663504,1844.6052071673807,1986.0,1815.0,0.6875382482123418,0.5,test,-10.557200946215861
3365,UMbczk5u,2025-09-18 19:30:48.111000+00:00,player_abbe762f0d,player_43291a0190,1.0,0.26599468660831704,0.3124617517876582,1582.5888969250411,1758.919393844261,1557.0,1694.0,0.31992932426277854,0.5,test,-10.372577169919929
3366,UTo0wMU3,2025-09-18 19:30:48.111000+00:00,player_2b38b5ab85,player_96762f0425,1.0,0.10186190342693868,0.05807841419526414,1253.0,1631.1325324303552,1253.0,1737.0,0.05152588759746676,0.5,test,-11.054110824730602
3367,VerR7a07,2025-09-18 19:30:48.111000+00:00,player_d360f2bc80,player_2c115abdde,1.0,0.11784924748294306,0.17118235224572423,2042.4187293467787,2392.1051274331285,2062.0,2336.0,0.19437230595634977,0.5,test,-10.553741645906346
3368,W0zGyYTC,2025-09-18 19:30:48.111000+00:00,player_d1e535cc67,player_1ed99a645f,0.0,0.46868064653709174,0.46551605527316847,2109.4100375833673,2131.201483642919,2106.0,2130.0,0.46551605527316847,0.5,test,-10.547803213234518
3369,aCGbWbMa,2025-09-18 19:30:48.111000+00:00,player_025a8fd90a,player_e00ac6b07f,1.0,0.37519406591118154,0.269754586702576,1639.7356981782696,1728.3313720420863,1581.0,1754.0,0.23194799683241596,0.5,test,-11.028733419483586
3370,eYgLpqOa,2025-09-18 19:30:48.111000+00:00,player_55561ff228,player_fff04549b6,0.0,0.31122643133128686,0.31122643133128686,1597.0,1735.0,1597.0,1735.0,0.31122643133128686,0.5,test,-11.028733419483586
3371,ieBKCTJS,2025-09-18 19:30:48.111000+00:00,player_c343e7f336,player_108ffeb6a3,1.0,0.4087925967077793,0.3854986389914422,1794.9410648762782,1859.0358015704012,1715.0,1796.0,0.373300918333268,0.5,test,-11.119556502436055
3372,kRGD7Bvv,2025-09-18 19:30:48.111000+00:00,player_15b9e23f5c,player_ae4cc61cb3,0.0,0.42009671900788864,0.4626526828335072,1640.2932509592395,1696.2957614570832,1633.0,1659.0,0.4741190691088309,0.5,test,-11.217343015175137
3373,mRLmigzp,2025-09-18 19:30:48.111000+00:00,player_a3cb35c7d1,player_7f5ab1205b,0.0,0.5523083783432283,0.34678283278113026,2045.22424332843,2008.7431775100931,1832.0,1942.0,0.3002305967379419,0.5,test,-10.770696809196046
3374,nGl3MqPR,2025-09-18 19:30:48.111000+00:00,player_3794ccac0e,player_11bf4ccb6b,1.0,0.4850524480290891,0.37061145278249774,1580.4041570406748,1590.793875877905,1592.0,1684.0,0.34288131351292145,0.5,test,-11.11756947201106
3375,oqnygH0e,2025-09-18 19:30:48.111000+00:00,player_edec05ad15,player_1348bf52c1,0.0,0.48183202063925007,0.5854986786718095,1729.3042794778287,1741.9342449859398,1781.0,1721.0,0.6090326034042396,0.5,test,-11.39924477433881
3376,rO0L2oa2,2025-09-18 19:30:48.111000+00:00,player_04331db04e,player_022f3943e8,1.0,0.7393953065324035,0.7233878694391705,1866.355363396644,1685.1975808295845,1842.0,1675.0,0.726830072276731,0.5,test,-11.41638476120953
3377,tW26ufw5,2025-09-18 19:30:48.111000+00:00,player_4151474c72,player_cfffc59502,1.0,0.6058972005270628,0.6850596089933503,2209.7052585864726,2134.989488166507,2214.0,2079.0,0.7057813597120025,0.5,test,-11.263789596058492
3378,5H9cEYr2,2025-09-18 19:31:25.795000+00:00,player_497848644b,player_68cd6a7975,0.0,0.6674102830550448,0.7222345336491706,1865.7005917047427,1744.7069612232474,1874.0,1708.0,0.7469129214289432,0.5,test,-11.536965631571345
3379,6P5u58t0,2025-09-18 19:31:25.795000+00:00,player_e29c1979bc,player_a5f43760a2,1.0,0.9151663550908593,0.8774725143294195,2101.8621562043304,1688.6893888283205,2085.0,1743.0,0.8519483458525737,0.5,test,-11.608545591106282
3380,6jQk1nOj,2025-09-18 19:31:25.795000+00:00,player_063cef7e75,player_3b38c16574,0.0,0.5700578938212197,0.5938553852361779,1504.3582079705945,1455.3546142607468,1539.0,1473.0,0.5143871841659987,0.5,test,-11.486784522788561
3381,BHw6Ui3O,2025-09-18 19:31:25.795000+00:00,player_21c1e07e8a,player_673ef7a950,1.0,0.3352991643457872,0.33771220256911116,1805.1757601639904,1924.0532616484113,1777.0,1894.0,0.34029200585525193,0.5,test,-11.472003594231067
3382,F1rdeSgQ,2025-09-18 19:31:25.795000+00:00,player_f5748e2ba0,player_38d68ae8bf,1.0,0.8925363368285892,0.8964765078981858,1735.4604852293792,1367.7147789998862,1761.0,1386.0,0.8980682790110263,0.5,test,-11.465824720644363
3383,HQKwzAN3,2025-09-18 19:31:25.795000+00:00,player_c81be32368,player_5658e0bf0b,1.0,0.8780126867063265,0.9185996494207047,1816.9135309134188,1474.0390809470937,1849.0,1428.0,0.9268039139277936,0.5,test,-11.411743748121953
3384,JUf1Ecnh,2025-09-18 19:31:25.795000+00:00,player_8251e714f6,player_fb6e3eaacd,0.0,0.08979469170565524,0.09779267965490034,733.9546528303347,1136.3101329330614,748.0,1134.0,0.08140035057929543,0.5,test,-11.402563545449812
3385,N4R5kRjB,2025-09-18 19:31:25.795000+00:00,player_f9672567d0,player_cfde590949,0.0,0.2460385955984167,0.19437230595634977,1600.574504906176,1795.112855042523,1566.0,1813.0,0.1761384714944276,0.5,test,-11.313902256493614
3386,OugcVo2M,2025-09-18 19:31:25.795000+00:00,player_76a12ceccb,player_a3c8a4d9a6,0.0,0.08069686686599127,0.09577985563038598,1711.4235199677937,2134.0643468156504,1711.0,2101.0,0.09779267965490034,0.5,test,-11.332673836706915
3387,RnuYzvbJ,2025-09-18 19:31:25.795000+00:00,player_9739737f0b,player_2d67ac710b,0.0,0.4461097418747605,0.39096739659576046,1729.4740597131165,1767.066867551357,1708.0,1785.0,0.3746486066924632,0.5,test,-11.211326692768347
3388,S5cpVJT5,2025-09-18 19:31:25.795000+00:00,player_8af0160fe4,player_4d66dc48f8,0.0,0.4901766750392389,0.5186997779295586,1780.2064870233687,1787.0333107966835,1804.0,1791.0,0.5143871841659987,0.5,test,-11.259979305675866
3389,XBzAERns,2025-09-18 19:31:25.795000+00:00,player_5b510d7b03,player_32e131d901,0.0,0.0869530204217336,0.07719840648438053,1385.0,1793.4833807093753,1385.0,1816.0,0.07517277876028843,0.5,test,-11.247159709004679
3390,fdg5eqUJ,2025-09-18 19:31:25.795000+00:00,player_030fe27be7,player_9e68aac109,1.0,0.5646693253348809,0.6635740980412955,1634.1297178023767,1588.9397473190174,1692.0,1574.0,0.7245382428425361,0.5,test,-10.997865458403224
3391,h7oOY2QU,2025-09-18 19:31:25.795000+00:00,player_b21cbf6e60,player_41fb25d2fb,0.0,0.6300475835341414,0.785026736998172,1636.1712623156827,1543.680269587397,1679.0,1454.0,0.8109791581199478,0.5,test,-11.669382568147457
3392,kfpdKM5h,2025-09-18 19:31:25.795000+00:00,player_6393a121b1,player_9f6083310e,0.5,0.48643128219982495,0.4741190691088309,1357.8438095395022,1367.2746359022597,1395.0,1413.0,0.4712494361077314,0.5,test,-11.670670141213456
3393,mCtOYa2e,2025-09-18 19:31:25.795000+00:00,player_a4886874e6,player_1f4011309e,1.0,0.5442808781344465,0.6131368201531431,1472.356238016982,1441.5059080400217,1590.0,1510.0,0.6307302886162022,0.5,test,-11.52325723859684
3394,mTS94GNv,2025-09-18 19:31:25.795000+00:00,player_573290eeee,player_468c46e5dc,0.0,0.1907405062634418,0.17865852826298803,1619.3494418007576,1870.407390591531,1592.0,1857.0,0.18206236894188432,0.5,test,-11.512590774813646
3395,n4pf508i,2025-09-18 19:31:25.795000+00:00,player_6e7ce99497,player_b2806ec8b0,1.0,0.7051795813133112,0.6360768996878818,1713.6224618877716,1562.1255938616055,1706.0,1609.0,0.6076610641268197,0.5,test,-11.661426004246387
3396,nLEourJQ,2025-09-18 19:31:25.795000+00:00,player_f5a9fa68bd,player_0e778d3f65,0.0,0.31845821834081584,0.527315973006493,1834.7099110352397,1966.885920711687,1855.0,1836.0,0.5896835031399501,0.5,test,-12.168854756416808
3397,oPoovnZQ,2025-09-18 19:31:25.795000+00:00,player_ea0bb659d0,player_2ff421b778,0.0,0.18943350906186476,0.2169225565903239,1681.2754780659127,1933.808214751058,1714.0,1937.0,0.23194799683241596,0.5,test,-12.222730687852474
3398,onA8DqNk,2025-09-18 19:31:25.795000+00:00,player_a334254ab9,player_20464b66dc,0.0,0.4050040183235649,0.41310497662089996,1803.5395147706208,1870.3613949893925,1778.0,1839.0,0.4145013213281905,0.5,test,-12.23882141360691
3399,pIldGgnf,2025-09-18 19:31:25.795000+00:00,player_c618dea26b,player_0cb0ac5f16,0.0,0.02668743191422124,0.03523087241676201,1375.1296780757102,1999.9078968506142,1398.0,1973.0,0.038927468747573586,0.5,test,-12.251476804924495
3400,sWjxIVU8,2025-09-18 19:31:25.795000+00:00,player_05bddac032,player_6a3f628a42,1.0,0.5852209856790372,0.5686413918836677,2078.137564585006,2018.3363181592333,2124.0,2076.0,0.5658152030692333,0.5,test,-12.2851988055755
3401,28uDQRzH,2025-09-18 19:32:04.493000+00:00,player_c95ae88f67,player_6a7243015c,1.0,0.6807821524591514,0.5728722513945045,2105.305238475884,1973.7368397544528,2080.0,2029.0,0.5402082283237456,0.5,test,-12.51648649371165
3402,8LsqOywB,2025-09-18 19:32:04.493000+00:00,player_4a673ee2af,player_f62f614b04,0.0,0.22056509281984332,0.19527530650074057,1595.3384971145922,1814.6357254576344,1560.0,1806.0,0.18206236894188432,0.5,test,-12.468269584814466
3403,9VhMBpJb,2025-09-18 19:32:04.493000+00:00,player_b3b9d49133,player_1a1cb0a035,1.0,0.6949097127295025,0.6949097127295025,2017.0,1874.0,2017.0,1874.0,0.6949097127295025,0.5,test,-12.468269584814466
3404,BcixUgAb,2025-09-18 19:32:04.493000+00:00,player_189cd09511,player_d25e6e2e5b,1.0,0.8620653483860062,0.8898878421811328,1841.5474843432207,1523.200761855444,1893.0,1530.0,0.8948627896440804,0.5,test,-12.430930263935505
3405,E8CVsOqY,2025-09-18 19:32:04.493000+00:00,player_a71ab86adb,player_81ccc0f1db,0.0,0.12497216207730745,0.1308031345449462,1535.0265238431386,1873.1099584007825,1499.0,1828.0,0.13680688860321,0.5,test,-12.444547530953306
3406,En6eYK0G,2025-09-18 19:32:04.493000+00:00,player_8c73f75e20,player_4a2bd4876a,0.0,0.6282035788849915,0.4726840269935071,1835.8260912429078,1744.708010729994,1796.0,1815.0,0.42010023964211857,0.5,test,-12.00003871872557
3407,M8gM3kwf,2025-09-18 19:32:04.493000+00:00,player_a36abe8586,player_4543ddf7ea,0.0,0.2867732202802432,0.3351420214452352,1739.2410000191785,1897.5166192906247,1756.0,1875.0,0.3520169867496943,0.5,test,-12.095973670802497
3408,MvDGRFtM,2025-09-18 19:32:04.493000+00:00,player_23701e6596,player_25ebcf566a,0.0,0.03955457594589537,0.03259190292079521,1379.9318195202497,1934.0422030458549,1352.0,1941.0,0.03134505945150395,0.5,test,-12.087462381079588
3409,NKSRQzfT,2025-09-18 19:32:04.493000+00:00,player_37bee017ff,player_06cd8b8e81,1.0,0.7895002294633112,0.8926766600061541,2161.1797537048046,1931.5395001781465,2136.0,1768.0,0.9109760314653452,0.5,test,-11.944345918642075
3410,SYHyFC9G,2025-09-18 19:32:04.493000+00:00,player_160124e2e8,player_935717ae79,0.0,0.7442894794377279,0.6172250309049463,1730.6852004557218,1545.0878868862742,1621.0,1538.0,0.5938553852361779,0.5,test,-11.481682654075737
3411,TljhfZAf,2025-09-18 19:32:04.493000+00:00,player_4d8c28b063,player_7c9c160dc6,0.0,0.49938718155009687,0.469815319996098,1362.0724527073648,1362.4982827945125,1344.0,1365.0,0.46122190794282847,0.5,test,-11.408211855829867
3412,ZRQFp5kY,2025-09-18 19:32:04.493000+00:00,player_d3c19a0bce,player_b10b6ca0e2,1.0,0.8500271907953202,0.840723042661615,2048.562630449616,1747.1945137660837,2020.0,1731.0,0.836043425542047,0.5,test,-11.42479963780963
3413,aknOzcNZ,2025-09-18 19:32:04.493000+00:00,player_5c1fd39a9c,player_6cf377a2da,0.0,0.12376649515945189,0.08763334779453696,1597.5781731333643,1937.5848782275189,1583.0,1990.0,0.07760948942937546,0.5,test,-11.373463570120478
3414,c1EtxMeH,2025-09-18 19:32:04.493000+00:00,player_3041c5745f,player_3356c9419b,1.0,0.7347570893165466,0.7347570893165466,1716.0,1539.0,1716.0,1539.0,0.7347570893165466,0.5,test,-11.373463570120478
3415,gJ1i0iJH,2025-09-18 19:32:04.493000+00:00,player_b95ff8ed32,player_05ce171ed1,1.0,0.5386687870000838,0.5742802036545245,2053.175054040433,2026.2514652898965,2024.0,1972.0,0.5896835031399501,0.5,test,-11.282978499177368
3416,gZqfOeDt,2025-09-18 19:32:04.493000+00:00,player_ca06dcd8b5,player_c4e2ba07e4,0.0,0.4950251444658144,0.4355995097595788,1755.6585534830422,1759.1155512540558,1705.0,1750.0,0.422907524174671,0.5,test,-11.149484612464244
3417,h9Ei4fg9,2025-09-18 19:32:04.493000+00:00,player_db06ce1c13,player_7f5cbf43bb,1.0,0.6172631142018121,0.5827018849642301,2021.1060483799056,1938.0780456747298,1938.0,1880.0,0.5672288443429522,0.5,test,-11.234017158795242
3418,hEYoSiaO,2025-09-18 19:32:04.493000+00:00,player_26faf633c9,player_8f396e4253,1.0,0.6406022654265325,0.596629173305774,1881.740465536667,1781.3352115691255,1856.0,1788.0,0.5686413918836677,0.5,test,-11.353175939672928
3419,hFCCKgqk,2025-09-18 19:32:04.493000+00:00,player_4ffe569776,player_d6a4bed269,0.0,0.04341776599414458,0.02035029972144683,1487.8885850717356,2025.110519916348,1357.0,2030.0,0.017178088283318772,0.5,test,-11.32611476313435
3420,kquEKdmj,2025-09-18 19:32:04.493000+00:00,player_343e0b1ee2,player_4c26ff6930,1.0,0.21294574471481376,0.26524291068345335,1762.0797880969867,1989.1740702194388,1795.0,1972.0,0.28240827680846853,0.5,test,-11.043798362747005
3421,lI6vOPvx,2025-09-18 19:32:04.493000+00:00,player_8634e7a8c5,player_649e6e0396,1.0,0.586909897188884,0.6506046279338725,1863.392343244194,1802.3816859246592,1829.0,1721.0,0.6661394245831221,0.5,test,-10.917170678818925
3422,q8Vl5sdp,2025-09-18 19:32:04.493000+00:00,player_35c99037c3,player_2f62ca03af,1.0,0.8961697880879744,0.9370137212880922,1553.6174666633597,1179.1908433086337,1665.0,1196.0,0.9422356949632469,0.5,test,-10.867045119228552
3423,rooiof50,2025-09-18 19:32:04.493000+00:00,player_3c53727464,player_bf51230720,1.0,0.4912865964661082,0.676301669492737,1885.3102241523973,1891.3655301053298,2024.0,1896.0,0.7458232083504994,0.5,test,-10.449584190267633
3424,0NbZgKHq,2025-09-18 19:32:42.275000+00:00,player_a27646b2ce,player_68a9f3a899,0.0,0.3702826480118267,0.3773498042127379,931.7550801243965,1024.0,937.0,1024.0,0.3787032768775454,0.5,test,-10.463046478514688
3425,1UAh5k2z,2025-09-18 19:32:42.275000+00:00,player_658a5de3ae,player_57edb119c4,1.0,0.4699791219757929,0.525880930891169,1736.1028025229248,1756.9885671785323,1770.0,1752.0,0.5316182978281073,0.5,test,-10.339809004363655
3426,6KKOpKqv,2025-09-18 19:32:42.275000+00:00,player_0b1e14e955,player_7b3de668c2,0.0,0.3259410951378318,0.6117705007810643,1139.9900530945,1266.2135451101715,1307.0,1228.0,0.4075337694156682,0.5,test,-10.46883263080445
3427,6tKEZqO6,2025-09-18 19:32:42.275000+00:00,player_f8ce709da6,player_f86be67028,1.0,0.9280493204787217,0.9037204383519798,1774.8847107913957,1330.670247911564,1751.0,1362.0,0.8921239139432269,0.5,test,-10.508312469337332
3428,EhAiq2bY,2025-09-18 19:32:42.275000+00:00,player_42934eb12d,player_a44891f56d,1.0,0.5930339527586134,0.6240017586176672,1625.3714633142638,1559.9629110797239,1687.0,1599.0,0.6347433350523167,0.5,test,-10.440343402197563
3429,GtmSuxdM,2025-09-18 19:32:42.275000+00:00,player_581806056b,player_266941d75e,1.0,0.9285605586704713,0.9032184042951807,1789.0843245673334,1343.535451326703,1720.0,1332.0,0.8964765078981858,0.5,test,-10.475506914449156
3430,L8iuzXcM,2025-09-18 19:32:42.275000+00:00,player_16ec20cd15,player_bd9a49b1b8,1.0,0.44475966661225724,0.4398498547680971,2286.08352268544,2324.625766805099,2170.0,2212.0,0.43843206102635396,0.5,test,-10.489836110830733
3431,PuL8eZul,2025-09-18 19:32:42.275000+00:00,player_7a83a3320b,player_d1ab878e39,1.0,0.8195202312977479,0.8604511617577122,1695.1839816189338,1432.3315201639052,1701.0,1385.0,0.8705002577432696,0.5,test,-10.429487140782822
3432,QK2Ah0sr,2025-09-18 19:32:42.275000+00:00,player_8f396e4253,player_d5f04bdeec,0.0,0.5355473573420214,0.7586946201468556,1758.3337565564236,1733.5911796198666,1784.0,1585.0,0.8065275228171078,0.5,test,-11.305211474893243
3433,RJiDjIIR,2025-09-18 19:32:42.275000+00:00,player_2ff48ca1f2,player_7296c8c2a7,0.0,0.07750753523837062,0.07760948942937546,1448.8939635187628,1879.1415239015519,1458.0,1888.0,0.07719840648438053,0.5,test,-11.304876429369745
3434,S1920rMi,2025-09-18 19:32:42.275000+00:00,player_4cff300e9c,player_84e2d11da4,0.0,0.850103346481815,0.8652197052285583,2119.471915434996,1818.0,2141.0,1818.0,0.8685409999758518,0.5,test,-11.43612749335358
3435,Vr2MUJF8,2025-09-18 19:32:42.275000+00:00,player_c3a149acc0,player_591a410960,0.0,0.6451201307488525,0.6506046279338725,1859.799238144556,1755.975546283741,1853.0,1745.0,0.655820505912395,0.5,test,-11.466743522655092
3436,XAXeaflc,2025-09-18 19:32:42.275000+00:00,player_0008d08957,player_26a6cc3796,1.0,0.4000733544563335,0.35860988804438204,1630.0915524998056,1700.4749620184375,1636.0,1737.0,0.34808796012533627,0.5,test,-11.605936232273569
3437,ay5YbubI,2025-09-18 19:32:42.275000+00:00,player_5a20a1e4e3,player_295d5b7de7,1.0,0.6924633925795177,0.6924633925795177,1663.0,1522.0,1663.0,1522.0,0.6924633925795177,0.5,test,-11.605936232273569
3438,buZDYIWd,2025-09-18 19:32:42.275000+00:00,player_6739f356f1,player_7cc55356e9,1.0,0.4474953579005735,0.4726840269935071,1818.8577013774234,1855.4766600831554,1781.0,1800.0,0.4769904127024377,0.5,test,-11.5421060049981
3439,fOzXM55e,2025-09-18 19:32:42.275000+00:00,player_3e7849ca33,player_6c4dd897f2,0.0,0.5958493804078351,0.6212967231224545,1919.8860532705396,1852.4487560139708,1933.0,1847.0,0.6320700121000735,0.5,test,-11.636000964454427
3440,hzlqzlae,2025-09-18 19:32:42.275000+00:00,player_b3d13eaadc,player_b68be402f1,1.0,0.9085799628404276,0.9109760314653452,1771.2903079746602,1372.3616033789692,1724.0,1320.0,0.9128258117454132,0.5,test,-11.631338789056906
3441,k3MEMM5H,2025-09-18 19:32:42.275000+00:00,player_d1713b64b4,player_2e7c08a0b7,1.0,0.9182180256051465,0.9279668414961574,1692.1152892086043,1272.0,1716.0,1272.0,0.9302417126410938,0.5,test,-11.618329193694517
3442,p7V6gaQG,2025-09-18 19:32:42.275000+00:00,player_26faf633c9,player_928c2e13f3,1.0,0.5830913727296424,0.5868950233791,1904.7419205493688,1846.4636271508884,1860.0,1799.0,0.581301478368915,0.5,test,-11.621403578372945
3443,rIeigdCB,2025-09-18 19:32:42.275000+00:00,player_eb7a60a326,player_0ab0ebacb4,1.0,0.6152051145109717,0.5430664920222119,2020.2994466869347,1938.7831881470033,2058.0,2028.0,0.5287505638922686,0.5,test,-11.772842513281384
3444,sX5j2MPg,2025-09-18 19:32:42.275000+00:00,player_c78f26ab0a,player_8824ea67c7,0.0,0.3898375347890269,0.47986327796418354,1613.9109503130928,1691.7356847150434,1689.0,1703.0,0.5057562084111449,0.5,test,-11.98353887070407
3445,tFmYJOak,2025-09-18 19:32:42.275000+00:00,player_35b5b2fd17,player_bad6861afe,0.0,0.06829784081770605,0.06097834165795565,1569.0519488285724,2023.0,1548.0,2023.0,0.05967313362891353,0.5,test,-11.974324517621
3446,wkesbGmr,2025-09-18 19:32:42.275000+00:00,player_87128e2636,player_912f690b63,0.0,0.12347894611691582,0.1314590000241483,1473.7982265556404,1814.2660017861474,1481.0,1809.0,0.13277910403245627,0.5,test,-11.984991515798026
3447,zcjRwcv6,2025-09-18 19:32:42.275000+00:00,player_4304848789,player_3249ad022d,1.0,0.6766657058187913,0.6240017586176672,2013.0,1884.7110414512647,2013.0,1925.0,0.6117705007810643,0.5,test,-12.08581166573354
3448,0NHDcd3L,2025-09-18 19:33:20.020000+00:00,player_a83015db7a,player_247f445418,1.0,0.3937052952433971,0.4047569603484281,1522.8249696584821,1597.8299773512856,1522.0,1589.0,0.4061446147638222,0.5,test,-12.05470502335864
3449,2DR5oGm7,2025-09-18 19:33:20.020000+00:00,player_5bbabe52ed,player_710f886203,1.0,0.7680520031675839,0.7680520031675839,1922.0,1714.0,1922.0,1714.0,0.7680520031675839,0.5,test,-12.05470502335864
3450,2JIF27v4,2025-09-18 19:33:20.020000+00:00,player_206a863fb3,player_11f890c0d7,0.0,0.7285077585262039,0.515824985264735,1723.271447067871,1551.8007437889191,1630.0,1619.0,0.4469531048305375,0.5,test,-11.343195786482209
3451,5vGlgGlB,2025-09-18 19:33:20.020000+00:00,player_1a8443ce42,player_fc42350db1,1.0,0.14748382091766993,0.1547061893820004,2154.7038529948823,2459.4871527116497,2168.0,2463.0,0.15697803558596385,0.5,test,-11.280808372717132
3452,K2vptsKT,2025-09-18 19:33:20.020000+00:00,player_55f08ec155,player_b069a4b90e,1.0,0.7507221351967172,0.7801296039931584,1803.518202108341,1612.0,1832.0,1612.0,0.7859966022821575,0.5,test,-11.234891493313043
3453,M3HUp0um,2025-09-18 19:33:20.020000+00:00,player_4fb4dbb91a,player_7e1d5365e3,1.0,0.8477015837672872,0.9114417700030158,1948.9803710625283,1650.761328075202,2014.0,1609.0,0.9252264436735518,0.5,test,-11.14738164971249
3454,NcwBEPhp,2025-09-18 19:33:20.020000+00:00,player_022f3943e8,player_17d7f84176,0.0,0.18128949258683227,0.19527530650074057,1668.5188804476584,1930.421972762175,1672.0,1918.0,0.19079200251416192,0.5,test,-11.159056211832793
3455,OJfV97xC,2025-09-18 19:33:20.020000+00:00,player_5e17056630,player_d9986f8eda,0.5,0.5663262591796243,0.5658152030692333,1623.9975521144102,1577.6361228745536,1607.0,1561.0,0.5672288443429522,0.5,test,-11.159301680157544
3456,Osvq2igI,2025-09-18 19:33:20.020000+00:00,player_2ece99a10a,player_d78bcee283,0.0,0.27761420884775695,0.2198703960068415,1428.4519300094505,1594.5829318887995,1404.0,1624.0,0.20076000891310175,0.5,test,-11.058199748139309
3457,PfZdTNFQ,2025-09-18 19:33:20.020000+00:00,player_003e58a5a1,player_f8aab17de5,0.0,0.11420904688461028,0.10088262835672335,1415.9575501732318,1771.8098434403414,1458.0,1838.0,0.09830174539780497,0.5,test,-11.040400791510702
3458,Pgn0wgLP,2025-09-18 19:33:20.020000+00:00,player_94d465076b,player_032940e141,0.0,0.18528127755428866,0.1458866380543756,1507.9469073442756,1765.217371349306,1523.0,1830.0,0.12756539636424022,0.5,test,-10.971956020933975
3459,QfCbXxxD,2025-09-18 19:33:20.020000+00:00,player_39b330901c,player_7daf8cb2ff,0.0,0.6804867335996222,0.6293885472175023,2121.005626682878,1989.6733195662207,1997.0,1905.0,0.615864104253756,0.5,test,-10.787758431115323
3460,TJeVWSbk,2025-09-18 19:33:20.020000+00:00,player_ca752b53a4,player_353c537970,0.0,0.9577950960449215,0.9615009751735363,1407.3638771254464,865.0,1424.0,865.0,0.9623443206104222,0.5,test,-10.901811063001663
3461,U7C9jqL2,2025-09-18 19:33:20.020000+00:00,player_599ee886a6,player_53ca97c072,1.0,0.7263363441211277,0.840723042661615,1996.2112789764194,1826.6430184396613,2062.0,1773.0,0.8604511617577122,0.5,test,-10.732367396072418
3462,fHWu15fI,2025-09-18 19:33:20.020000+00:00,player_90d967ea58,player_f7db316c11,1.0,0.9400306335263325,0.9380252840746419,1961.3161297157528,1483.2311114649065,1960.0,1488.0,0.9380252840746419,0.5,test,-10.734502955716868
3463,mBNWy9WV,2025-09-18 19:33:20.020000+00:00,player_257b0330b9,player_95f21b86f5,1.0,0.5974267259766021,0.6712405808158318,1717.1884881749452,1648.6126052536758,1752.0,1628.0,0.6924633925795177,0.5,test,-10.58687922369039
3464,mJO4vymB,2025-09-18 19:33:20.020000+00:00,player_97f46d52b9,player_3f85eadf5f,1.0,0.5184412647139758,0.5186997779295586,1613.9796897603576,1601.1595712840654,1588.0,1575.0,0.515824985264735,0.5,test,-10.591938433598342
3465,miJj066g,2025-09-18 19:33:20.020000+00:00,player_6fa62cf77b,player_04331db04e,1.0,0.2022414378756559,0.18638778949441326,1644.6335318832575,1883.03406377857,1589.0,1845.0,0.18206236894188432,0.5,test,-10.69705133941359
3466,vxYTZZdP,2025-09-18 19:33:20.020000+00:00,player_09fe126b7a,player_a43116799c,1.0,0.6725727045109963,0.3746486066924632,1692.3810884684856,1567.331345603987,1655.0,1744.0,0.3124617517876582,0.5,test,-11.463679488436883
3467,wjDdyggk,2025-09-18 19:33:20.020000+00:00,player_44e0f1f4a3,player_b0fdaf9593,0.0,0.24780580168731137,0.23711501969474583,1652.5943941255534,1845.481797891659,1614.0,1817.0,0.2340053292335112,0.5,test,-11.445498808992486
3468,21RtagR7,2025-09-18 19:33:57.624000+00:00,player_c8dd4feac5,player_09854e9de7,0.0,0.14215972572302982,0.25746444105693017,1617.3613354507152,1929.613277430215,1684.0,1868.0,0.29541540733727906,0.5,test,-11.642308331751828
3469,Koj7mgFJ,2025-09-18 19:33:57.624000+00:00,player_54e43be2e2,player_78f76fcfcd,0.0,0.12840638993563502,0.12007331198938315,1469.0438220226413,1801.734782583168,1430.0,1776.0,0.11826064065809262,0.5,test,-11.630735102140004
3470,Q5PlD6VC,2025-09-18 19:33:57.624000+00:00,player_2c3a5ed333,player_fa8e21976b,1.0,0.729390216788833,0.7403284195148304,1889.1404003337625,1716.893824124895,1876.0,1694.0,0.7425355589430698,0.5,test,-11.612873207378835
3471,RV1ddlds,2025-09-18 19:33:57.624000+00:00,player_b99e1146b7,player_7d30d24744,0.5,0.5960098945899549,0.6924633925795177,1976.7770478252414,1909.2239513216996,1920.0,1779.0,0.7245382428425361,0.5,test,-11.706705358733293
3472,i3zkTuuk,2025-09-18 19:33:57.624000+00:00,player_49db744355,player_030fe27be7,0.0,0.753404978132456,0.8304449113532372,1856.0085531594964,1661.9908809809444,1972.0,1696.0,0.8304449113532372,0.5,test,-12.081274881402935
3473,kP1lbPDl,2025-09-18 19:33:57.624000+00:00,player_c95ae88f67,player_934446d768,1.0,0.5036163866245097,0.7117225243427553,2125.735180718498,2123.22221408888,2085.0,1928.0,0.7555188820711969,0.5,test,-11.675684947797423
3474,m1NqRII9,2025-09-18 19:33:57.624000+00:00,player_d1201a2601,player_c343e7f336,1.0,0.5625887283132289,0.6374083767444845,1876.4987612628045,1832.7783386869803,1820.0,1722.0,0.6609990912463583,0.5,test,-11.514481343625654
3475,rijKot8T,2025-09-18 19:33:57.624000+00:00,player_b6ef45444b,player_1c9f5b16a8,1.0,0.5708615162130684,0.6519120398746636,1776.4153996796583,1726.8420779868434,1765.0,1656.0,0.6686949563073317,0.5,test,-11.356300008846128
3476,uF9R0buH,2025-09-18 19:33:57.624000+00:00,player_3288d41c63,player_19e00af498,0.0,0.47161779930784414,0.5,1845.0148329765136,1864.7580297515508,1820.0,1820.0,0.5100724469274385,0.5,test,-11.431862366334455
3477,upP5ktqI,2025-09-18 19:33:57.624000+00:00,player_15e747c062,player_b9716b67a8,0.0,0.297268825750101,0.15024314815725381,2004.1340745086611,2153.5900154403234,1836.0,2137.0,0.12377068106893543,0.5,test,-11.211208950795067
3478,6DfRDCFf,2025-09-18 19:33:57.625000+00:00,player_76190258fa,player_b7b7dab1b5,1.0,0.7216079228333058,0.7741479777018306,2000.0840929641208,1834.6263243856754,2017.0,1803.0,0.784053683887815,0.5,test,-11.128213406666534
3479,GeYHTFnq,2025-09-18 19:33:57.625000+00:00,player_14b977d081,player_44b18f5869,1.0,0.01575367659510581,0.013615891028782062,1009.0,1727.2887502102922,1009.0,1753.0,0.013234693012974,0.5,test,-11.30244553898714
3480,JfUegWfU,2025-09-18 19:33:57.625000+00:00,player_8109fadf3d,player_c8838c368d,1.0,0.954572879283995,0.9481920611104497,1976.0,1447.0024478855898,1976.0,1471.0,0.9493115772909919,0.5,test,-11.307972466178416
3481,KXoWKiNq,2025-09-18 19:33:57.625000+00:00,player_94a1d0af2b,player_f71b9e07bb,0.5,0.4257353120830273,0.3351420214452352,1513.8875978005574,1565.8765730952646,1554.0,1673.0,0.3124617517876582,0.5,test,-11.37262682101256
3482,MEUrH4bF,2025-09-18 19:33:57.625000+00:00,player_1e9ccb2961,player_ac5b2e1faf,0.0,0.3692697113837977,0.3692697113837977,1709.0,1802.0,1709.0,1802.0,0.3692697113837977,0.5,test,-11.37262682101256
3483,P55LDIOA,2025-09-18 19:33:57.625000+00:00,player_0ae656d005,player_2fa193d031,0.0,0.2567862422843564,0.2789217568024399,1176.1883371177078,1360.8051324401956,1177.0,1342.0,0.287097842594546,0.5,test,-11.41426633544139
3484,bSEfJvSi,2025-09-18 19:33:57.625000+00:00,player_8fe39ebc25,player_b6f3b26670,0.0,0.011660431326784392,0.0131597265477055,1170.152624938974,1941.4292518837392,1175.0,1925.0,0.0134621294180251,0.5,test,-11.416090953572402
3485,ekXhCSV4,2025-09-18 19:33:57.625000+00:00,player_a5275371e3,player_38d7aad402,1.0,0.30675960480671455,0.36259162325551547,1777.6487822421236,1919.2830588670558,1864.0,1962.0,0.37599824138233284,0.5,test,-11.21257088198225
3486,s202bv2T,2025-09-18 19:33:57.625000+00:00,player_7c831fcd18,player_e569ca4cba,1.0,0.5215733330511455,0.5215733330511455,1699.0,1684.0,1699.0,1684.0,0.5215733330511455,0.5,test,-11.21257088198225
3487,xYGKqDAn,2025-09-18 19:33:57.625000+00:00,player_885a2b4607,player_c2594467fb,0.5,0.1588714363369994,0.16160309261305672,1271.4733762581632,1561.0,1275.0,1561.0,0.16160309261305672,0.5,test,-11.205673336341105
3488,28OzP69K,2025-09-18 19:34:35.348000+00:00,player_03e45ffb64,player_6e9e0ae007,0.0,0.13048643020664857,0.21497326300182792,1670.8501293498302,2000.3345349617593,1708.0,1933.0,0.24768500639431762,0.5,test,-11.350452165724443
3489,2s59NyW4,2025-09-18 19:34:35.348000+00:00,player_21f2010af5,player_98688a5bf7,0.0,0.4752962664260377,0.49280491829094863,1927.2021418230693,1944.3820424850178,1978.0,1983.0,0.5014391117091528,0.5,test,-11.401560227073553
3490,3RA6wY82,2025-09-18 19:34:35.348000+00:00,player_654f485eb7,player_496da5eb68,0.0,0.08023564243117791,0.06938566248174541,1632.0,2055.723696655676,1632.0,2083.0,0.06755002899657621,0.5,test,-11.38786223155133
3491,55P6zXz2,2025-09-18 19:34:35.348000+00:00,player_385155df22,player_5d179514af,0.0,0.34288131351292145,0.34288131351292145,1658.0,1771.0,1658.0,1771.0,0.34288131351292145,0.5,test,-11.38786223155133
3492,6IULfS0t,2025-09-18 19:34:35.348000+00:00,player_a5f43760a2,player_61f07bf7fd,0.0,0.0356995158125444,0.05683152084009725,1683.2600355541356,2255.8800591334907,1741.0,2229.0,0.06197471592535801,0.5,test,-11.415488279234035
3493,7TEZJKDE,2025-09-18 19:34:35.348000+00:00,player_fca3ee066f,player_81ac4606ec,1.0,0.8328474939854167,0.8638714763418578,1407.1268184879802,1128.1457820034552,1492.0,1171.0,0.8705002577432696,0.5,test,-11.37127076889526
3494,8h3GyZxU,2025-09-18 19:34:35.348000+00:00,player_b40a8d9fd8,player_4496f1c6df,0.5,0.39233893587318014,0.39233893587318014,1934.0,2010.0,1934.0,2010.0,0.39233893587318014,0.5,test,-11.37127076889526
3495,B7F10ZKJ,2025-09-18 19:34:35.348000+00:00,player_2c115abdde,player_38ca9183e1,1.0,0.8254496181821679,0.9037204383519798,2335.647479272037,2065.7395721368257,2324.0,1935.0,0.9146407579005127,0.5,test,-11.268667624645879
3496,BxPXBqZr,2025-09-18 19:34:35.348000+00:00,player_ce8d5fbce1,player_8305d64086,0.0,0.36387618524594284,0.3612622508882752,1840.4266733872803,1937.4618820368182,1817.0,1916.0,0.35860988804438204,0.5,test,-11.26042297553096
3497,CzWhtMh4,2025-09-18 19:34:35.348000+00:00,player_be6cb720c5,player_bb0b4d71cc,0.0,0.08597913956759115,0.08313877240427012,1297.4358064724804,1708.061011673922,1322.0,1739.0,0.06827881429312657,0.5,test,-11.241242756992525
3498,DVCZRHud,2025-09-18 19:34:35.348000+00:00,player_635e2ad905,player_f8ce709da6,0.0,0.410395232213397,0.39233893587318014,1716.54608225948,1779.4895542807576,1676.0,1752.0,0.389597577905311,0.5,test,-11.206576736304147
3499,HAWZZih7,2025-09-18 19:34:35.348000+00:00,player_3a5f3f5148,player_df147156b7,1.0,0.7293269565107067,0.6387377491117249,2175.427007005631,2003.236103210131,2028.0,1929.0,0.6240017586176672,0.5,test,-11.362545681118423
3500,In9SPIJa,2025-09-18 19:34:35.348000+00:00,player_bf45a11594,player_642d7c533c,0.0,0.08023620578141993,0.07280653489759949,1254.0,1677.7223705519784,1254.0,1696.0,0.07126736574414949,0.5,test,-11.352841674899874
3501,MYnvdo0N,2025-09-18 19:34:35.348000+00:00,player_76d8db066a,player_d39c4ff769,0.0,0.8744460888287431,0.8221846111535023,2198.287697104571,1861.1265797064266,2120.0,1854.0,0.9114417700030158,0.5,test,-11.701916610601451
3502,XvcHI7Bd,2025-09-18 19:34:35.348000+00:00,player_f86be67028,player_b3b9d49133,0.0,0.016467876979631643,0.02177404821346721,1326.0654044222022,2036.525778385312,1359.0,2020.0,0.02464134128352045,0.5,test,-11.710261651390018
3503,aZqXGZjd,2025-09-18 19:34:35.348000+00:00,player_411191eb69,player_45b023d364,1.0,0.3586354195857619,0.344179494087605,1652.592609408469,1753.5733266127197,1666.0,1778.0,0.34158547908308745,0.5,test,-11.758970027062484
3504,cIJRXb75,2025-09-18 19:34:35.348000+00:00,player_2974fd4830,player_d360f2bc80,0.0,0.36395476988917647,0.2812431701012181,2001.900143679787,2098.8763775078705,1909.0,2072.0,0.2607797458593321,0.5,test,-11.608643784366226
3505,eXuF1mqp,2025-09-18 19:34:35.348000+00:00,player_fe238bcb8d,player_3b87eb035d,1.0,0.7467427764527901,0.8445395282300351,1793.5513573983014,1605.7076818844325,1814.0,1520.0,0.8665566437895401,0.5,test,-11.459837090292595
3506,kU9376yJ,2025-09-18 19:34:35.348000+00:00,player_bf79f2e0ca,player_fb9f3bd030,1.0,0.9841109698099105,0.9917979351302794,1730.8785044384063,1014.0998313759644,1834.0,1001.0,0.9929300126290449,0.5,test,-11.450915574358199
3507,ljd3cjjl,2025-09-18 19:34:35.348000+00:00,player_d1b2e47a87,player_58a6586709,1.0,0.1423628146721252,0.08491088893958132,1507.9599302433082,1819.9227450190265,1414.0,1827.0,0.060649558509397815,0.5,test,-12.304182050268333
3508,m24BoXma,2025-09-18 19:34:35.348000+00:00,player_e384688a60,player_a0efc8f05c,1.0,0.7987579821194972,0.784053683887815,1681.5122230018674,1442.033603897872,1672.0,1448.0,0.7791406208194696,0.5,test,-12.32904850506326
3509,q4iIC9IA,2025-09-18 19:34:35.348000+00:00,player_df3f04be61,player_085c0b189a,1.0,0.5114067127065027,0.3338605754168779,1920.8918544268813,1912.9642831120266,1844.0,1964.0,0.2942186402879975,0.5,test,-12.88189052857245
3510,xCTo5Ybz,2025-09-18 19:34:35.348000+00:00,player_aaeeb9d45b,player_28f12ab761,1.0,0.3224122532237785,0.2509169371224644,1391.9536799972454,1520.975282017795,1400.0,1590.0,0.2402530733520421,0.5,test,-13.176028704683162
3511,yV5CbWTi,2025-09-18 19:34:35.348000+00:00,player_e130fe568b,player_8c5e3f847f,1.0,0.42571470517710386,0.4712494361077314,1686.131727217082,1738.1353447687522,1716.0,1736.0,0.49568276024494023,0.5,test,-13.023861994626552
3512,5FZWG0MJ,2025-09-18 19:35:12.111000+00:00,player_4109a84459,player_ba1bfc0b56,1.0,0.45966055849362536,0.554469374021676,1805.4916384540384,1833.5834101203309,1770.0,1732.0,0.5827018849642301,0.5,test,-12.786674586374026
3513,BMqFT7PT,2025-09-18 19:35:12.111000+00:00,player_23cb130ca5,player_6cf377a2da,0.0,0.4029272963171475,0.3546475495606176,1877.185722972705,1945.5059339177237,1887.0,1991.0,0.3351420214452352,0.5,test,-12.679140022300848
3514,CxtPgUM7,2025-09-18 19:35:12.111000+00:00,player_85b73e0103,player_f7ec6e6f48,1.0,0.5278412005973275,0.45836229728523653,2064.102986235458,2044.7369069622512,1994.0,2023.0,0.44268836623770724,0.5,test,-12.855069444044238
3515,DFYaPi6H,2025-09-18 19:35:12.111000+00:00,player_62c51f94b1,player_cc32fbb2f4,0.0,0.3692697113837977,0.3692697113837977,1657.0,1750.0,1657.0,1750.0,0.3692697113837977,0.5,test,-12.855069444044238
3516,GeDUJPLA,2025-09-18 19:35:12.111000+00:00,player_2cd4b69a52,player_5c1fd39a9c,0.0,0.11541770117551382,0.09678159570481917,1235.87078763303,1589.6571174431594,1194.0,1582.0,0.09380415322649488,0.5,test,-12.830929549806696
3517,Jsa0RrVV,2025-09-18 19:35:12.111000+00:00,player_8ed1a7354e,player_0d374b7141,1.0,0.5933602813699986,0.5882899718631628,1633.3972264277484,1567.753756125414,1607.0,1545.0,0.6007782458900109,0.5,test,-12.818505430210179
3518,LBiLvCEp,2025-09-18 19:35:12.111000+00:00,player_56487e0825,player_4bf70fe48d,0.0,0.04548575750507942,0.03828650388225474,1180.875812504696,1709.6386050106075,1128.0,1688.0,0.035822587581328995,0.5,test,-12.80843267922779
3519,MfNxxkB9,2025-09-18 19:35:12.111000+00:00,player_a3a1c6ca99,player_31b262b14f,1.0,0.6967207044370416,0.7628849803052542,1403.4863815915091,1259.0,1462.0,1259.0,0.7751528656496841,0.5,test,-12.701757042785504
3520,NseZhW7e,2025-09-18 19:35:12.111000+00:00,player_68a9f3a899,player_adebea36c3,0.0,0.18849035586478333,0.1970908298461841,1047.698089472757,1301.299909896143,1032.0,1276.0,0.19527530650074057,0.5,test,-12.710153090729664
3521,V1D4AjmP,2025-09-18 19:35:12.111000+00:00,player_333b727a80,player_c35e883c79,0.5,0.340318894325717,0.5014391117091528,1645.1844146927044,1760.16360821332,1712.0,1711.0,0.5416377027147634,0.5,test,-12.659844291373433
3522,Z5bcvjBr,2025-09-18 19:35:12.111000+00:00,player_f3f0ff27f9,player_999d984376,0.0,0.3746486066924632,0.3746486066924632,1790.0,1879.0,1790.0,1879.0,0.3746486066924632,0.5,test,-12.659844291373433
3523,c6bNIvPk,2025-09-18 19:35:12.111000+00:00,player_fe15c1f5ed,player_6128bf3766,1.0,0.42064557427714144,0.48705085510713625,1839.1934015295408,1894.804603515833,1805.0,1814.0,0.5186997779295586,0.5,test,-12.450309650933868
3524,hs18b20A,2025-09-18 19:35:12.111000+00:00,player_be3189082e,player_5b34aa5dfc,1.0,0.10257755069014263,0.10193172098897373,1244.677648429603,1621.4554901985298,1248.0,1626.0,0.10140597110901775,0.5,test,-12.46179677943973
3525,k7D4Ik7o,2025-09-18 19:35:12.111000+00:00,player_d3ab849fc2,player_a2a0ffb32d,0.0,0.012906798176257693,0.013538794935001848,1378.1885161697921,2131.6043729149433,1370.0,2115.0,0.011812433732405628,0.5,test,-12.460688719690957
3526,kZvn2cMl,2025-09-18 19:35:12.111000+00:00,player_c82858060a,player_3430d7eb2d,0.0,0.38217292724801116,0.27661213056082945,1666.3122591900876,1749.755065608812,1503.0,1670.0,0.2423608251377483,0.5,test,-12.25669007074052
3527,ryCyY1XO,2025-09-18 19:35:12.111000+00:00,player_c5b91a311c,player_7edad124da,1.0,0.2300265237901491,0.20076000891310175,1609.017813912977,1818.8969533808277,1584.0,1824.0,0.19347247718289215,0.5,test,-12.429749428269208
3528,u14faGtx,2025-09-18 19:35:12.111000+00:00,player_f62f614b04,player_d539a5e529,1.0,0.8117939292793825,0.8743442268185462,1828.7518913981044,1574.8270228070544,1808.0,1471.0,0.8898878421811328,0.5,test,-12.337900519783433
3529,vP4wlIZU,2025-09-18 19:35:12.111000+00:00,player_95ff970eac,player_99aa12d4f3,0.0,0.43701527189640416,0.43701527189640416,1303.0,1347.0,1303.0,1347.0,0.43701527189640416,0.5,test,-12.337900519783433
3530,vWYRQtk0,2025-09-18 19:35:12.111000+00:00,player_e29c1979bc,player_94452001f9,1.0,0.7996681204815326,0.8611409356570433,2107.2915094785153,1866.8276225982743,2089.0,1772.0,0.8562520600981506,0.5,test,-12.269532516451873
3531,0eX7NM42,2025-09-18 19:35:50.752000+00:00,player_b3832d9015,player_f227e4b9e0,1.0,0.8696733541591815,0.944691725284387,1738.8809548958716,1409.1517765707067,1839.0,1346.0,0.9565291425886061,0.5,test,-12.174338946249836
3532,4iQkAGPJ,2025-09-18 19:35:50.752000+00:00,player_05b4376c0d,player_16ec20cd15,0.0,0.17236468919680775,0.1890208418800522,2049.062619689983,2321.6189040222557,1923.0,2176.0,0.19079200251416192,0.5,test,-12.196855569275206
3533,6TtzeOSP,2025-09-18 19:35:50.752000+00:00,player_6e9e0ae007,player_dcbf56325c,1.0,0.3100048686414854,0.27089003710224746,2008.6856664949848,2147.676671230956,1936.0,2108.0,0.2618909674595814,0.5,test,-12.365515309515924
3534,9rgO2gKX,2025-09-18 19:35:50.752000+00:00,player_37a20655c3,player_ceb09b75c0,0.0,0.5062744473880698,0.5129491448928637,2173.616608158451,2169.256446672835,2115.0,2106.0,0.5172625244323762,0.5,test,-12.38802213376633
3535,BidUicii,2025-09-18 19:35:50.752000+00:00,player_07b647559a,player_521c94bba5,0.0,0.018135794660386378,0.01880423478946836,1286.95041271675,1980.356347852643,1311.0,1998.0,0.01777103559079838,0.5,test,-12.387650706301077
3536,BmLsBdtf,2025-09-18 19:35:50.752000+00:00,player_987e5d4a79,player_80e7015e8d,1.0,0.9395068729886805,0.8711477984045555,2148.995032312128,1672.5174615524147,2100.0,1768.0,0.834459181708983,0.5,test,-12.506222012273966
3537,G4gzyVVC,2025-09-18 19:35:50.752000+00:00,player_eaabf28647,player_c7ef0e5560,0.0,0.19055891597242655,0.24448111792880314,1697.7376119603928,1949.0,1753.0,1949.0,0.25636547799267223,0.5,test,-12.591016321771137
3538,ImIXJ74K,2025-09-18 19:35:50.752000+00:00,player_b6f8562add,player_6e7ce99497,0.0,0.8195601568479349,0.7964546997117258,1995.3903270747826,1732.4909686837198,1951.0,1714.0,0.8019966441144332,0.5,test,-12.49812978559047
3539,JzOjFkaN,2025-09-18 19:35:50.752000+00:00,player_86fb93c7dd,player_f5748e2ba0,0.0,0.494441381450602,0.44126863067523897,1738.475476752818,1742.3381596723495,1721.0,1762.0,0.42994717641601177,0.5,test,-12.378064749360943
3540,Ou5Ui2b8,2025-09-18 19:35:50.752000+00:00,player_abbe762f0d,player_b3844c21b4,1.0,0.1816414658922376,0.17118235224572423,1629.565236982109,1891.056684033797,1565.0,1839.0,0.16874608434795343,0.5,test,-12.451704400254899
3541,RD5LrkfL,2025-09-18 19:35:50.752000+00:00,player_41fb25d2fb,player_acc6657449,0.0,0.2784048552029825,0.23711501969474583,1584.0033149335823,1749.450033973668,1463.0,1666.0,0.21400339771784252,0.5,test,-12.366216170971542
3542,U6dMWUVO,2025-09-18 19:35:50.752000+00:00,player_189cd09511,player_35c99037c3,1.0,0.841578881795334,0.7888870682101548,1850.3753020465163,1560.2626002257293,1894.0,1665.0,0.7751528656496841,0.5,test,-12.448435663813855
3543,Yszwlzqs,2025-09-18 19:35:50.752000+00:00,player_c500c8643c,player_a4af4da67c,1.0,0.45012681827323386,0.4483764526890395,1506.1376855889027,1540.908745668043,1593.0,1629.0,0.45265148195413535,0.5,test,-12.442842551392278
3544,ahV6RPCz,2025-09-18 19:35:50.752000+00:00,player_7b8d0ade12,player_206a863fb3,1.0,0.4406212716872986,0.6293885472175023,1635.1907554376005,1676.646950522194,1716.0,1624.0,0.6850596089933503,0.5,test,-12.001522408599701
3545,c7jfBwkr,2025-09-18 19:35:50.752000+00:00,player_87054c162a,player_f835c14ef9,0.0,0.42571979634547563,0.42571979634547563,1788.0,1840.0,1788.0,1840.0,0.42571979634547563,0.5,test,-12.001522408599701
3546,pdZKhCEo,2025-09-18 19:35:50.752000+00:00,player_25d490f1a0,player_d3c19a0bce,0.0,0.4304409656488676,0.25526959313496533,2009.5108310326968,2058.160890238715,1836.0,2022.0,0.2198703960068415,0.5,test,-11.686924781235131
3547,srt81Te4,2025-09-18 19:35:50.752000+00:00,player_283773e174,player_3b88d50752,0.0,0.581967503992259,0.558731369324761,1624.0,1566.524523247182,1624.0,1583.0,0.5530468951694625,0.5,test,-11.620030274167092
3548,tljyJrPR,2025-09-18 19:35:50.752000+00:00,player_6ad64e6481,player_1aa152f099,1.0,0.38277496909505365,0.38277496909505365,1678.0,1761.0,1678.0,1761.0,0.38277496909505365,0.5,test,-11.620030274167092
3549,vTNJX1J6,2025-09-18 19:35:50.752000+00:00,player_b10b6ca0e2,player_f055c06ad8,0.0,0.2323329500380794,0.2509169371224644,1737.5962539769841,1945.2210912542441,1729.0,1919.0,0.2641225558985236,0.5,test,-11.662322795921567
3550,xPHBxKGN,2025-09-18 19:35:50.752000+00:00,player_8d1936f6be,player_57f89e6d2a,0.0,0.39001933020260754,0.403370826694226,1898.2585779868903,1975.9505541317562,1856.0,1924.0,0.4089244036850566,0.5,test,-11.693806141957666
3551,tnXZfxOV,2025-09-18 19:35:50.753000+00:00,player_2f62ca03af,player_96762f0425,0.0,0.09038429764059347,0.04443842690195977,1172.545709746264,1573.6516942496794,1194.0,1727.0,0.039360485504451724,0.5,test,-11.639229123565055
3552,0zFxF7eH,2025-09-18 19:36:28.564000+00:00,player_7a83a3320b,player_1d9e1a3cc1,1.0,0.48751967404500013,0.5100724469274385,1706.734686815878,1715.408707230269,1703.0,1696.0,0.5172625244323762,0.5,test,-11.580009240372474
3553,1nxTSTPM,2025-09-18 19:36:28.564000+00:00,player_d0047f4ae9,player_1e9d72a955,1.0,0.8976378160119874,0.8954031473673285,1859.1470201899856,1481.962381373545,1899.0,1526.0,0.9001568673004807,0.5,test,-11.577206859254701
3554,4Q8jOz1l,2025-09-18 19:36:28.564000+00:00,player_93f647bc64,player_be0905ea0d,1.0,0.9197269187611558,0.9464688789594631,1597.5591451025027,1173.9235594075003,1657.0,1158.0,0.9545734903221555,0.5,test,-11.540019024072661
3555,7AIoEDiu,2025-09-18 19:36:28.564000+00:00,player_7296c8c2a7,player_fc4855a868,1.0,0.7126134675229663,0.7117225243427553,1884.1020061568076,1726.3469608035518,1889.0,1732.0,0.7117225243427553,0.5,test,-11.541270053747539
3556,7EDwDl1E,2025-09-18 19:36:28.564000+00:00,player_592792b68b,player_179d43c942,0.0,0.41500761337078157,0.3520169867496943,2000.4332929019092,2060.0709529125647,2019.0,2125.0,0.3338605754168779,0.5,test,-11.41136989173425
3557,9qkjMFYs,2025-09-18 19:36:28.564000+00:00,player_c5442337a4,player_f931cf221d,1.0,0.6089111514590904,0.6226501957872621,1780.8783269309217,1703.9669289359886,1731.0,1644.0,0.6253513933075368,0.5,test,-11.384728535250202
3558,FJyEDNO4,2025-09-18 19:36:28.564000+00:00,player_11f890c0d7,player_ba1bfc0b56,1.0,0.2396479034578429,0.3572869311673796,1598.425240334596,1799.0016858639228,1625.0,1727.0,0.41031649686004995,0.5,test,-10.846970507002979
3559,GweefvjX,2025-09-18 19:36:28.564000+00:00,player_a3cb35c7d1,player_26faf633c9,1.0,0.6110216046740652,0.4469531048305375,2009.8765071144635,1931.4240726946716,1828.0,1865.0,0.4243130476235704,0.5,test,-11.211631322406623
3560,IzrDg6EO,2025-09-18 19:36:28.564000+00:00,player_da9790cff0,player_2b4c4d80ed,0.0,0.08824820063853145,0.07597710350276544,1543.816535537232,1949.4848435753017,1528.0,1962.0,0.07241889492653986,0.5,test,-11.194418890136868
3561,JldQV2Mt,2025-09-18 19:36:28.564000+00:00,player_19adc7dd88,player_d1ab878e39,1.0,0.5482587882608261,0.5215733330511455,1454.4191707349844,1420.780814966961,1398.0,1383.0,0.5316182978281073,0.5,test,-11.22524056042552
3562,KHEedVVe,2025-09-18 19:36:28.564000+00:00,player_9193b074e9,player_9e20f9b28a,1.0,0.4712494361077314,0.4712494361077314,1831.0,1851.0,1831.0,1851.0,0.4712494361077314,0.5,test,-11.22524056042552
3563,RefCuHMB,2025-09-18 19:36:28.564000+00:00,player_a71ab86adb,player_4385d4a442,0.0,0.19280399982698165,0.16874608434795343,1527.028305470191,1775.7734902184122,1498.0,1775.0,0.18638778949441326,0.5,test,-11.217323221647817
3564,WbpEOYN7,2025-09-18 19:36:28.564000+00:00,player_d6e4fb2db5,player_385155df22,1.0,0.10160084798610512,0.09478739597319612,1257.4267956808599,1636.055595935173,1262.0,1654.0,0.09429462645676252,0.5,test,-11.291950898552892
3565,XKjNwbUj,2025-09-18 19:36:28.564000+00:00,player_3e22e2375b,player_f344e298e8,0.0,0.08803166266063511,0.08809469239657637,1059.863657672581,1466.0,1060.0,1466.0,0.08855822999698423,0.5,test,-11.2925284618217
3566,Z6b6JYjH,2025-09-18 19:36:28.564000+00:00,player_ec3fd5d597,player_9ff72376af,1.0,0.45359385356033033,0.48561281583400134,1756.9838663592066,1789.3232323638779,1796.0,1806.0,0.4913661641789174,0.5,test,-11.212541062039792
3567,oOE1V6MW,2025-09-18 19:36:28.564000+00:00,player_563ade11f6,player_75859a95e0,0.0,0.326549991136736,0.3351420214452352,1651.2936419411744,1777.035916604836,1688.0,1807.0,0.3351420214452352,0.5,test,-11.225381377481288
3568,qSTbYckr,2025-09-18 19:36:28.564000+00:00,player_b21cbf6e60,player_55c792da1b,0.0,0.06021902624117907,0.09678159570481917,1595.8482169694976,2073.165384866594,1670.0,2058.0,0.10622531982185358,0.5,test,-11.27557451114323
3569,tLS3DrQd,2025-09-18 19:36:28.564000+00:00,player_7f5ab1205b,player_61f07bf7fd,0.0,0.22577763784338553,0.16316903399710528,2044.0909137240596,2258.1648281454936,1945.0,2229.0,0.16160309261305672,0.5,test,-11.195942008229576
3570,xrWdCDHy,2025-09-18 19:36:28.564000+00:00,player_5606388063,player_725002b39f,0.0,0.45125228754656516,0.45979177167625435,1455.5081311394156,1489.4894536688776,1534.0,1562.0,0.4626526828335072,0.5,test,-11.21693614539726
3571,yTkgPGxx,2025-09-18 19:36:28.564000+00:00,player_b88b6fa8ed,player_d971151a49,1.0,0.7483110011873729,0.7888870682101548,1881.0938414157256,1691.806682696745,1879.0,1650.0,0.7973863140277038,0.5,test,-11.153415542394857
3572,yrXKtftQ,2025-09-18 19:36:28.564000+00:00,player_4a673ee2af,player_8993b8270f,0.0,0.729308544689238,0.7069752948085409,1581.2223311741222,1409.0476292245216,1555.0,1402.0,0.6961287704295998,0.5,test,-11.037791148626889
3573,ywwiLd63,2025-09-18 19:36:28.564000+00:00,player_5d179514af,player_afe82545f4,0.0,0.4817699776682284,0.48992755307256153,1792.944404064827,1805.6175386359246,1776.0,1783.0,0.4884891087822083,0.5,test,-11.050841473008694
3574,zZfqu6xg,2025-09-18 19:36:28.564000+00:00,player_81ccc0f1db,player_a5f43760a2,1.0,0.75988655245483,0.6253513933075368,1881.10817677373,1680.9752665421327,1829.0,1740.0,0.596629173305774,0.5,test,-11.292714851903702
3575,0OKsVfFc,2025-09-18 19:37:06.240000+00:00,player_0ab0ebacb4,player_c115812a60,1.0,0.9134027777353134,0.9747991526889288,1914.1563154757055,1504.8929689144713,2023.0,1388.0,0.9822289644092016,0.5,test,-11.220067351254611
3576,2h7yv92h,2025-09-18 19:37:06.240000+00:00,player_d39c4ff769,player_37bee017ff,0.0,0.18502928794862825,0.19527530650074057,1917.0911293914662,2174.6517390191525,1891.0,2137.0,0.07597710350276544,0.5,test,-11.094482676622887
3577,75PV37dZ,2025-09-18 19:37:06.240000+00:00,player_4a2bd4876a,player_076a4e5b74,1.0,0.40039883019460365,0.4469531048305375,1784.9130397786334,1855.0609083784232,1823.0,1860.0,0.4726840269935071,0.5,test,-10.9285166562412
3578,9zeySBgk,2025-09-18 19:37:06.240000+00:00,player_ba1bfc0b56,player_d1a9c42e72,0.0,0.19086596127247782,0.13748809600868891,1750.3391516852248,2001.2559467157312,1720.0,2039.0,0.12190992605740426,0.5,test,-10.846732065749801
3579,AFWeKqLU,2025-09-18 19:37:06.240000+00:00,player_68cd6a7975,player_d8064a3fec,0.0,0.3171523177354356,0.2248471343503159,1787.4212193387702,1920.6435993810812,1716.0,1931.0,0.19527530650074057,0.5,test,-10.682503664388118
3580,BUAkf7Gr,2025-09-18 19:37:06.240000+00:00,player_73f51993cb,player_45b023d364,1.0,0.8344997542452174,0.8056276940436502,1993.5770215114785,1712.5259934662085,2017.0,1770.0,0.7983147441549775,0.5,test,-10.726833177074036
3581,C4kYV7FU,2025-09-18 19:37:06.240000+00:00,player_468c46e5dc,player_159b99ee03,1.0,0.82569398887749,0.8352528323139615,1882.6147829923914,1612.4120796142317,1859.0,1577.0,0.8376154583713974,0.5,test,-10.712498293499545
3582,EkrCfdQX,2025-09-18 19:37:06.240000+00:00,player_6cf377a2da,player_4a983ef4e0,1.0,0.7626350752258886,0.785026736998172,1971.2932808820212,1768.5331882726323,1997.0,1772.0,0.7992399910868982,0.5,test,-10.665616669149557
3583,FEGXe14R,2025-09-18 19:37:06.240000+00:00,player_11bf4ccb6b,player_84e2d11da4,0.0,0.14054063017856813,0.2894599876301622,1557.8372325517669,1872.4066141748362,1676.0,1832.0,0.34548000561753406,0.5,test,-10.93801808699976
3584,JmXxRaSn,2025-09-18 19:37:06.240000+00:00,player_06cd8b8e81,player_76d8db066a,0.0,0.21569726878514583,0.12068284654599212,1918.0675148637984,2142.323147419532,1766.0,2111.0,0.10352349210181416,0.5,test,-10.804341081111076
3585,JrWvHQnR,2025-09-18 19:37:06.240000+00:00,player_f8aab17de5,player_5f93c621f7,0.5,0.5285019755979216,0.5629847281035958,1779.1192224409565,1759.2925273518447,1840.0,1796.0,0.5714631174083814,0.5,test,-10.813033432470917
3586,NWUCwsso,2025-09-18 19:37:06.240000+00:00,player_81d360ffcc,player_701f922727,1.0,0.8354600763427092,0.8391753178526756,1534.8157329084304,1252.553968959121,1567.0,1280.0,0.8391753178526756,0.5,test,-10.808596350084837
3587,NoTnDeqk,2025-09-18 19:37:06.240000+00:00,player_23195b6a66,player_11f890c0d7,1.0,0.7714373808718161,0.8187932901343153,1858.4059646060007,1647.087774513294,1894.0,1632.0,0.8271780169631395,0.5,test,-10.738831925002284
3588,Q5D8n18T,2025-09-18 19:37:06.240000+00:00,player_20464b66dc,player_a5275371e3,1.0,0.6052780854357044,0.46122190794282847,1896.2816521621007,1822.016167534494,1844.0,1871.0,0.4271277486054956,0.5,test,-11.08743677723069
3589,RT8MNwcw,2025-09-18 19:37:06.240000+00:00,player_6fd62fa19c,player_8c73f75e20,0.0,0.33397786483014774,0.3249597989597013,1675.71267048929,1795.6210621942682,1663.0,1790.0,0.32243941991489944,0.5,test,-11.070260717353381
3590,S6naxTlF,2025-09-18 19:37:06.240000+00:00,player_7af80abc6c,player_8634e7a8c5,1.0,0.239665873038569,0.3149403910066497,1689.270795294774,1889.8301098241054,1698.0,1833.0,0.33130504369266833,0.5,test,-10.746466941883922
3591,Ysogudn7,2025-09-18 19:37:06.240000+00:00,player_411191eb69,player_4304848789,0.0,0.12373731483754408,0.12068284654599212,1693.63994255498,2033.6933948275973,1673.0,2018.0,0.12129504878814854,0.5,test,-10.743683679588516
3592,ZOvEX8Gb,2025-09-18 19:37:06.240000+00:00,player_23cb130ca5,player_5203491a82,1.0,0.8209651626196598,0.8562520600981506,1851.3983760084075,1586.843503108004,1883.0,1573.0,0.8631931113967899,0.5,test,-10.693525921675343
3593,bLlwNy5y,2025-09-18 19:37:06.240000+00:00,player_649e6e0396,player_d62b36fee2,0.0,0.7608385251667473,0.6961287704295998,1775.9439193447479,1574.9034104904872,1717.0,1573.0,0.6788169197947567,0.5,test,-10.398653568526516
3594,csa6mtDR,2025-09-18 19:37:06.240000+00:00,player_6fffeaa105,player_b95ff8ed32,1.0,0.24457424025706945,0.3124617517876582,1886.787820906158,2082.700251672428,1892.0,2029.0,0.32622381211167784,0.5,test,-10.110588786459362
3595,eqQVCzxP,2025-09-18 19:37:06.240000+00:00,player_4109a84459,player_eb7a60a326,0.0,0.23519095842733953,0.15927695733838498,1840.0733627104464,2044.9263193582326,1775.0,2064.0,0.14660537788811823,0.5,test,-10.00099290125293
3596,mX8J6mUn,2025-09-18 19:37:06.240000+00:00,player_0f2b14cf25,player_573290eeee,1.0,0.4639818861084261,0.5728722513945045,1582.070673300412,1607.1420493998974,1641.0,1590.0,0.5924662305843318,0.5,test,-9.75654453756709
3597,vlqLdeM1,2025-09-18 19:37:06.240000+00:00,player_ad24d7f180,player_54801e8a74,0.0,0.5344839447268315,0.5344839447268315,1620.0,1596.0,1620.0,1596.0,0.5344839447268315,0.5,test,-9.75654453756709
3598,zyNql7hH,2025-09-18 19:37:06.240000+00:00,player_ac62c002a3,player_32e131d901,1.0,0.06497865391600213,0.05152588759746676,1335.828047869055,1799.0483740163663,1311.0,1817.0,0.049052005347292676,0.5,test,-10.037722283322429
3599,9GIomNvU,2025-09-18 19:37:43.855000+00:00,player_01436a2544,player_7fd295e0b4,0.0,0.06264739145388692,0.06264739145388692,1756.0,2226.0,1756.0,2226.0,0.06264739145388692,0.5,test,-10.037722283322429
3600,ABi4mkBz,2025-09-18 19:37:43.855000+00:00,player_c4e2ba07e4,player_e558f7f0c0,0.5,0.23253283311316883,0.4019862342306564,1790.797160499868,1998.2273692909666,1755.0,1824.0,0.46838170217189273,0.5,test,-9.871181192836348
3601,C7n3vUQq,2025-09-18 19:37:43.855000+00:00,player_b36b2ebcf1,player_8f176961d0,1.0,0.3746486066924632,0.3746486066924632,1620.0,1709.0,1620.0,1709.0,0.3746486066924632,0.5,test,-9.871181192836348
3602,HGdIHY8m,2025-09-18 19:37:43.855000+00:00,player_085c0b189a,player_2b7c501ae4,1.0,0.47105917428242605,0.5896835031399501,1881.6943127252428,1901.8269616792606,1956.0,1893.0,0.6347433350523167,0.5,test,-9.572944193965306
3603,IXh9GtDu,2025-09-18 19:37:43.855000+00:00,player_b078c0ad01,player_f14a11f9f0,0.0,0.34076035181412406,0.24983651817135802,1898.2093664716438,2012.8470708663697,1887.0,2078.0,0.23711501969474583,0.5,test,-9.42692404339492
3604,IY8ROsIX,2025-09-18 19:37:43.855000+00:00,player_dad7fc297e,player_97f46d52b9,1.0,0.5367801139838606,0.6875382482123418,1670.4031379564226,1644.7994488186632,1731.0,1594.0,0.7233878694391705,0.5,test,-9.12856703231926
3605,Jbh5cWVY,2025-09-18 19:37:43.855000+00:00,player_ca06dcd8b5,player_df3f04be61,0.0,0.21189545082096053,0.2942186402879975,1723.97694423723,1952.1618248136651,1700.0,1852.0,0.3211830802052434,0.5,test,-9.27784633091186
3606,Jv9hy6xf,2025-09-18 19:37:43.855000+00:00,player_c40a702727,player_ec9ab3f8cf,1.0,0.7912854774598025,0.726830072276731,1699.4543587141125,1467.9421481372515,1642.0,1472.0,0.7313778578393882,0.5,test,-9.356574909007817
3607,LdCx2QDN,2025-09-18 19:37:43.855000+00:00,player_3b38c16574,player_04331db04e,0.5,0.12368380740494425,0.12377068106893543,1491.8383194653047,1831.977515802612,1495.0,1835.0,0.15320659692731933,0.5,test,-9.266680548444945
3608,NZYsMrUM,2025-09-18 19:37:43.855000+00:00,player_1aaaee5c2a,player_bd6b82cfcc,1.0,0.9896428656029641,0.9908586214747741,1436.0955545377005,644.0,1458.0,644.0,0.9910648453989241,0.5,test,-9.265244718178462
3609,RoyOMqlL,2025-09-18 19:37:43.855000+00:00,player_3e14395bcd,player_3794ccac0e,1.0,0.35994539159521305,0.3719551943780582,1513.3686358788627,1613.360800366813,1508.0,1599.0,0.35993500019711494,0.5,test,-9.265273587969103
3610,V02PzpkR,2025-09-18 19:37:43.855000+00:00,player_6fa62cf77b,player_025ca2fadc,1.0,0.5334551754594115,0.4769904127024377,1695.6900798592155,1672.408257130974,1598.0,1614.0,0.469815319996098,0.5,test,-9.392308954117684
3611,WBrsf3uN,2025-09-18 19:37:43.855000+00:00,player_76190258fa,player_063cef7e75,1.0,0.9595426372459863,0.9428591346675568,2017.9011859027892,1467.8745027660366,2020.0,1533.0,0.9380252840746419,0.5,test,-9.414988801573896
3612,aKyl5YoF,2025-09-18 19:37:43.855000+00:00,player_d7aa45b051,player_d1b2e47a87,1.0,0.9202201636678634,0.9512158141101019,1987.6481517758455,1562.8487101042922,1950.0,1434.0,0.9674080970792048,0.5,test,-9.364981321028866
3613,eH87XNDs,2025-09-18 19:37:43.855000+00:00,player_402defafe6,player_b5aedd91fe,0.0,0.03522797874550128,0.05871144612901999,1704.9852101461352,2280.0,1798.0,2280.0,0.07050909562522961,0.5,test,-9.40223612544196
3614,fEbExDux,2025-09-18 19:37:43.855000+00:00,player_0cb0ac5f16,player_3f85eadf5f,1.0,0.922914733450528,0.9109760314653452,2001.6158924931244,1570.3398122257597,1974.0,1570.0,0.908134935731807,0.5,test,-9.418380000689536
3615,hrroNhSv,2025-09-18 19:37:43.855000+00:00,player_a34bfe0ed8,player_7daf8cb2ff,1.0,0.3484877690649803,0.550199353253537,1924.5304573142726,2033.2244705165965,1947.0,1912.0,0.6131368201531431,0.5,test,-8.853395025663405
3616,pH37I4Ah,2025-09-18 19:37:43.855000+00:00,player_221fd4d07b,player_4aa0d1b44e,0.0,0.38513480570491154,0.4285368825916186,1686.702225275348,1767.9690816004784,1714.0,1764.0,0.4398498547680971,0.5,test,-8.946593208896827
3617,sVTZnfF9,2025-09-18 19:37:43.855000+00:00,player_4f8718787c,player_db90f327bd,0.0,0.8549483693111023,0.8504903015468027,1554.0,1245.8330909059796,1554.0,1252.0,0.8497568518427462,0.5,test,-8.911427992225995
3618,sw45zGth,2025-09-18 19:37:43.855000+00:00,player_a36abe8586,player_2eac664faa,1.0,0.7355452920261247,0.7964546997117258,1720.887513921243,1543.1842670915696,1749.0,1512.0,0.8162168965756028,0.5,test,-8.807359986013397
3619,Ep1Jh8TH,2025-09-18 19:38:22.734000+00:00,player_d5f04bdeec,player_85b73e0103,0.0,0.13247783774174016,0.08763334779453696,1767.866210489756,2094.321149397229,1593.0,2000.0,0.07678931969710022,0.5,test,-8.745143580307301
3620,0KYjBJlT,2025-09-18 19:38:22.735000+00:00,player_3dedf8fe4b,player_2a6a51b248,1.0,0.47555453887933863,0.47555453887933863,1729.0,1746.0,1729.0,1746.0,0.47555453887933863,0.5,test,-8.745143580307301
3621,0pjIve04,2025-09-18 19:38:22.735000+00:00,player_a235f79571,player_343e0b1ee2,1.0,0.31223708508221276,0.3211830802052434,1675.2695522390406,1812.4512604352385,1673.0,1803.0,0.3174296145252281,0.5,test,-8.728650260410086
3622,0y0iwQMq,2025-09-18 19:38:22.735000+00:00,player_f3ee2283ce,player_8f770a31d9,0.0,0.14231949791665047,0.13885906434295667,1233.0,1545.024453716259,1233.0,1550.0,0.1308031345449462,0.5,test,-8.715312273220496
3623,0yaRmdys,2025-09-18 19:38:22.735000+00:00,player_bbe1117cf1,player_cee0c9e7a2,0.0,0.5533488199666353,0.5798997603578815,1820.2796003733924,1783.0673994040694,1812.0,1756.0,0.5798997603578815,0.5,test,-8.776596856713349
3624,AeZPT8Kd,2025-09-18 19:38:22.735000+00:00,player_4c26ff6930,player_f8ce709da6,1.0,0.6826299366983949,0.7680520031675839,1938.802597881187,1805.754849142415,1964.0,1756.0,0.7801296039931584,0.5,test,-8.643089684246355
3625,BbQw2gOY,2025-09-18 19:38:22.735000+00:00,player_d25e6e2e5b,player_47d110307f,1.0,0.11728747799106712,0.12628957905491864,1514.3729441521484,1865.0,1529.0,1865.0,0.1282074219668559,0.5,test,-8.554068245745054
3626,KqFVe1UY,2025-09-18 19:38:22.735000+00:00,player_4bca831314,player_8ed1a7354e,1.0,0.6621283265115387,0.750163481828642,1776.2983223976862,1659.4221684200684,1805.0,1614.0,0.7741479777018306,0.5,test,-8.397764588613029
3627,Pq6wv32f,2025-09-18 19:38:22.735000+00:00,player_5dc4bce2c1,player_f7ec6e6f48,1.0,0.4980796363105056,0.4019862342306564,2013.184331873316,2014.51874380048,1948.0,2017.0,0.36259162325551547,0.5,test,-8.715247368956984
3628,VM5uPXnc,2025-09-18 19:38:22.735000+00:00,player_8f396e4253,player_44e465dc84,0.0,0.39788077468473754,0.5601501452319029,1724.0587256865342,1796.030541424136,1775.0,1733.0,0.6185841220890307,0.5,test,-9.171812520453072
3629,eyogVNC3,2025-09-18 19:38:22.735000+00:00,player_4543ddf7ea,player_635e2ad905,0.0,0.7855986818460436,0.7680520031675839,1915.8701053885602,1690.2807873978227,1879.0,1671.0,0.7628849803052542,0.5,test,-9.071116759161441
3630,gb56iLYX,2025-09-18 19:38:22.735000+00:00,player_725002b39f,player_8c5e3f847f,0.0,0.2585538018103462,0.2812431701012181,1518.3696000718578,1701.3810859000869,1567.0,1730.0,0.2894599876301622,0.5,test,-9.113694098292072
3631,gfIXtNN0,2025-09-18 19:38:22.735000+00:00,player_819e24ef50,player_57267a6020,1.0,0.8428011821786053,0.840723042661615,1653.8058987020077,1362.0955545377005,1620.0,1331.0,0.8399506946347535,0.5,test,-9.117081989649764
3632,i1Xbc3Vt,2025-09-18 19:38:22.735000+00:00,player_f7db316c11,player_a44891f56d,0.0,0.42217150948746357,0.3507050528890364,1479.3930720105918,1533.9170840562751,1487.0,1594.0,0.33642590195870453,0.5,test,-8.978718560005248
3633,jkucNTpO,2025-09-18 19:38:22.735000+00:00,player_17d7f84176,player_94d465076b,1.0,0.9287080912527176,0.908134935731807,1942.0245002877323,1496.088905580801,1920.0,1522.0,0.9105080840492277,0.5,test,-8.998510253379266
3634,nse5hirK,2025-09-18 19:38:22.735000+00:00,player_99d19b2672,player_4ac174114e,1.0,0.6850596089933503,0.6850596089933503,1680.0,1545.0,1680.0,1545.0,0.6850596089933503,0.5,test,-8.998510253379266
3635,pGEimYv3,2025-09-18 19:38:22.735000+00:00,player_6a1a4d9a80,player_5606388063,0.0,0.8900975064278636,0.8179376310581157,1790.0,1426.6279847364353,1790.0,1529.0,0.7973863140277038,0.5,test,-8.386802662773242
3636,pVPGDHCf,2025-09-18 19:38:22.735000+00:00,player_9f1e963216,player_4fb35a570a,0.0,0.3625568373268581,0.39096739659576046,1704.090629100585,1802.1167760697106,1744.0,1821.0,0.41031649686004995,0.5,test,-8.464681821629162
3637,qHogoK8h,2025-09-18 19:38:22.735000+00:00,player_aeacea3497,player_b0bebdfa76,1.0,0.7635787677143556,0.6712405808158318,1967.6656048793534,1763.9986580303264,1880.0,1756.0,0.641390111955618,0.5,test,-8.639060236792389
3638,qSAcbm9V,2025-09-18 19:38:22.735000+00:00,player_032940e141,player_e130fe568b,0.0,0.5773585239522574,0.6492949471109635,1777.0753731127804,1722.8859860857474,1832.0,1725.0,0.6609990912463583,0.5,test,-8.859581694023149
3639,zCi8L0Wq,2025-09-18 19:38:22.735000+00:00,player_2ffe222f07,player_8d4df04e81,0.0,0.02270047487063717,0.027875451490968494,1443.4029018146791,2097.0,1480.0,2097.0,0.0291508846672584,0.5,test,-8.866203810256794
3640,4Tnf3smC,2025-09-18 19:39:03.537000+00:00,player_bd9a49b1b8,player_2c115abdde,1.0,0.4176784490014566,0.3338605754168779,2289.0903854682833,2346.818703708378,2206.0,2326.0,0.31992932426277854,0.5,test,-9.132815576265175
3641,C0Ju9XAg,2025-09-18 19:39:03.538000+00:00,player_925c48e1c4,player_a27646b2ce,1.0,0.9611745246015663,0.9606395144955483,1465.5311784111882,908.0569906516396,1487.0,932.0,0.9604212774283489,0.5,test,-9.13359955717417
3642,D4sz0yZl,2025-09-18 19:39:03.538000+00:00,player_46a8611e3e,player_3c0a2766bd,0.0,0.5014391117091528,0.5014391117091528,1625.0,1624.0,1625.0,1624.0,0.5014391117091528,0.5,test,-9.13359955717417
3643,Ki0v34ED,2025-09-18 19:39:03.538000+00:00,player_9c81360111,player_35b5b2fd17,1.0,0.9284781252907363,0.9342404734144619,2010.0140017357216,1564.6808870162392,2009.0,1548.0,0.9356410059682176,0.5,test,-9.12591451622313
3644,OYiPEapF,2025-09-18 19:39:03.538000+00:00,player_05bddac032,player_39b330901c,1.0,0.5391055729139905,0.6900062072803139,2104.683421501548,2077.454475732502,2129.0,1990.0,0.7381090325404187,0.5,test,-8.8117343818099
3645,QMYYEZ5e,2025-09-18 19:39:03.538000+00:00,player_78f76fcfcd,player_c81be32368,0.0,0.47876003404159106,0.39646368147382194,1809.9527915390486,1824.7207189642138,1777.0,1850.0,0.3787032768775454,0.5,test,-8.636136121949502
3646,QUpxcwkl,2025-09-18 19:39:03.538000+00:00,player_7edad124da,player_cd4070b519,1.0,0.9397374546466927,0.9406490568972323,1769.618650903397,1292.43502477558,1815.0,1335.0,0.9431684791599028,0.5,test,-8.63249172501063
3647,UJ9AM7tl,2025-09-18 19:39:03.538000+00:00,player_bad6861afe,player_7c831fcd18,1.0,0.8473539798221319,0.8604511617577122,2027.3710618123332,1729.6193066847268,2024.0,1708.0,0.8658895824550439,0.5,test,-8.610852856731091
3648,URE2vjke,2025-09-18 19:39:03.538000+00:00,player_0d374b7141,player_80d88cf3a0,1.0,0.39261762862199057,0.41729811503576986,1541.728814133094,1617.5257690168821,1540.0,1598.0,0.422907524174671,0.5,test,-8.536535503638655
3649,gdvqdD5n,2025-09-18 19:39:03.538000+00:00,player_b6ad2d9586,player_8196d7f874,1.0,0.5942259345826231,0.7811154027299616,2004.0278127308345,1937.7608862454551,2143.0,1922.0,0.8127376816365348,0.5,test,-8.223386709262568
3650,jJ5bXdbJ,2025-09-18 19:39:03.538000+00:00,player_44e0f1f4a3,player_8fe39ebc25,1.0,0.9364434393171934,0.9248272212397116,1636.7348228175656,1169.4063573340597,1611.0,1175.0,0.9223905105706245,0.5,test,-8.238507152363196
3651,oiz7ejzU,2025-09-18 19:39:03.538000+00:00,player_1c762c8a8b,player_e69296f1fe,1.0,0.37599824138233284,0.37599824138233284,1110.0,1198.0,1110.0,1198.0,0.37599824138233284,0.5,test,-8.238507152363196
3652,pINl4SJ3,2025-09-18 19:39:03.538000+00:00,player_e569ca4cba,player_eca0930949,1.0,0.8032557277461242,0.8246953134461684,1653.3806933152732,1409.0,1678.0,1409.0,0.8296328234313434,0.5,test,-8.206197059544769
3653,q4vvv4VS,2025-09-18 19:39:03.538000+00:00,player_03462e4ffd,player_7564d3b9bc,0.0,0.7813506489084133,0.7964546997117258,1758.2391137545449,1537.0,1774.0,1537.0,0.8001620559151359,0.5,test,-8.296159611085704
3654,uaR8R9dp,2025-09-18 19:39:03.538000+00:00,player_39aa036cb7,player_c0c8a08a0d,0.0,0.06399489613650876,0.0291508846672584,1268.5220297667588,1734.5751810980364,1158.0,1767.0,0.02369120771281797,0.5,test,-8.254001618480153
3655,xx71RjPS,2025-09-18 19:39:03.538000+00:00,player_5658e0bf0b,player_54e43be2e2,0.0,0.5077793464526551,0.4971218004251891,1466.2318928962986,1460.8258130667607,1427.0,1429.0,0.4913661641789174,0.5,test,-8.221200339107357
3656,1Qvb125f,2025-09-18 19:39:39.232000+00:00,player_7c9c160dc6,player_247f445418,0.0,0.2794221238285217,0.22990332333901797,1394.4590624137188,1559.027116246863,1372.0,1582.0,0.22284689468527405,0.5,test,-8.145616457301795
3657,2f10qBxG,2025-09-18 19:39:39.232000+00:00,player_e1ccd38199,player_6cf377a2da,0.5,0.49465595260747863,0.5043172397550598,1982.7710701866365,1986.4846360675645,2003.0,2000.0,0.4985608882908471,0.5,test,-8.145563478456229
3658,7i34gj2V,2025-09-18 19:39:39.232000+00:00,player_d1a9c42e72,player_6a3f628a42,0.0,0.5311608959698405,0.45836229728523653,2013.4713682371698,1991.7904612426917,2042.0,2071.0,0.43135860811633236,0.5,test,-7.952573133569287
3659,9JdkcTXL,2025-09-18 19:39:39.232000+00:00,player_295d5b7de7,player_21bfa90b90,0.0,0.8386445040917206,0.8504903015468027,1502.3176571250892,1216.0,1518.0,1216.0,0.8533946221118819,0.5,test,-8.04843864064226
3660,A6FyracH,2025-09-18 19:39:39.232000+00:00,player_25ebcf566a,player_b3b9d49133,1.0,0.3586019086329308,0.3868631798468569,1936.5736959063922,2037.5797225120084,1941.0,2021.0,0.3937121762145718,0.5,test,-7.955031399137402
3661,DyXMhFyB,2025-09-18 19:39:39.232000+00:00,player_496da5eb68,player_87128e2636,1.0,0.9684732206597779,0.9700234108404839,2060.8587777712714,1465.8955740041579,2084.0,1480.0,0.9703563781310416,0.5,test,-7.953088827119081
3662,FS5dW9Eq,2025-09-18 19:39:39.232000+00:00,player_16ec20cd15,player_d360f2bc80,0.0,0.7705862874237726,0.6440338538222926,2332.650244130851,2122.169482780778,2178.0,2075.0,0.6035363185261781,0.5,test,-7.406031366778039
3663,HXcc4DvH,2025-09-18 19:39:39.232000+00:00,player_ca11373b75,player_7f5cbf43bb,0.0,0.5438359657401516,0.5658152030692333,1944.1216388861806,1913.5828849836457,1922.0,1876.0,0.5615679389736461,0.5,test,-7.445678970998243
3664,IfQ8doZZ,2025-09-18 19:39:39.232000+00:00,player_1e9d72a955,player_c5b91a311c,1.0,0.25869350199854385,0.403370826694226,1475.4112015983121,1658.2961163904076,1525.0,1593.0,0.42994717641601177,0.5,test,-6.9376605863746414
3665,MmKqUf2C,2025-09-18 19:39:39.232000+00:00,player_2ee9733bfe,player_654f485eb7,1.0,0.37888625088686567,0.373300918333268,1541.0,1626.8649188844047,1541.0,1631.0,0.3719551943780582,0.5,test,-6.956123215024299
3666,NGW1xMDl,2025-09-18 19:39:39.232000+00:00,player_4d48e33bce,player_e97a826e56,1.0,0.6427130688326204,0.6427130688326204,1527.0,1425.0,1527.0,1425.0,0.6427130688326204,0.5,test,-6.956123215024299
3667,U0iEMX5J,2025-09-18 19:39:39.232000+00:00,player_4a983ef4e0,player_c59a1d1098,0.0,0.49514466837276544,0.5344839447268315,1753.341833087089,1756.7157691140455,1769.0,1745.0,0.5387780920571715,0.5,test,-7.04651584192242
3668,WgBj8808,2025-09-18 19:39:39.232000+00:00,player_2974fd4830,player_7ac78dcfca,0.0,0.32460638893928634,0.38277496909505365,1978.6070384068798,2105.8869922744298,1906.0,1989.0,0.40060320329074317,0.5,test,-7.1658876796333155
3669,bPpXl7l7,2025-09-18 19:39:39.232000+00:00,player_1c7fb91567,player_581806056b,1.0,0.5611840756566956,0.6307302886162022,1836.3856325711508,1793.6564488124232,1814.0,1721.0,0.6347433350523167,0.5,test,-7.042715931521236
3670,gLM8OoD2,2025-09-18 19:39:39.232000+00:00,player_c8dd4feac5,player_d0047f4ae9,0.0,0.18513827105100816,0.2198703960068415,1608.2631130044413,1865.6981999652185,1681.0,1901.0,0.2340053292335112,0.5,test,-7.104559160144815
3671,gpLf0v2r,2025-09-18 19:39:39.232000+00:00,player_23701e6596,player_14b977d081,0.5,0.8529681533988548,0.8645470054113045,1377.4003266597124,1071.9917646979131,1352.0,1030.0,0.8743442268185462,0.5,test,-7.170734689674907
3672,kagyBpYP,2025-09-18 19:39:39.232000+00:00,player_912f690b63,player_ad0e8c47f8,1.0,0.9361788101814684,0.9232106803028998,1822.16865433763,1355.6110901637776,1811.0,1379.0,0.9203048806723595,0.5,test,-7.187836177245963
3673,msyJGLg3,2025-09-18 19:39:39.232000+00:00,player_d3c19a0bce,player_a7ac2ec840,0.0,0.811359517447994,0.7731399130767673,2085.709112040243,1832.2777375564553,2025.0,1812.0,0.7490830628775357,0.5,test,-6.90255721552531
3674,o6LYMGJr,2025-09-18 19:39:39.232000+00:00,player_517eb9f99c,player_3b08c471ec,0.0,0.9199620385829791,0.9268039139277936,1220.189555360691,796.0,1237.0,796.0,0.9302417126410938,0.5,test,-7.040022026539065
3675,qIeckWE9,2025-09-18 19:39:39.232000+00:00,player_366327a96d,player_a83015db7a,1.0,0.5282824612991771,0.6076610641268197,1581.3014982584646,1561.6278307629048,1605.0,1529.0,0.6320700121000735,0.5,test,-6.860652965133848
3676,rTJDFX3P,2025-09-18 19:39:39.232000+00:00,player_fc42350db1,player_8824ea67c7,1.0,0.9813271023140901,0.9864612050649981,2404.9261172503807,1716.685286941541,2453.0,1708.0,0.9870626678999227,0.5,test,-6.854825276019423
3677,w2h2ISXi,2025-09-18 19:39:39.232000+00:00,player_1348bf52c1,player_266941d75e,0.0,0.923945334795546,0.9076535681936819,1772.7714943068518,1338.9633270816132,1728.0,1331.0,0.9032184042951807,0.5,test,-6.613820787564791
3678,xA0DWLKO,2025-09-18 19:39:39.232000+00:00,player_39eaa03f9e,player_5b05dc7448,1.0,0.9540716351028596,0.9540716351028596,2221.0,1694.0,2221.0,1694.0,0.9540716351028596,0.5,test,-6.613820787564791
3679,xR0UKbKI,2025-09-18 19:39:39.232000+00:00,player_49b78ee6d5,player_642d7c533c,1.0,0.5775162057380033,0.5868950233791,1737.1591359958443,1682.8574877219894,1758.0,1697.0,0.5924662305843318,0.5,test,-6.588263414860356
3680,2ApG7sGz,2025-09-18 19:40:16.737000+00:00,player_c48220c312,player_b88b6fa8ed,1.0,0.3196096939495434,0.2894599876301622,1765.9466677120472,1897.2019373397338,1725.0,1881.0,0.2812431701012181,0.5,test,-6.716144290659983
3681,3UuUMvok,2025-09-18 19:40:16.737000+00:00,player_2e7c08a0b7,player_46a8611e3e,1.0,0.13268504522302957,0.11946643775259876,1266.7659536387293,1592.9078968506142,1272.0,1619.0,0.1158806436615864,0.5,test,-6.8515618020749525
3682,B4ylCdLq,2025-09-18 19:40:16.737000+00:00,player_fca3ee066f,player_0f2b14cf25,0.0,0.24177861898297098,0.2942186402879975,1417.8245788729137,1616.3758325894728,1494.0,1646.0,0.30265492141014677,0.5,test,-6.935256824988559
3683,CUDKlwVW,2025-09-18 19:40:16.737000+00:00,player_ea0bb659d0,player_b10b6ca0e2,1.0,0.42350442302256414,0.47986327796418354,1669.1517334859534,1722.7269451745472,1712.0,1726.0,0.49280491829094863,0.5,test,-6.783707390531428
3684,CnJMVh9n,2025-09-18 19:40:16.737000+00:00,player_8993b8270f,player_7b8d0ade12,0.0,0.22457874731152458,0.1437479399018495,1455.723376084633,1670.9909940496134,1410.0,1720.0,0.12129504878814854,0.5,test,-6.658664646883055
3685,Dtj3ZBMl,2025-09-18 19:40:16.737000+00:00,player_725357ef1d,player_e3357e2a45,1.0,0.5629847281035958,0.5629847281035958,1785.0,1741.0,1785.0,1741.0,0.5629847281035958,0.5,test,-6.658664646883055
3686,EX0Dtrga,2025-09-18 19:40:16.737000+00:00,player_206a863fb3,player_4d66dc48f8,1.0,0.2646174835939295,0.26524291068345335,1640.846711910181,1818.404617999195,1620.0,1797.0,0.2530870785710568,0.5,test,-6.703216358358771
3687,JsJYY8aR,2025-09-18 19:40:16.737000+00:00,player_26faf633c9,player_a34bfe0ed8,0.0,0.4149235896240352,0.3692697113837977,1906.5294553938118,1966.2272400941138,1859.0,1952.0,0.3338605754168779,0.5,test,-6.573459818236957
3688,KAjfpAyI,2025-09-18 19:40:16.737000+00:00,player_db06ce1c13,player_abbe762f0d,1.0,0.8902601484625606,0.8926766600061541,2045.6012090709896,1681.9401831650057,1943.0,1575.0,0.8915686668733666,0.5,test,-6.571991081583054
3689,LWAMs4nM,2025-09-18 19:40:16.737000+00:00,player_7daf8cb2ff,player_4d0a03a3f3,0.5,0.39812422805952985,0.4019862342306564,1991.5276877367553,2063.322989284379,1907.0,1976.0,0.3950870979920432,0.5,test,-6.573303294888936
3690,W3YRACC2,2025-09-18 19:40:16.737000+00:00,player_c2594467fb,player_86b23a224d,1.0,0.9085482949494504,0.7447304068650347,1539.1677719255679,1140.3052876467468,1557.0,1371.0,0.6800706757372215,0.5,test,-6.862954612633043
3691,icQAN8Al,2025-09-18 19:40:16.737000+00:00,player_be6f3b962a,player_fff04549b6,1.0,0.8694326861316234,0.8780900739425958,2084.279089127024,1754.9184916052025,2084.0,1741.0,0.8817393593419074,0.5,test,-6.848899025291051
3692,ivhEdzGe,2025-09-18 19:40:16.737000+00:00,player_07b647559a,player_0b1e14e955,0.0,0.7229959506572308,0.577092475825329,1285.7897218584853,1119.1298230056786,1311.0,1257.0,0.8038185194246843,0.5,test,-7.193890997805052
3693,jl7ARng5,2025-09-18 19:40:16.737000+00:00,player_e6eaacd950,player_e00ac6b07f,0.0,0.17029558438776315,0.1282074219668559,1413.255786607343,1688.3437922604019,1413.0,1746.0,0.10787608605677308,0.5,test,-7.121355469490814
3694,kZTDhaCM,2025-09-18 19:40:16.737000+00:00,player_f055c06ad8,player_085c0b189a,1.0,0.563754853819028,0.4441090388831469,1960.0904000566811,1915.5465255711674,1922.0,1961.0,0.39646368147382194,0.5,test,-7.473390531065772
3695,oF2pjBli,2025-09-18 19:40:16.737000+00:00,player_2b7c501ae4,player_d6a4bed269,0.0,0.28484749002364596,0.3063120835780346,1867.974748833336,2027.8892569399734,1888.0,2030.0,0.3038712295704002,0.5,test,-7.500351693474341
3696,oqhRbL5L,2025-09-18 19:40:16.737000+00:00,player_81ac4606ec,player_b40a8d9fd8,0.0,0.008661957653517181,0.012084255714317581,1117.4480216185218,1940.8903081041165,1170.0,1935.0,0.01301104836375208,0.5,test,-7.504748436509856
3697,uMIXrpUg,2025-09-18 19:40:16.737000+00:00,player_09854e9de7,player_d2ed955a08,0.0,0.891269084431858,0.8437822479242926,1938.711499876489,1573.2491809433316,1871.0,1578.0,0.8336624691834381,0.5,test,-7.079605559914954
3698,yu7UXGvy,2025-09-18 19:40:16.737000+00:00,player_3c0a2766bd,player_35c99037c3,1.0,0.6479415911439708,0.4512256641402582,1656.0921031493858,1550.1236486606308,1629.0,1663.0,0.4075337694156682,0.5,test,-7.543282316102021
3699,zsLiUUwl,2025-09-18 19:40:16.737000+00:00,player_1a8443ce42,player_a3cb35c7d1,1.0,0.7319359076417576,0.8774725143294195,2209.2648884561513,2034.7711244153234,2177.0,1835.0,0.9001568673004807,0.5,test,-7.33640622322658
3700,CCLAiLLx,2025-09-18 19:40:53.238000+00:00,player_925c48e1c4,player_9193b074e9,0.0,0.09243137345587481,0.11826064065809262,1468.016008836688,1864.8400360891053,1488.0,1837.0,0.12439633135900663,0.5,test,-7.3722618525431995
3701,CL1eWkzw,2025-09-18 19:40:53.238000+00:00,player_2ff421b778,player_30f0782407,1.0,0.663939157957671,0.6007782458900109,1945.9319593310172,1827.6478104949083,1940.0,1869.0,0.5629847281035958,0.5,test,-7.537199866393908
3702,COw8qXDk,2025-09-18 19:40:53.238000+00:00,player_2c3a5ed333,player_a71ab86adb,1.0,0.90509922667992,0.9011868291216677,1906.4594264592772,1514.6888494812642,1880.0,1496.0,0.8959410508417222,0.5,test,-7.5473698274844665
3703,Jp6kXXOF,2025-09-18 19:40:53.238000+00:00,player_1ed99a645f,player_80535e6838,0.0,0.9202321473978134,0.8604511617577122,2161.197045021293,1736.3692449825198,2135.0,1819.0,0.8414923669232418,0.5,test,-6.860687650807121
3704,MWEtPaeu,2025-09-18 19:40:53.238000+00:00,player_016d70e170,player_8251e714f6,1.0,0.9998260421922699,0.9998148943810132,2232.0,728.2077925611727,2232.0,739.0,0.9998433494362331,0.5,test,-6.860670340701724
3705,N8v4rXwB,2025-09-18 19:40:53.238000+00:00,player_9e20f9b28a,player_eecd96faf6,1.0,0.7280980254631814,0.7381090325404187,1817.1599639108947,1646.0489671651596,1845.0,1665.0,0.7403284195148304,0.5,test,-6.844012132296584
3706,NFXKQmOk,2025-09-18 19:40:53.238000+00:00,player_025a8fd90a,player_15b9e23f5c,1.0,0.5942943483452086,0.44553062597832394,1679.723277959954,1613.4070609427347,1590.0,1628.0,0.4047569603484281,0.5,test,-7.22810007578593
3707,QQjRRPKo,2025-09-18 19:40:53.238000+00:00,player_586c091e18,player_97228d58d3,0.0,0.2509169371224644,0.2509169371224644,1605.0,1795.0,1605.0,1795.0,0.2509169371224644,0.5,test,-7.22810007578593
3708,VUlJwNck,2025-09-18 19:40:53.238000+00:00,player_a3c8a4d9a6,player_f5a9fa68bd,0.0,0.8664903047380691,0.8109791581199478,2139.228946295074,1814.3285850614275,2102.0,1849.0,0.7879267680774021,0.5,test,-6.765342526053415
3709,YTCbrxRm,2025-09-18 19:40:53.238000+00:00,player_d539a5e529,player_3288d41c63,1.0,0.18986104488584668,0.12068284654599212,1562.7818342809348,1814.8312938208117,1470.0,1815.0,0.10299047362272698,0.5,test,-7.376998493093776
3710,mjnMWoaL,2025-09-18 19:40:53.238000+00:00,player_19e00af498,player_4385d4a442,1.0,0.6490702709605156,0.5686413918836677,1894.9415689072528,1788.112946207339,1825.0,1777.0,0.5784967523447427,0.5,test,-7.492106546990981
3711,rYETCSGH,2025-09-18 19:40:53.238000+00:00,player_f62f614b04,player_918f0c414b,0.0,0.6042538317159446,0.6212967231224545,1840.797079924224,1767.2760021450508,1810.0,1724.0,0.6240017586176672,0.5,test,-7.543295097338079
3712,roWIXQFW,2025-09-18 19:40:53.238000+00:00,player_9f6083310e,player_d63844d204,1.0,0.1778084543314315,0.19618148057531573,1366.4062379630484,1632.4144779846097,1413.0,1658.0,0.1998379440848642,0.5,test,-7.426495210439603
3713,vQfIYLL5,2025-09-18 19:40:53.238000+00:00,player_ac3dd9df8d,player_0e778d3f65,0.0,0.8187387021005227,0.8597585194581956,2249.203340591466,1987.2672466854992,2157.0,1842.0,0.8793171534540078,0.5,test,-7.833268833903772
3714,wOk8BEgt,2025-09-18 19:40:53.238000+00:00,player_bf51230720,player_76a12ceccb,0.0,0.7064371237437893,0.7347570893165466,1858.8078722791606,1706.2589204883702,1887.0,1710.0,0.7279715135441962,0.5,test,-7.909453888951312
3715,zoLMkeLZ,2025-09-18 19:40:53.238000+00:00,player_e73266ea26,player_13706293b3,1.0,0.9338879768291004,0.9464688789594631,1715.0057345912264,1255.0,1754.0,1255.0,0.9487547111474991,0.5,test,-7.893660086497866
3716,1PTTA6Ey,2025-09-18 19:41:31.096000+00:00,player_e130fe568b,player_a5f43760a2,1.0,0.6323764235681468,0.4985608882908471,1759.8369316186918,1665.6080058992418,1735.0,1736.0,0.4726840269935071,0.5,test,-8.184717764026367
3717,DRAm87g4,2025-09-18 19:41:31.096000+00:00,player_7e1d5365e3,player_032940e141,1.0,0.3611158859991489,0.22384542465816928,1641.0142294363084,1740.124427579836,1608.0,1824.0,0.1872623183634652,0.5,test,-8.841406278807153
3718,NqkARZi0,2025-09-18 19:41:31.096000+00:00,player_b9716b67a8,player_4151474c72,0.0,0.4112742326681878,0.3882294992189357,2172.61522028833,2234.9278377527407,2139.0,2218.0,0.384135895746244,0.5,test,-8.796340434551475
3719,PtIcXtRq,2025-09-18 19:41:31.096000+00:00,player_cfffc59502,player_b95ff8ed32,1.0,0.6068564212077429,0.577092475825329,2109.7669090002387,2034.3530030488803,2075.0,2021.0,0.5644004902404213,0.5,test,-8.868868570675758
3720,XCsnewHW,2025-09-18 19:41:31.096000+00:00,player_030fe27be7,player_4fb4dbb91a,0.0,0.1930070114606239,0.14445792510730254,1710.2087995814215,1958.727469701422,1706.0,2015.0,0.15024314815725381,0.5,test,-8.817233298698076
3721,fjWt4ftN,2025-09-18 19:41:31.096000+00:00,player_2ff21a918f,player_76190258fa,0.0,0.11954047859980628,0.07597710350276544,1673.6126954937276,2020.4904571190461,1587.0,2021.0,0.0650557537775339,0.5,test,-8.757190355487154
3722,hFx7zlcT,2025-09-18 19:41:31.096000+00:00,player_15e747c062,player_6fffeaa105,1.0,0.571426182594912,0.4061446147638222,1985.1088696606546,1935.1350695297056,1834.0,1900.0,0.3612622508882752,0.5,test,-9.215721514721105
3723,oZ342rrM,2025-09-18 19:41:31.096000+00:00,player_6739f356f1,player_49db744355,1.0,0.5664194747456027,0.2663662975861926,1854.2179984717866,1807.7906345590193,1787.0,1963.0,0.20825116249181558,0.5,test,-10.216311576663092
3724,2toreBZU,2025-09-18 19:41:31.097000+00:00,player_591a410960,player_063cef7e75,0.0,0.8711335842433189,0.7869632793894692,1797.2632346516677,1465.2852315497796,1759.0,1532.0,0.750163481828642,0.5,test,-9.554281131072258
3725,8T87RFyL,2025-09-18 19:41:31.097000+00:00,player_a20e19ed65,player_fa8e21976b,0.0,0.11416976572291214,0.11067748628905313,1343.655042307821,1699.5747979993803,1328.0,1690.0,0.10352349210181416,0.5,test,-9.542334365688765
3726,Lf9p6Kpg,2025-09-18 19:41:31.097000+00:00,player_57edb119c4,player_56487e0825,1.0,0.9584277883547951,0.9725887253726934,1723.067230984983,1177.9647240243708,1747.0,1127.0,0.9754966324496641,0.5,test,-9.524681879226991
3727,cE3fwZct,2025-09-18 19:41:31.097000+00:00,player_4bf70fe48d,player_7cc55356e9,1.0,0.34996261907334303,0.35333115767438533,1712.5496934909327,1820.1163629887922,1689.0,1794.0,0.3546475495606176,0.5,test,-9.511383747193115
3728,dbX3SFnI,2025-09-18 19:41:31.097000+00:00,player_fb6e3eaacd,player_6393a121b1,0.0,0.22319081431510282,0.18378310342439722,1142.0569932022233,1358.7122074787135,1136.0,1395.0,0.17282198303686044,0.5,test,-9.448558560969314
3729,gzDWdXUy,2025-09-18 19:41:31.097000+00:00,player_1f4011309e,player_016d70e170,0.0,0.008850363400610451,0.015079986829254289,1412.3398842406264,2232.011133299695,1506.0,2232.0,0.01688894723059881,0.5,test,-9.456701992378113
3730,jDttcNh0,2025-09-18 19:41:31.097000+00:00,player_2904e07c9a,player_b0ceac8edb,1.0,0.4483764526890395,0.4483764526890395,1547.0,1583.0,1547.0,1583.0,0.4483764526890395,0.5,test,-9.456701992378113
3731,uY8eH08k,2025-09-18 19:41:31.097000+00:00,player_5c1fd39a9c,player_da9790cff0,1.0,0.5839264273792654,0.5798997603578815,1597.0438503183923,1538.168650696366,1583.0,1527.0,0.5798997603578815,0.5,test,-9.463621725120179
3732,8bfgO5Bc,2025-09-18 19:42:08.381000+00:00,player_bd6b82cfcc,player_283773e174,0.0,0.004360734790902288,0.0036593827398698226,643.3371433985897,1586.7540797444954,644.0,1618.0,0.003535589148648061,0.5,test,-9.462793308708564
3733,8cc5DOvo,2025-09-18 19:42:08.381000+00:00,player_e6f9b441e6,player_41fb25d2fb,1.0,0.7798946342447516,0.8109791581199478,1785.9475251586102,1566.1854042005914,1713.0,1460.0,0.8230246289217321,0.5,test,-9.40896600895077
3734,CvRkPVK3,2025-09-18 19:42:08.381000+00:00,player_04331db04e,player_b68be402f1,1.0,0.9269531662396309,0.9501361462210238,1807.8932794765285,1366.5107210007566,1831.0,1319.0,0.9548224553181525,0.5,test,-9.379343638848926
3735,F2pNRHLe,2025-09-18 19:42:08.381000+00:00,player_3a5f3f5148,player_d1201a2601,1.0,0.8401494763847698,0.7680520031675839,2192.750081788946,1904.4930826507577,2032.0,1824.0,0.7425355589430698,0.5,test,-9.50285270256997
3736,FxpEASB4,2025-09-18 19:42:08.381000+00:00,player_a43116799c,player_cfde590949,0.0,0.17909538030008815,0.389597577905311,1546.375998692691,1810.8593251608218,1737.0,1815.0,0.46838170217189273,0.5,test,-9.937333882971716
3737,G1fAFZAr,2025-09-18 19:42:08.381000+00:00,player_8824ea67c7,player_599ee886a6,1.0,0.15228616272990175,0.11412305741415048,1715.4902214896429,2013.7257529526673,1708.0,2064.0,0.10732333999384593,0.5,test,-10.287249136499009
3738,GOmzjwPq,2025-09-18 19:42:08.381000+00:00,player_c343e7f336,player_fc42350db1,0.0,0.030425537186568298,0.014329523481175312,1804.784017299027,2406.121182702279,1718.0,2453.0,0.011612540099697578,0.5,test,-10.26803162684786
3739,M7v7XfML,2025-09-18 19:42:08.381000+00:00,player_9061e35b42,player_01436a2544,0.0,0.15396197255986316,0.15171893128728828,1456.0,1751.9905669469513,1456.0,1755.0,0.15097955721132328,0.5,test,-10.264512670447784
3740,MtmgU6gl,2025-09-18 19:42:08.381000+00:00,player_cb390f5ad7,player_673ef7a950,0.0,0.10065175364410135,0.1608246821473244,1501.0697896836054,1881.5124081665417,1599.0,1886.0,0.17865852826298803,0.5,test,-10.355244056011232
3741,N6fbZPkR,2025-09-18 19:42:08.381000+00:00,player_84577b4a79,player_3184b6bd32,1.0,0.201537496729727,0.1899048413952433,1468.3016022207964,1707.4610686340668,1445.0,1697.0,0.18551641249528777,0.5,test,-10.438076152877295
3742,OWIauvZa,2025-09-18 19:42:08.381000+00:00,player_ec9ab3f8cf,player_658a5de3ae,0.0,0.1399365581063231,0.1430408607355515,1454.5844186946788,1770.024138716474,1465.0,1776.0,0.13277910403245627,0.5,test,-10.4297885827492
3743,OuSbLjhY,2025-09-18 19:42:08.381000+00:00,player_3041c5745f,player_8109fadf3d,0.0,0.19533701626915173,0.18464818471669944,1732.975546283741,1978.9073357258244,1719.0,1977.0,0.18292116580002576,0.5,test,-10.414476536263566
3744,Qp95MkOL,2025-09-18 19:42:08.381000+00:00,player_d78bcee283,player_3e14395bcd,1.0,0.5827272347188168,0.6571186864870786,1612.350241255056,1554.332130816769,1628.0,1515.0,0.6924633925795177,0.5,test,-10.241940374191635
3745,X2dHCDQ3,2025-09-18 19:42:08.381000+00:00,player_3b38c16574,player_f226a787f8,0.0,0.1542996563025924,0.1430408607355515,1515.9225557913883,1811.4631751527804,1508.0,1819.0,0.16004930536524656,0.5,test,-10.248762274134315
3746,X8x5iI7s,2025-09-18 19:42:08.381000+00:00,player_db90f327bd,player_3b88d50752,0.0,0.1486184105302124,0.13211765423936409,1300.5497865418902,1603.7704435026867,1262.0,1589.0,0.12756539636424022,0.5,test,-10.224335005048502
3747,lLiMEpmX,2025-09-18 19:42:08.381000+00:00,player_6c4dd897f2,player_df147156b7,0.0,0.36615143005151407,0.40060320329074317,1890.5831163600722,1985.9130284268163,1855.0,1925.0,0.42010023964211857,0.5,test,-10.313289820660156
3748,lLozjI2v,2025-09-18 19:42:08.381000+00:00,player_7fd295e0b4,player_bf79f2e0ca,0.0,0.9462098930510747,0.9057053735432374,2230.0094330530487,1731.895402370572,2227.0,1834.0,0.8937746801781464,0.5,test,-9.632816888418336
3749,qwA8fuNe,2025-09-18 19:42:08.381000+00:00,player_3794ccac0e,player_be6cb720c5,0.5,0.8340326554280693,0.8263535539440318,1572.3973054289067,1291.9331415401546,1592.0,1321.0,0.8230246289217321,0.5,test,-9.607350340360108
3750,1m37lQId,2025-09-18 19:42:46.296000+00:00,player_a5275371e3,player_7296c8c2a7,0.0,0.35235743300498434,0.45979177167625435,1796.753965002379,1902.4947442353377,1865.0,1893.0,0.48992755307256153,0.5,test,-9.846136521956147
3751,4nKTlFFi,2025-09-18 19:42:46.296000+00:00,player_f86be67028,player_94a1d0af2b,0.0,0.247010847608067,0.2663662975861926,1325.0114602955057,1518.6405378272436,1380.0,1556.0,0.25636547799267223,0.5,test,-9.858637663521177
3752,71F8HihM,2025-09-18 19:42:46.296000+00:00,player_96762f0425,player_ac5b2e1faf,0.5,0.19509718953886468,0.3868631798468569,1579.4362892986774,1825.633261528563,1727.0,1807.0,0.43843206102635396,0.5,test,-9.633778539947176
3753,8ehJCSKx,2025-09-18 19:42:46.296000+00:00,player_9ff72376af,player_42934eb12d,1.0,0.6439493211864763,0.6453524504393825,1754.353238991739,1651.4172903377125,1800.0,1696.0,0.6492949471109635,0.5,test,-9.625511491717146
3754,9PyLH73N,2025-09-18 19:42:46.296000+00:00,player_8196d7f874,player_b36b2ebcf1,0.0,0.8098903784379546,0.8430219644140362,1911.791346058743,1660.0224891716823,1919.0,1627.0,0.8475387239958501,0.5,test,-9.846201717131766
3755,ExgkkbxX,2025-09-18 19:42:46.296000+00:00,player_bb0b4d71cc,player_39aa036cb7,1.0,0.9299187703292507,0.9663013437531566,1713.5636766062478,1264.4263564140222,1741.0,1158.0,0.9769654773084295,0.5,test,-9.796847639719827
3756,G8fxq6Zr,2025-09-18 19:42:46.296000+00:00,player_257b0330b9,player_c82858060a,1.0,0.6415224861952102,0.8136122105055869,1742.9531777124425,1641.853191846215,1756.0,1500.0,0.8475387239958501,0.5,test,-9.518355345445594
3757,J3wrSigY,2025-09-18 19:42:46.296000+00:00,player_0ab0ebacb4,player_fe238bcb8d,0.0,0.6531372524016237,0.7670249181450214,1919.6985377006454,1809.7598197053228,2023.0,1816.0,0.7888870682101548,0.5,test,-10.01489129503472
3758,JqBynJ5J,2025-09-18 19:42:46.296000+00:00,player_3b87eb035d,player_4ffe569776,1.0,0.6458652789576063,0.7175917231915314,1589.4992195774112,1485.1098480481103,1519.0,1357.0,0.7279715135441962,0.5,test,-9.89522031287911
3759,NPn2FFl3,2025-09-18 19:42:46.296000+00:00,player_934446d768,player_16ec20cd15,1.0,0.24888933240615546,0.19527530650074057,2091.4536628328483,2283.3327217357296,1925.0,2171.0,0.17950479271357694,0.5,test,-10.222026754453331
3760,Sygrh83Y,2025-09-18 19:42:46.296000+00:00,player_b6ad2d9586,player_2ece99a10a,1.0,0.9724830552312902,0.9863841089712181,2029.9973529175466,1410.684620643194,2145.0,1401.0,0.9887772710308899,0.5,test,-10.205410305845186
3761,TfmvmAWn,2025-09-18 19:42:46.296000+00:00,player_98688a5bf7,player_592792b68b,0.0,0.5013357809627457,0.4626526828335072,1974.8010035362843,1973.8728056461791,1989.0,2015.0,0.4569335079777882,0.5,test,-10.120111501834952
3762,TtIuuylU,2025-09-18 19:42:46.296000+00:00,player_3e7849ca33,player_3c53727464,1.0,0.4482110313637368,0.3572869311673796,1881.7516929244382,1917.8678819785664,1926.0,2028.0,0.32622381211167784,0.5,test,-10.437791989465248
3763,WFVKJTtw,2025-09-18 19:42:46.296000+00:00,player_ec3fd5d597,player_c48220c312,1.0,0.47478250936019245,0.5980137657693436,1791.9538597313453,1809.4916472992763,1802.0,1733.0,0.6240017586176672,0.5,test,-10.164495626948934
3764,WgWOhMhB,2025-09-18 19:42:46.296000+00:00,player_c115812a60,player_95f21b86f5,0.5,0.32939849022849893,0.2035453002882742,1499.3507466895314,1622.8479157161785,1388.0,1625.0,0.17865852826298803,0.5,test,-10.369009654165374
3765,WxC7EyIJ,2025-09-18 19:42:46.296000+00:00,player_1556d7324c,player_c95ae88f67,0.0,0.10199933280673375,0.07843767494302172,1779.6320006331273,2157.5037319745297,1661.0,2089.0,0.07241889492653986,0.5,test,-10.336600229962556
3766,Zy9u4zEi,2025-09-18 19:42:46.296000+00:00,player_f474021626,player_edef3753b4,0.0,0.5943323818577037,0.6307302886162022,1756.3436204229652,1690.0,1783.0,1690.0,0.6400649998028851,0.5,test,-10.4562109196008
3767,dKjJrUWe,2025-09-18 19:42:46.296000+00:00,player_d6e4fb2db5,player_5d179514af,0.0,0.07081651066589353,0.057451791076642215,1314.924341409749,1762.1111254940604,1283.0,1769.0,0.05152588759746676,0.5,test,-10.435662655844624
3768,eKzXSa8V,2025-09-18 19:42:46.296000+00:00,player_d1ab878e39,player_afe82545f4,0.0,0.07180974814248807,0.08580974069041739,1391.869377415654,1836.4508172066912,1378.0,1789.0,0.08763334779453696,0.5,test,-10.452857440187474
3769,hefKVLGm,2025-09-18 19:42:46.296000+00:00,player_21f2010af5,player_1e9d72a955,1.0,0.8959025986550909,0.9271934651024006,1896.7831807718028,1522.8548174704054,1973.0,1531.0,0.936673124689052,0.5,test,-10.408354772073494
3770,m5mzlQiG,2025-09-18 19:42:46.296000+00:00,player_5b34aa5dfc,player_1aaaee5c2a,0.0,0.6753710057192965,0.7117225243427553,1564.020453442699,1436.7584111391109,1615.0,1458.0,0.7210782431975601,0.5,test,-10.560106445350481
3771,nQoY3hKG,2025-09-18 19:42:46.296000+00:00,player_3356c9419b,player_2f62ca03af,1.0,0.885447524094289,0.8774725143294195,1522.024453716259,1166.761114697266,1535.0,1193.0,0.8730738822502696,0.5,test,-10.574179456932818
3772,yYQpuWe5,2025-09-18 19:42:46.296000+00:00,player_d360f2bc80,player_05b4376c0d,0.0,0.6831385129553712,0.7175917231915314,2171.4870051758994,2038.0312795813873,2082.0,1920.0,0.7358774441014764,0.5,test,-10.75623096361917
3773,0OjPwPdv,2025-09-18 19:43:25.664000+00:00,player_d0047f4ae9,player_09fe126b7a,1.0,0.7201634020298194,0.8001620559151359,1877.547049312483,1713.3364353797817,1903.0,1662.0,0.8100951586047567,0.5,test,-10.638557376619039
3774,2ihPjJ4N,2025-09-18 19:43:25.664000+00:00,player_c0c8a08a0d,player_333b727a80,0.0,0.6175878833443691,0.5798997603578815,1738.670854450773,1655.4040054558586,1768.0,1712.0,0.5658152030692333,0.5,test,-10.511586000256013
3775,4RUT0xk7,2025-09-18 19:43:25.664000+00:00,player_3430d7eb2d,player_8d1936f6be,1.0,0.36115173198545925,0.2641225558985236,1774.2141329526846,1873.2973408539233,1674.0,1852.0,0.2541767916495005,0.5,test,-10.86285412547427
3776,5Kj4pQtZ,2025-09-18 19:43:25.664000+00:00,player_2b4c4d80ed,player_97f46d52b9,1.0,0.8762164280587241,0.8954031473673285,1955.1327284161678,1615.1533761136302,1963.0,1590.0,0.9016982546021951,0.5,test,-10.834187315059989
3777,5eLLukYK,2025-09-18 19:43:25.664000+00:00,player_ca06dcd8b5,player_0008d08957,1.0,0.5600491287838274,0.5756869523764296,1710.4156353846886,1668.4868578146002,1697.0,1644.0,0.5827018849642301,0.5,test,-10.794536115889052
3778,A5R2MHAH,2025-09-18 19:43:25.664000+00:00,player_9c81360111,player_a4886874e6,1.0,0.9504269225612695,0.9181681752448481,2014.5914017171144,1501.5222618163773,2010.0,1590.0,0.904220144369614,0.5,test,-10.84437453842884
3779,D602K7u0,2025-09-18 19:43:25.664000+00:00,player_5f93c621f7,player_635e2ad905,1.0,0.5295502164788466,0.6622877974308888,1761.1166537901117,1740.5591030359694,1797.0,1680.0,0.6850596089933503,0.5,test,-10.586896681611764
3780,QTZFJH3j,2025-09-18 19:43:25.664000+00:00,player_86b23a224d,player_7c345e92a2,0.0,0.00808362219000774,0.030313179617691675,1134.4523785235117,1970.0,1368.0,1970.0,0.04275841114653605,0.5,test,-10.622479685243617
3781,Rw9whHS8,2025-09-18 19:43:25.664000+00:00,player_35b5b2fd17,player_81d360ffcc,1.0,0.521224554372195,0.46838170217189273,1560.1034870348465,1545.346288022497,1547.0,1569.0,0.45836229728523653,0.5,test,-10.751000727100138
3782,VF36V5TR,2025-09-18 19:43:25.664000+00:00,player_e9951c4d68,player_a516df6252,1.0,0.6007782458900109,0.6007782458900109,1884.0,1813.0,1884.0,1813.0,0.6007782458900109,0.5,test,-10.751000727100138
3783,VPhcArve,2025-09-18 19:43:25.664000+00:00,player_4304848789,player_f8aab17de5,1.0,0.8207642240092599,0.7381090325404187,2041.6125829772002,1777.2950960026894,2019.0,1839.0,0.7164236941029388,0.5,test,-10.886964870348194
3784,Ym74Raom,2025-09-18 19:43:25.664000+00:00,player_54801e8a74,player_6ad64e6481,0.0,0.3769503130689233,0.3882294992189357,1630.2069724625171,1717.5024019779166,1606.0,1685.0,0.384135895746244,0.5,test,-10.898564811041046
3785,ZOiF4h8E,2025-09-18 19:43:25.664000+00:00,player_57f89e6d2a,player_e29c1979bc,0.0,0.33488430805194824,0.2777654663508294,2000.9117912647232,2120.112749767697,1928.0,2094.0,0.30509028727049736,0.5,test,-10.854743882035523
3786,aItcvnZd,2025-09-18 19:43:25.664000+00:00,player_26a6cc3796,player_dad7fc297e,1.0,0.4455739217827393,0.4913661641789174,1662.0796567036427,1700.0492106614556,1729.0,1735.0,0.502878199574811,0.5,test,-10.73375905229454
3787,eKakVwoi,2025-09-18 19:43:25.664000+00:00,player_cee0c9e7a2,player_987e5d4a79,0.0,0.1273190333431929,0.12439633135900663,1818.4817238819342,2152.8665924408524,1763.0,2102.0,0.12628957905491864,0.5,test,-10.732580101900233
3788,gFon691b,2025-09-18 19:43:25.664000+00:00,player_701f922727,player_ca752b53a4,0.0,0.35459277371911185,0.3149403910066497,1242.0234138450544,1346.0649909785714,1278.0,1413.0,0.3063120835780346,0.5,test,-10.660439406834072
3789,hLbxIi3H,2025-09-18 19:43:25.664000+00:00,player_0f2b14cf25,player_c35e883c79,1.0,0.33630466004031095,0.41171002813683716,1631.8496642043829,1749.9440174501658,1649.0,1711.0,0.43843206102635396,0.5,test,-10.395252017416768
3790,iIxsmUeg,2025-09-18 19:43:25.664000+00:00,player_935717ae79,player_b6ef45444b,1.0,0.2287254043645588,0.22284689468527405,1592.7224135702888,1803.880262642022,1554.0,1771.0,0.21497326300182792,0.5,test,-10.457260531624419
3791,jO7xw0iz,2025-09-18 19:43:25.664000+00:00,player_710f886203,player_f3f0ff27f9,0.0,0.4049412078714374,0.39646368147382194,1699.1553282027253,1766.0224891716823,1712.0,1785.0,0.39233893587318014,0.5,test,-10.436303476379074
3792,keEgdPnl,2025-09-18 19:43:25.664000+00:00,player_df3f04be61,player_06cd8b8e81,0.0,0.5875372147509477,0.626699081666732,1965.7231336662066,1904.262889661549,1855.0,1765.0,0.6453524504393825,0.5,test,-10.587324982339968
3793,lJpStZxM,2025-09-18 19:43:25.664000+00:00,player_0cb0ac5f16,player_c8dd4feac5,1.0,0.9137988803455813,0.8467934030726807,2006.5493495522906,1596.4142636571767,1975.0,1678.0,0.821341471737012,0.5,test,-10.69399654148852
3794,oUcCW8HV,2025-09-18 19:43:25.664000+00:00,player_85f9dfd862,player_97dd8f24ec,0.0,0.527315973006493,0.527315973006493,1922.0,1903.0,1922.0,1903.0,0.527315973006493,0.5,test,-10.69399654148852
3795,xLLTMrdq,2025-09-18 19:43:25.664000+00:00,player_ceb09b75c0,player_76d8db066a,1.0,0.5651507578075062,0.5,2201.6580113056716,2156.1277726217813,2112.0,2112.0,0.48992755307256153,0.5,test,-10.836831535719263
3796,0ZsZuUVE,2025-09-18 19:44:04.090000+00:00,player_71b94f0a8c,player_d447ecaddd,0.0,0.469815319996098,0.469815319996098,1882.0,1903.0,1882.0,1903.0,0.469815319996098,0.5,test,-10.836831535719263
3797,0kCQVT3p,2025-09-18 19:44:04.090000+00:00,player_0c78212bc3,player_b21cbf6e60,1.0,0.9885814296725809,0.9817195269701807,2366.9544860828487,1591.9941992900622,2361.0,1669.0,0.9796497002785532,0.5,test,-10.845907492876059
3798,4ZBJposo,2025-09-18 19:44:04.090000+00:00,player_ae01e72a3a,player_eb53d968ce,0.0,0.2847472489508014,0.2847472489508014,1674.0,1834.0,1674.0,1834.0,0.2847472489508014,0.5,test,-10.845907492876059
3799,8Ox9BTjP,2025-09-18 19:44:04.090000+00:00,player_31b262b14f,player_46a8611e3e,0.5,0.15260294463716592,0.1158806436615864,1239.5901250839706,1537.3997397448882,1256.0,1609.0,0.10843133312663336,0.5,test,-10.991362103801832
3800,9CYxH2Z3,2025-09-18 19:44:04.090000+00:00,player_c5b91a311c,player_7a83a3320b,0.0,0.3228408254319385,0.33130504369266833,1610.8525005183144,1739.533427676998,1586.0,1708.0,0.3249597989597013,0.5,test,-10.994496220412868
3801,AsCQIwdv,2025-09-18 19:44:04.090000+00:00,player_2eac664faa,player_6fd62fa19c,0.0,0.32359888243248525,0.30144137358197703,1526.2591657812416,1654.3380871401607,1510.0,1656.0,0.293024705191459,0.5,test,-10.950286768072353
3802,EwxZJihE,2025-09-18 19:44:04.090000+00:00,player_d6a4bed269,player_7d30d24744,1.0,0.6797586221697894,0.8100951586047567,2046.1194963014868,1915.3685845754567,2033.0,1781.0,0.8437822479242926,0.5,test,-10.734130074610789
3803,G1NxsBS5,2025-09-18 19:44:04.090000+00:00,player_d9986f8eda,player_563ade11f6,1.0,0.43063378320055923,0.33130504369266833,1581.8810034620496,1630.3944425084233,1562.0,1684.0,0.31122643133128686,0.5,test,-11.058867390291176
3804,KAdQlymp,2025-09-18 19:44:04.090000+00:00,player_55f08ec155,player_1cd18ecef2,0.0,0.6501844117970154,0.6997694032620582,1819.471985455751,1711.7930275374829,1834.0,1687.0,0.7105400123698378,0.5,test,-11.24825643959499
3805,MmsTdG8m,2025-09-18 19:44:04.090000+00:00,player_1d9e1a3cc1,player_23cb130ca5,0.0,0.2616166129959593,0.24554595805781354,1682.609966369149,1862.8566056007492,1690.0,1885.0,0.24130537985314435,0.5,test,-11.221120272454677
3806,N6kCB7UW,2025-09-18 19:44:04.090000+00:00,player_55c792da1b,player_934446d768,1.0,0.41100563839975846,0.672509643334985,2077.0194025460296,2139.524745558854,2059.0,1934.0,0.7347570893165466,0.5,test,-10.640187251728062
3807,Pyl2rJkf,2025-09-18 19:44:04.090000+00:00,player_f227e4b9e0,player_43291a0190,0.0,0.14294761433221187,0.12377068106893543,1400.8108712368944,1711.9430537871933,1346.0,1686.0,0.11826064065809262,0.5,test,-10.611789793873285
3808,V3931cc2,2025-09-18 19:44:04.090000+00:00,player_45b023d364,player_d68b357b79,0.0,0.7335594273206608,0.8010809398289457,1701.9339777379025,1526.0,1768.0,1526.0,0.8144835875047122,0.5,test,-10.973797665593272
3809,XBuboo5i,2025-09-18 19:44:04.090000+00:00,player_75859a95e0,player_aaeeb9d45b,1.0,0.8896709543581938,0.9100379198115163,1797.9351160375872,1435.3192957909237,1811.0,1409.0,0.9141902593095826,0.5,test,-10.946610634792194
3810,ewbgLE26,2025-09-18 19:44:04.090000+00:00,player_b069a4b90e,player_2a6a51b248,1.0,0.33849896413633473,0.31992932426277854,1596.04621665259,1712.4354904882778,1609.0,1740.0,0.3161836858063414,0.5,test,-11.014808338077325
3811,lwOVtwCT,2025-09-18 19:44:04.090000+00:00,player_1c9f5b16a8,player_2fa193d031,1.0,0.8646398464946349,0.8541133619456244,1699.3772150244797,1377.2394519463944,1652.0,1345.0,0.8512207976249028,0.5,test,-11.030449844283526
3812,mS8eaoKL,2025-09-18 19:44:04.090000+00:00,player_16ec20cd15,player_05bddac032,1.0,0.6414973177153468,0.5430664920222119,2235.2616390097237,2134.1806648350525,2162.0,2132.0,0.5,0.5,test,-11.279646748638363
3813,rys0hIsT,2025-09-18 19:44:04.090000+00:00,player_2ff48ca1f2,player_f7db316c11,0.0,0.48785536897746096,0.4626526828335072,1443.933481263507,1452.3740954033942,1457.0,1483.0,0.45836229728523653,0.5,test,-11.22365648349826
3814,ydeg8oMe,2025-09-18 19:44:04.090000+00:00,player_a3a990c92f,player_c2594467fb,1.0,0.8817450791917366,0.9198816569709808,1894.0302102735277,1545.020681048803,1984.0,1560.0,0.92758110507346,0.5,test,-11.172979236387667
3815,1HoQLhA1,2025-09-18 19:44:39.386000+00:00,player_94d465076b,player_b3832d9015,0.0,0.18665363010540872,0.13748809600868891,1491.526223420975,1747.221860229684,1520.0,1839.0,0.11529218350883584,0.5,test,-11.088878854798576
3816,1yXf9gBu,2025-09-18 19:44:39.386000+00:00,player_d39c4ff769,player_8f396e4253,0.0,0.7666697358271907,0.6584145209169125,1905.249254962754,1698.594356106711,1883.0,1769.0,0.3612622508882752,0.5,test,-10.081839785681112
3817,CrmddQh7,2025-09-18 19:44:39.386000+00:00,player_032940e141,player_4c26ff6930,0.0,0.18302577721233693,0.2942186402879975,1699.2358442837815,1959.1142819324898,1815.0,1967.0,0.33642590195870453,0.5,test,-10.289806803920875
3818,Cuz8fQZV,2025-09-18 19:44:39.386000+00:00,player_d135fa7218,player_9061e35b42,0.0,0.5156144584515464,0.5057562084111449,1457.0,1446.1464337561688,1457.0,1453.0,0.5014391117091528,0.5,test,-10.26096224203471
3819,DOiZLKpB,2025-09-18 19:44:39.386000+00:00,player_11f890c0d7,player_b078c0ad01,0.0,0.19714463802239876,0.18814000166621347,1632.4597668890904,1876.4007039555397,1630.0,1884.0,0.19347247718289215,0.5,test,-10.256398794458693
3820,ElvGDtor,2025-09-18 19:44:39.386000+00:00,player_2e7c08a0b7,player_402defafe6,1.0,0.1006445159197685,0.048784185889897975,1322.2741107444554,1702.7306195064232,1282.0,1798.0,0.03828650388225474,0.5,test,-11.22289600338777
3821,Ht10PVVo,2025-09-18 19:44:39.386000+00:00,player_44e465dc84,player_eb7a60a326,0.0,0.2021642720563953,0.13277910403245627,1821.494911003959,2059.9785406975825,1740.0,2066.0,0.11124535438232165,0.5,test,-11.11497751669891
3822,LkzWUcjk,2025-09-18 19:44:39.386000+00:00,player_54e43be2e2,player_bad6861afe,0.0,0.041868123769983896,0.032051778027871104,1493.3236912397306,2037.1404071037168,1434.0,2026.0,0.030313179617691675,0.5,test,-11.102989789276075
3823,LlA1GYjW,2025-09-18 19:44:39.386000+00:00,player_343e0b1ee2,player_e384688a60,0.0,0.6049716751704073,0.667418421873223,1768.4344338805001,1694.3917121462196,1796.0,1675.0,0.6875382482123418,0.5,test,-11.337465192629447
3824,Ph0hyNWq,2025-09-18 19:44:39.386000+00:00,player_b5aedd91fe,player_c7ef0e5560,0.0,0.8639112894063571,0.8691968654550538,2282.254590639712,1961.1957706222354,2281.0,1952.0,0.8705002577432696,0.5,test,-11.387093258655593
3825,QhyscwbB,2025-09-18 19:44:39.386000+00:00,player_f8ce709da6,player_8c73f75e20,0.0,0.4547167522203768,0.44268836623770724,1785.4431650911122,1816.9956455433976,1754.0,1794.0,0.4398498547680971,0.5,test,-11.360193774729433
3826,SJUwNiO2,2025-09-18 19:44:39.386000+00:00,player_28f12ab761,player_5e17056630,0.0,0.30613719283086316,0.4640840730548977,1477.6096662241168,1619.7526715269141,1581.0,1606.0,0.4985608882908471,0.5,test,-11.68498584381356
3827,VIxIKh4P,2025-09-18 19:44:39.386000+00:00,player_f14a11f9f0,player_4109a84459,1.0,0.7697240526107023,0.8548291775317596,2034.6557333824737,1825.0211413710967,2081.0,1773.0,0.8698499490743091,0.5,test,-11.562697196752216
3828,fTLcgg30,2025-09-18 19:44:39.386000+00:00,player_a0efc8f05c,player_d3ab849fc2,0.0,0.5739869323433092,0.6076610641268197,1429.1541147535197,1377.3624810865117,1446.0,1370.0,0.6466688423256146,0.5,test,-11.749761476907837
3829,m7s1jfDm,2025-09-18 19:44:39.386000+00:00,player_01436a2544,player_1c762c8a8b,0.0,0.9713191576089284,0.9754966324496641,1761.8441331907825,1149.9361125515306,1757.0,1117.0,0.9763087922871821,0.5,test,-11.940886867553033
3830,njEozf15,2025-09-18 19:44:39.386000+00:00,player_b0bebdfa76,player_17d7f84176,0.0,0.2426574584439805,0.27431435372821295,1748.8676991640452,1946.5871824475585,1752.0,1921.0,0.28240827680846853,0.5,test,-11.994801740732754
3831,uJ122Y64,2025-09-18 19:44:39.386000+00:00,player_5b05dc7448,player_777c270dae,0.0,0.5159120857598629,0.5186997779295586,1691.060584646583,1680.0,1693.0,1680.0,0.5201367220358165,0.5,test,-12.003567046193284
3832,uXC1PPvk,2025-09-18 19:44:39.386000+00:00,player_93f647bc64,player_5658e0bf0b,0.0,0.7256427956181827,0.7955199003127421,1602.6966223017887,1433.7340147233288,1657.0,1421.0,0.8038185194246843,0.5,test,-12.338957817041774
3833,wTUnOk6R,2025-09-18 19:44:39.386000+00:00,player_c4e2ba07e4,player_b99e1146b7,0.0,0.2815721844820354,0.2847472489508014,1807.9150591806251,1970.6324145714843,1757.0,1917.0,0.29541540733727906,0.5,test,-12.358414653103372
3834,xlRgAnfq,2025-09-18 19:44:39.386000+00:00,player_a235f79571,player_aeacea3497,0.0,0.17992044700222887,0.23607530085516135,1719.286378793779,1982.7965637456346,1680.0,1884.0,0.25636547799267223,0.5,test,-12.456266324229786
3835,8lumhSBQ,2025-09-18 19:45:16.695000+00:00,player_e558f7f0c0,player_7f5ab1205b,0.0,0.4306080458438753,0.33258157812677697,1981.1094706102094,2029.641144902083,1823.0,1944.0,0.28357630589706123,0.5,test,-12.226563625099063
3836,Bhckg6SI,2025-09-18 19:45:16.695000+00:00,player_b3dd53c1c0,player_40215e01eb,1.0,0.8780900739425958,0.8780900739425958,1798.0,1455.0,1798.0,1455.0,0.8780900739425958,0.5,test,-12.226563625099063
3837,HRd4ivFb,2025-09-18 19:45:16.695000+00:00,player_c2fc886ecf,player_2ffe222f07,1.0,0.9804432078191583,0.9757703240518194,2122.0,1441.9500714229584,2122.0,1480.0,0.9746573536119648,0.5,test,-12.232482370366638
3838,J2xtkymk,2025-09-18 19:45:16.695000+00:00,player_85b73e0103,player_37bee017ff,1.0,0.3818317235319632,0.3063120835780346,2102.7997310127002,2186.493613447865,2001.0,2143.0,0.29541540733727906,0.5,test,-12.48907984132705
3839,KitASXid,2025-09-18 19:45:16.695000+00:00,player_a44891f56d,player_fc4855a868,0.0,0.30020863222038696,0.3211830802052434,1560.9360606634727,1707.9542227250217,1598.0,1728.0,0.3249597989597013,0.5,test,-12.52508983972097
3840,Kjeecl7o,2025-09-18 19:45:16.695000+00:00,player_6fd62fa19c,player_a83015db7a,0.0,0.6956542826959025,0.6900062072803139,1675.0484156158398,1531.437908286052,1663.0,1524.0,0.691236152414763,0.5,test,-12.510677385532366
3841,NVvNdTtH,2025-09-18 19:45:16.695000+00:00,player_61f07bf7fd,player_4fb35a570a,1.0,0.9292241596567453,0.9114417700030158,2272.6145969674703,1825.3204136586294,2231.0,1826.0,0.9052126040268039,0.5,test,-12.536857548895409
3842,O9O7hHUH,2025-09-18 19:45:16.695000+00:00,player_f226a787f8,player_23195b6a66,0.0,0.42614822374610384,0.3937121762145718,1821.3383531561462,1873.0339722302044,1821.0,1896.0,0.373300918333268,0.5,test,-12.44876219046309
3843,WZvY0U6p,2025-09-18 19:45:16.695000+00:00,player_d3ab849fc2,player_912f690b63,0.0,0.08528935299604795,0.07557395857407452,1414.0976447564835,1826.253210486016,1377.0,1812.0,0.06401322566678598,0.5,test,-12.425768626552033
3844,Zw8Fg64k,2025-09-18 19:45:16.695000+00:00,player_f89dc9fdd9,player_95ff970eac,0.0,0.9271582216494567,0.9076535681936819,1716.9403480943133,1275.0310225986302,1695.0,1298.0,0.9271934651024006,0.5,test,-12.42625257934003
3845,aUUR8iVW,2025-09-18 19:45:16.695000+00:00,player_a0efc8f05c,player_366327a96d,1.0,0.2207876009100708,0.2720284864558038,1392.4189510835479,1611.4914207353172,1439.0,1610.0,0.2789217568024399,0.5,test,-12.19252243594565
3846,ec6y5sOP,2025-09-18 19:45:16.695000+00:00,player_1c7fb91567,player_3b38c16574,0.0,0.8872791876841996,0.8597585194581956,1864.4698517291224,1506.0473777880225,1818.0,1503.0,0.8187932901343153,0.5,test,-11.717798086915202
3847,jNBF8lTk,2025-09-18 19:45:16.695000+00:00,player_ce59f0ca7a,player_07b647559a,1.0,0.9051362921477925,0.8625119039913111,1631.3635342549806,1239.5179810164225,1623.0,1304.0,0.8658895824550439,0.5,test,-11.762126220840067
3848,jebarvJF,2025-09-18 19:45:16.695000+00:00,player_b6f8562add,player_bbe1117cf1,1.0,0.7129883945642097,0.6875382482123418,1942.9384770365148,1784.8652758955277,1942.0,1805.0,0.6813218351663937,0.5,test,-11.80755657767914
3849,mU41r86T,2025-09-18 19:45:16.695000+00:00,player_8d4df04e81,player_283773e174,1.0,0.9499776348811626,0.9406490568972323,2098.452830391721,1587.0331667711132,2098.0,1618.0,0.9383590868211533,0.5,test,-11.81986232224663
3850,mvXfcDP3,2025-09-18 19:45:16.695000+00:00,player_11bf4ccb6b,player_5bbabe52ed,0.0,0.09678056939309457,0.1899048413952433,1548.8426322203386,1936.8446717972747,1673.0,1925.0,0.2248471343503159,0.5,test,-11.97276759202048
3851,sX3JFYjH,2025-09-18 19:45:16.695000+00:00,player_84e2d11da4,player_4543ddf7ea,1.0,0.5227359014115439,0.4512256641402582,1881.4012145062645,1865.5917897504135,1836.0,1870.0,0.42571979634547563,0.5,test,-12.178062585129398
3852,2B4biHf0,2025-09-18 19:45:56.418000+00:00,player_cc32fbb2f4,player_d63844d204,1.0,0.7532138892915724,0.6479830132503057,1773.633261528563,1579.7942190618212,1755.0,1649.0,0.6212967231224545,0.5,test,-12.370603039290623
3853,5y3ElkuS,2025-09-18 19:45:56.418000+00:00,player_7e9ee1a068,player_62c51f94b1,0.0,0.22419670706283404,0.2340053292335112,1417.7177828151307,1633.366738471437,1447.0,1653.0,0.23503873644731077,0.5,test,-12.384676842191514
3854,AzFMhXVH,2025-09-18 19:45:56.418000+00:00,player_a7ac2ec840,player_d5f04bdeec,1.0,0.6722777421277959,0.7888870682101548,1884.204746673127,1759.3876288742847,1821.0,1592.0,0.8312539156520465,0.5,test,-12.17241310154693
3855,DGT590kz,2025-09-18 19:45:56.418000+00:00,player_d7aa45b051,player_c82858060a,1.0,0.8958569932078099,0.9279668414961574,1992.7540613011022,1618.9106309627084,1950.0,1506.0,0.9403268663710864,0.5,test,-12.123966350986716
3856,G96RG9II,2025-09-18 19:45:56.418000+00:00,player_3b08c471ec,player_ce8d5fbce1,0.0,0.003914210491731309,0.0030631456744644823,854.8775704693106,1817.13859753154,807.0,1812.0,0.0028922915828775617,0.5,test,-12.122940942265025
3857,JwS1cEiV,2025-09-18 19:45:56.418000+00:00,player_adebea36c3,player_44e0f1f4a3,0.0,0.13182806235292202,0.1282074219668559,1313.363292671489,1640.8024427012651,1279.0,1612.0,0.12692611774973042,0.5,test,-12.117310539599233
3858,PevcCcur,2025-09-18 19:45:56.418000+00:00,player_2c115abdde,player_a3cb35c7d1,1.0,0.8429725195890811,0.941605874447001,2309.5501244444713,2017.615022504396,2316.0,1833.0,0.9545734903221555,0.5,test,-11.992980264987917
3859,XnJjSqp7,2025-09-18 19:45:56.418000+00:00,player_8d1936f6be,player_44e465dc84,1.0,0.5342757641103947,0.6466688423256146,1832.4110517009926,1808.5563975923496,1843.0,1738.0,0.6875382482123418,0.5,test,-11.740774921088342
3860,aQ7SCm9R,2025-09-18 19:45:56.418000+00:00,player_f7ec6e6f48,player_2974fd4830,1.0,0.5352910970971464,0.6519120398746636,1982.3958405243525,1957.8322295147655,2011.0,1902.0,0.676301669492737,0.5,test,-11.506946393589455
3861,cF7aY9vJ,2025-09-18 19:45:56.418000+00:00,player_32458791f8,player_49fe3c4cd4,1.0,0.9275216821304447,0.9256237164516561,1928.0,1485.1536138819113,1928.0,1490.0,0.9248272212397116,0.5,test,-11.509855632541415
3862,gLW3HNM9,2025-09-18 19:45:56.418000+00:00,player_0b1e14e955,player_468c46e5dc,0.0,0.014878791548409544,0.038075109632224866,1165.4015638477415,1893.770367704232,1300.0,1861.0,0.010245367547181281,0.5,test,-11.505163254006039
3863,gvPrtTCk,2025-09-18 19:45:56.418000+00:00,player_eb7a60a326,player_b99e1146b7,1.0,0.6189426403407993,0.6997694032620582,2072.9170541091917,1988.6530343783345,2068.0,1921.0,0.7233878694391705,0.5,test,-11.34923030679555
3864,hV4ZYHpq,2025-09-18 19:45:56.418000+00:00,player_076a4e5b74,player_39aa036cb7,1.0,0.9610176363676061,0.9822289644092016,1816.6864335108778,1259.9411577150943,1854.0,1157.0,0.9854245035095257,0.5,test,-11.324150551334915
3865,nUDxoQBF,2025-09-18 19:45:56.418000+00:00,player_d1b2e47a87,player_0d374b7141,1.0,0.4671513776651449,0.34158547908308745,1557.7428005790355,1580.6012859012865,1433.0,1547.0,0.2674927102443324,0.5,test,-11.88171159111304
3866,oIUgaN4O,2025-09-18 19:45:56.418000+00:00,player_3430d7eb2d,player_fe15c1f5ed,1.0,0.412865416187851,0.32243941991489944,1815.1004221056153,1876.2720847758037,1682.0,1811.0,0.29902260138989206,0.5,test,-12.204314101706089
3867,rRwICOP0,2025-09-18 19:45:56.418000+00:00,player_025ca2fadc,player_bb0b4d71cc,1.0,0.3930260491839175,0.3161836858063414,1642.5493883603765,1718.0488753051757,1608.0,1742.0,0.25526959313496533,0.5,test,-12.635869779622698
3868,wqOcxGzn,2025-09-18 19:45:56.418000+00:00,player_80d88cf3a0,player_257b0330b9,0.0,0.2539123163400555,0.27661213056082945,1578.6532972486896,1765.895738595949,1591.0,1758.0,0.2630052394593107,0.5,test,-12.648132128344836
3869,x8p6xodX,2025-09-18 19:45:56.418000+00:00,player_7ac78dcfca,player_bd9a49b1b8,0.0,0.2405714185563983,0.22085937918053045,2126.661801166544,2326.35896473219,1994.0,2213.0,0.21303672061053083,0.5,test,-12.612516823952856
3870,y3fEcWpi,2025-09-18 19:45:56.418000+00:00,player_5dc4bce2c1,player_1a8443ce42,0.0,0.260653532101629,0.2179019838686814,2045.3072351494436,2226.420990367079,1957.0,2179.0,0.19079200251416192,0.5,test,-12.522227480009105
3871,33tgcft4,2025-09-18 19:46:36.905000+00:00,player_c343e7f336,player_0c78212bc3,0.0,0.03727197326530013,0.024093950303532195,1802.8367829190865,2367.6852745838037,1718.0,2361.0,0.02081445264195132,0.5,test,-12.505277276998664
3872,5NPvtYNX,2025-09-18 19:46:36.905000+00:00,player_b68be402f1,player_c5442337a4,1.0,0.07200534734556886,0.08313877240427012,1361.835723640093,1805.90801323754,1318.0,1735.0,0.08491088893958132,0.5,test,-12.340415320791168
3873,7hjL1fnC,2025-09-18 19:46:36.905000+00:00,player_4fb4dbb91a,player_f055c06ad8,1.0,0.4756547916963529,0.6253513933075368,1971.0799184349019,1988.0100894122634,2017.0,1928.0,0.667418421873223,0.5,test,-12.001690516005743
3874,7rd6SiS2,2025-09-18 19:46:36.905000+00:00,player_4d48e33bce,player_5a20a1e4e3,0.0,0.3176591771941515,0.3124617517876582,1549.8663635947123,1682.6823428749108,1531.0,1668.0,0.3136997423166875,0.5,test,-11.995904563823224
3875,8ix00uQ6,2025-09-18 19:46:36.905000+00:00,player_b7120baa1d,player_f931cf221d,0.0,0.14338753142617172,0.16874608434795343,1368.4280411887519,1678.9372426293703,1363.0,1640.0,0.1761384714944276,0.5,test,-12.034887716929049
3876,9PRqCI9G,2025-09-18 19:46:36.905000+00:00,player_3288d41c63,player_6739f356f1,1.0,0.33516158059078444,0.5143871841659987,1762.982400693506,1881.967152088068,1805.0,1795.0,0.5629847281035958,0.5,test,-11.51624796074642
3877,9T7MnXxu,2025-09-18 19:46:36.905000+00:00,player_a34bfe0ed8,player_e6f9b441e6,1.0,0.7520446759188945,0.8010809398289457,1992.782349830052,1800.0342685669461,1957.0,1715.0,0.8179376310581157,0.5,test,-11.432257604352527
3878,AvtuezY1,2025-09-18 19:46:36.905000+00:00,player_b21cbf6e60,player_4bca831314,1.0,0.23332635126448983,0.30999379271968613,1591.2634107891074,1797.9221095009477,1669.0,1808.0,0.32749035666501497,0.5,test,-11.093237117783808
3879,EAfg96Mc,2025-09-18 19:46:36.905000+00:00,player_f9c52ce45a,player_7c9c160dc6,1.0,0.23960181307433634,0.2618909674595814,1175.9556574389771,1376.5760464886935,1189.0,1369.0,0.22384542465816928,0.5,test,-11.161259805926816
3880,G52iRYoA,2025-09-18 19:46:36.905000+00:00,player_030fe27be7,player_f62f614b04,1.0,0.35429390242245745,0.3612622508882752,1697.8563508479417,1802.1248346944035,1704.0,1803.0,0.3937121762145718,0.5,test,-11.055766482321442
3881,HwLtwBwN,2025-09-18 19:46:36.905000+00:00,player_21dce45a29,player_81ac4606ec,1.0,0.9745299766318329,0.9657344487151751,1750.0,1116.8936563286968,1750.0,1170.0,0.9633735588239531,0.5,test,-11.067280513703011
3882,Jqjpqgxa,2025-09-18 19:46:36.905000+00:00,player_d8064a3fec,player_085c0b189a,1.0,0.5761291387706681,0.469815319996098,1940.941347716149,1887.6268362155852,1933.0,1954.0,0.43135860811633236,0.5,test,-11.356672566979235
3883,PbPWSvmS,2025-09-18 19:46:36.905000+00:00,player_918f0c414b,player_d539a5e529,1.0,0.7505058866883325,0.809207997485838,1805.9482473748712,1614.6307274082405,1731.0,1480.0,0.8296328234313434,0.5,test,-11.25643684020754
3884,ScIuDst4,2025-09-18 19:46:36.905000+00:00,player_b40a8d9fd8,player_cb390f5ad7,1.0,0.929043139655928,0.8749753069983639,1941.4446733939415,1494.628077450383,1935.0,1597.0,0.8583646041738978,0.5,test,-11.33556305878857
3885,WlYVrfBU,2025-09-18 19:46:36.905000+00:00,player_9061e35b42,player_b069a4b90e,0.0,0.2856431923849403,0.2894599876301622,1479.1457590970679,1638.3822829478645,1461.0,1617.0,0.2894599876301622,0.5,test,-11.340920365114782
3886,WlyiBYQm,2025-09-18 19:46:36.905000+00:00,player_fc42350db1,player_7daf8cb2ff,1.0,0.9137469900427553,0.9584042709678974,2408.068417082219,1998.0477371409454,2453.0,1908.0,0.9659244284031272,0.5,test,-11.285388482416954
3887,Z3uB5PIG,2025-09-18 19:46:36.905000+00:00,player_777c270dae,player_3dedf8fe4b,1.0,0.42917682172734595,0.42994717641601177,1713.0183734886311,1762.5645095117222,1686.0,1735.0,0.42994717641601177,0.5,test,-11.28359513268678
3888,hA1LPfRB,2025-09-18 19:46:36.905000+00:00,player_d030fe4bc1,player_5b05dc7448,1.0,0.06717312052863783,0.057451791076642215,1201.0,1658.042211157952,1201.0,1687.0,0.05530827471561296,0.5,test,-11.477945777536243
3889,inmTDx29,2025-09-18 19:46:36.905000+00:00,player_04331db04e,player_2c3a5ed333,1.0,0.3599816843807884,0.4285368825916186,1812.5682768371921,1912.5330759517624,1832.0,1882.0,0.4469531048305375,0.5,test,-11.261545252755718
3890,pQ6Dq0m2,2025-09-18 19:46:36.905000+00:00,player_47d110307f,player_98de8bc8b2,1.0,0.9963512301984103,0.9972056247922494,1808.5063985914283,834.0,1855.0,834.0,0.9973615272600955,0.5,test,-11.260531769600352
3891,q8vdYOCh,2025-09-18 19:46:36.905000+00:00,player_a71ab86adb,player_9ff72376af,0.0,0.1757001107931237,0.14445792510730254,1508.615199988779,1777.1404824358046,1495.0,1804.0,0.1430408607355515,0.5,test,-11.221675937854286
3892,qBJZPdp5,2025-09-18 19:46:36.905000+00:00,player_673ef7a950,player_e6eaacd950,1.0,0.9424225357075652,0.940003038370024,1887.9541203997642,1402.3568692065262,1888.0,1410.0,0.9406490568972323,0.5,test,-11.223559540518837
3893,vrJyVcO0,2025-09-18 19:46:36.905000+00:00,player_a5f43760a2,player_8ed1a7354e,0.0,0.5061615722743036,0.6661394245831221,1642.0800970076032,1637.7983813168069,1730.0,1610.0,0.7057813597120025,0.5,test,-11.741444769427892
3894,vxhJ6Pur,2025-09-18 19:46:36.905000+00:00,player_7f5cbf43bb,player_6e7ce99497,1.0,0.7192750209149783,0.7245382428425361,1948.3883867910154,1784.9428187219876,1882.0,1714.0,0.726830072276731,0.5,test,-11.730995846821143
3895,5QZ8amNu,2025-09-18 19:47:15.393000+00:00,player_05b4376c0d,player_ceb09b75c0,0.0,0.29934097767127477,0.2520004588039456,2081.752144410531,2229.488362805991,1929.0,2118.0,0.2402530733520421,0.5,test,-11.650031812864412
3896,3ZBwT80L,2025-09-18 19:47:15.394000+00:00,player_43291a0190,player_53ca97c072,1.0,0.37594848198416886,0.38141587791096926,1721.0917011044548,1809.1285444634134,1687.0,1771.0,0.38277496909505365,0.5,test,-11.63203666241525
3897,8rqbhDJn,2025-09-18 19:47:15.394000+00:00,player_4a983ef4e0,player_c500c8643c,1.0,0.7384682965787743,0.7199190059471519,1721.652574311232,1541.3295692194158,1763.0,1599.0,0.704584592662721,0.5,test,-11.679006435102606
3898,9yFgD7kw,2025-09-18 19:47:15.394000+00:00,player_7ad302e497,player_6f0bcd236d,0.0,0.04824932011905847,0.04851775409661937,1718.987200943057,2237.0,1720.0,2237.0,0.04851775409661937,0.5,test,-11.679288517212163
3899,FKHwC32f,2025-09-18 19:47:15.394000+00:00,player_ac62c002a3,player_819e24ef50,0.0,0.17597379514168132,0.15097955721132328,1395.6694140184309,1663.866623042577,1322.0,1622.0,0.14660537788811823,0.5,test,-11.644268779614757
3900,Kmgkayx1,2025-09-18 19:47:15.394000+00:00,player_7b8d0ade12,player_e130fe568b,1.0,0.36259055008972507,0.469815319996098,1685.364033877551,1783.3648405103304,1722.0,1743.0,0.515824985264735,0.5,test,-11.291775483962398
3901,OtBdMELx,2025-09-18 19:47:15.394000+00:00,player_33aea58130,player_51bdfa5afb,0.0,0.02382472002068729,0.02382472002068729,1188.0,1833.0,1188.0,1833.0,0.02382472002068729,0.5,test,-11.291775483962398
3902,TjxVRATD,2025-09-18 19:47:15.394000+00:00,player_496da5eb68,player_d9986f8eda,1.0,0.9281805096567409,0.9506787811338805,2062.8764916490454,1618.3204413372139,2084.0,1570.0,0.9550701200574039,0.5,test,-11.263216950620192
3903,dITAiNAE,2025-09-18 19:47:15.394000+00:00,player_35c99037c3,player_563ade11f6,0.0,0.4056405910277772,0.4726840269935071,1527.591910493845,1593.955004633259,1657.0,1676.0,0.4913661641789174,0.5,test,-11.4189727744677
3904,ecoaFC30,2025-09-18 19:47:15.394000+00:00,player_76d8db066a,player_4d0a03a3f3,1.0,0.6014607559506451,0.6800706757372215,2128.297421121462,2056.802939880189,2106.0,1975.0,0.6961287704295998,0.5,test,-11.272799405907834
3905,itnHp0KX,2025-09-18 19:47:15.394000+00:00,player_f5748e2ba0,player_016d70e170,0.0,0.06661513083484558,0.06470650095392179,1773.9824080851881,2232.577556557334,1768.0,2232.0,0.06435899403178226,0.5,test,-11.27038516656646
3906,nNIv7WxQ,2025-09-18 19:47:15.394000+00:00,player_4151474c72,player_d360f2bc80,1.0,0.6831728065012979,0.700977398610108,2261.249388643505,2127.7661403467555,2222.0,2074.0,0.6973450785898532,0.5,test,-11.24985262564129
3907,o55XpAJ4,2025-09-18 19:47:15.394000+00:00,player_32e131d901,player_1f4011309e,1.0,0.8681682461171936,0.8490204427886767,1739.2070078669904,1411.7734609829872,1806.0,1506.0,0.8452938106179996,0.5,test,-11.276553881655694
3908,pe1sSHW7,2025-09-18 19:47:15.394000+00:00,player_eca0930949,player_3e22e2375b,0.0,0.8775830912349725,0.8811377835536983,1396.4083665757519,1054.2296312623002,1407.0,1059.0,0.8811377835536983,0.5,test,-11.306021408396006
3909,qHTaHaxz,2025-09-18 19:47:15.394000+00:00,player_3c0a2766bd,player_725002b39f,0.0,0.734534545181527,0.6021580931747169,1678.6238413161716,1501.8221567559956,1636.0,1564.0,0.5658152030692333,0.5,test,-10.814035884081193
3910,sb1x0fs1,2025-09-18 19:47:15.394000+00:00,player_b6ef45444b,player_8993b8270f,1.0,0.8584823830551896,0.8829346041256821,1754.5186885213539,1441.3503362566953,1759.0,1408.0,0.8904506387229247,0.5,test,-10.777474373371579
3911,uiph55N0,2025-09-18 19:47:15.394000+00:00,player_e00ac6b07f,player_52d2d21a8e,1.0,0.3270776561798233,0.42150324765525726,1699.2427096612187,1824.568338446657,1748.0,1803.0,0.46122190794282847,0.5,test,-10.433792707435991
3912,5y5nPjDP,2025-09-18 19:47:54.964000+00:00,player_c59a1d1098,player_f227e4b9e0,1.0,0.9075293965834104,0.9123666522054631,1788.4050278899026,1391.6622239196329,1751.0,1344.0,0.9146407579005127,0.5,test,-10.425987292113774
3913,9PBX04v2,2025-09-18 19:47:54.964000+00:00,player_4c26ff6930,player_935717ae79,1.0,0.869029192387739,0.9123666522054631,1970.8279316740793,1642.083987690957,1970.0,1563.0,0.9215623250569782,0.5,test,-10.367293600719808
3914,UbdnC8KZ,2025-09-18 19:47:54.964000+00:00,player_39b330901c,player_918f0c414b,1.0,0.7860366489696314,0.8083176725494586,2047.9572323989973,1821.9158706268179,1983.0,1733.0,0.8074241816712792,0.5,test,-10.340447861228355
3915,cxuPAQsu,2025-09-18 19:47:54.964000+00:00,player_d539a5e529,player_17d7f84176,0.0,0.10985624723240796,0.0708872941587333,1598.663104156294,1962.1172597879731,1478.0,1925.0,0.060649558509397815,0.5,test,-10.286642214166134
3916,euLxt0Nm,2025-09-18 19:47:54.964000+00:00,player_b88b6fa8ed,player_78f76fcfcd,1.0,0.6053871752790623,0.6400649998028851,1853.6569577525047,1779.3121493603867,1873.0,1773.0,0.6506046279338725,0.5,test,-10.21460829930333
3917,fl0GCJTd,2025-09-18 19:47:54.964000+00:00,player_c81be32368,player_5c1fd39a9c,1.0,0.7914533126355537,0.8230246289217321,1855.3613611428757,1623.6725589661194,1854.0,1587.0,0.8312539156520465,0.5,test,-10.165543888435762
3918,p1m4ezCY,2025-09-18 19:47:54.964000+00:00,player_d62b36fee2,player_032940e141,0.0,0.40902859551752235,0.21497326300182792,1623.597076101159,1687.522194542192,1587.0,1812.0,0.1695550886467628,0.5,test,-9.825349924752143
3919,pXLdiYrZ,2025-09-18 19:47:54.964000+00:00,player_4385d4a442,player_fe238bcb8d,0.0,0.37882902909372507,0.4243130476235704,1765.653443548812,1851.5606038590267,1772.0,1825.0,0.403370826694226,0.5,test,-9.86566051410503
3920,yGR2wgoM,2025-09-18 19:47:54.964000+00:00,player_4304848789,player_9c81360111,1.0,0.5506546076959685,0.5143871841659987,2053.0836726406073,2017.7640786731931,2022.0,2012.0,0.5057562084111449,0.5,test,-9.950713528796063
3921,zOCoRwdW,2025-09-18 19:47:54.964000+00:00,player_42934eb12d,player_5606388063,1.0,0.6973885977245607,0.7081663882812006,1628.630046893647,1483.5942251478186,1692.0,1538.0,0.7033850034718286,0.5,test,-9.942151913456119
3922,0PdxS7Dr,2025-09-18 19:47:54.965000+00:00,player_f8aab17de5,player_9f6083310e,0.0,0.8804108903993824,0.9155353267032756,1765.824006339282,1419.0264968858369,1836.0,1422.0,0.9219774236826269,0.5,test,-10.369215469199453
3923,0ZT3q51H,2025-09-18 19:47:54.965000+00:00,player_1348bf52c1,player_f86be67028,1.0,0.9111794702623619,0.8780900739425958,1713.6389928799367,1309.2027660485894,1717.0,1374.0,0.8756036686409934,0.5,test,-10.409041795138384
3924,FQMTC7Rm,2025-09-18 19:47:54.965000+00:00,player_ca752b53a4,player_3041c5745f,0.0,0.11664061612203935,0.15097955721132328,1368.7589284965945,1720.4739772425153,1417.0,1717.0,0.16004930536524656,0.5,test,-10.45943072294704
3925,LNi4yXej,2025-09-18 19:47:54.965000+00:00,player_d92364fe1d,player_5fcd7a95e8,0.0,0.007835803756827327,0.007835803756827327,1435.0,2276.0,1435.0,2276.0,0.007835803756827327,0.5,test,-10.45943072294704
3926,avTIHXN1,2025-09-18 19:47:54.965000+00:00,player_701f922727,player_586c091e18,0.0,0.10643764672070309,0.13211765423936409,1219.3294763270312,1588.9413160241622,1275.0,1602.0,0.13748809600868891,0.5,test,-10.49479788999961
3927,sfZgbAOe,2025-09-18 19:47:54.965000+00:00,player_97228d58d3,player_23701e6596,1.0,0.9325399515250251,0.9302417126410938,1811.0586839758378,1354.8103648421857,1798.0,1348.0,0.9298672374484249,0.5,test,-10.497668063533323
3928,2zVXyJDf,2025-09-18 19:48:32.394000+00:00,player_ce8d5fbce1,player_2ee9733bfe,1.0,0.7961165085916712,0.820495207286423,1817.3891070030108,1580.7512799432407,1812.0,1548.0,0.8255259873611817,0.5,test,-10.461392862627328
3929,6J7wyIFt,2025-09-18 19:48:32.394000+00:00,player_7c345e92a2,player_55f08ec155,1.0,0.7519470750094426,0.6973450785898532,1970.5173518201605,1777.8601831007422,1971.0,1826.0,0.6813218351663937,0.5,test,-10.560024018589436
3930,7YbQubRh,2025-09-18 19:48:32.394000+00:00,player_3b88d50752,player_f5748e2ba0,0.0,0.28894285511643697,0.2663662975861926,1613.2820217766202,1769.7190397117581,1591.0,1767.0,0.2618909674595814,0.5,test,-10.522685263456117
3931,GDXVqQuW,2025-09-18 19:48:32.394000+00:00,player_afe82545f4,player_0f2b14cf25,1.0,0.7230657813671599,0.6838163141936586,1841.0466410878105,1674.3261659618029,1790.0,1656.0,0.667418421873223,0.5,test,-10.602768297002939
3932,I9Sr2Irg,2025-09-18 19:48:32.394000+00:00,player_94a1d0af2b,player_ad0e8c47f8,1.0,0.741348205652707,0.7392202541406678,1534.44923207416,1351.5265340153915,1559.0,1378.0,0.7381090325404187,0.5,test,-10.607147170828378
3933,Ix8Qbmpx,2025-09-18 19:48:32.394000+00:00,player_5658e0bf0b,player_da9790cff0,1.0,0.45498466034450064,0.37061145278249774,1480.1751536428924,1511.539942048639,1430.0,1522.0,0.3493953720661275,0.5,test,-10.871206723444773
3934,KZSR3uZe,2025-09-18 19:48:32.394000+00:00,player_a3cb35c7d1,player_0ab0ebacb4,0.0,0.6783994857588266,0.25967158048516964,2007.5652637580972,1877.8977535469414,1832.0,2014.0,0.1812067098656847,0.5,test,-9.936685200758728
3935,O9er6rDr,2025-09-18 19:48:32.394000+00:00,player_266941d75e,player_016d70e170,0.0,0.007937364996875397,0.005853965847078684,1398.0958285085283,2236.8409249307642,1341.0,2233.0,0.005496752789773711,0.5,test,-9.934228082717114
3936,QVMB4deI,2025-09-18 19:48:32.394000+00:00,player_2a54a83280,player_2868d780c7,0.0,0.18206236894188432,0.18206236894188432,1587.0,1848.0,1587.0,1848.0,0.18206236894188432,0.5,test,-9.934228082717114
3937,RFEU92Vs,2025-09-18 19:48:32.394000+00:00,player_e73266ea26,player_221fd4d07b,1.0,0.5815582806036522,0.5658152030692333,1719.236904074164,1662.0535977102336,1755.0,1709.0,0.558731369324761,0.5,test,-9.974270472370026
3938,SuNGZXBk,2025-09-18 19:48:32.394000+00:00,player_711b3cd9f5,player_86b23a224d,1.0,0.9862336945102583,0.9490338639240656,1876.0,1133.9350267033512,1876.0,1368.0,0.9287326342558504,0.5,test,-10.034342913695179
3939,VrqHqN7Q,2025-09-18 19:48:32.394000+00:00,player_2c115abdde,player_6e9e0ae007,1.0,0.8228187172250505,0.8954031473673285,2319.59988319077,2052.8453549019296,2317.0,1944.0,0.908134935731807,0.5,test,-9.935685844228225
3940,bnrINub9,2025-09-18 19:48:32.394000+00:00,player_edf86a185e,player_b40a8d9fd8,1.0,0.05498053891909622,0.06298627871190775,1451.893208583328,1945.985912455962,1468.0,1937.0,0.06540675986278599,0.5,test,-9.762039514072715
3941,huOHt6qf,2025-09-18 19:48:32.394000+00:00,player_cb390f5ad7,player_5d179514af,0.0,0.1691044620735907,0.2674927102443324,1490.0868383883624,1766.6433821766775,1595.0,1770.0,0.29661499652817136,0.5,test,-9.928639194804532
3942,ibLVSPW2,2025-09-18 19:48:32.394000+00:00,player_d1b2e47a87,player_09854e9de7,0.0,0.15864191917124415,0.08402058726172794,1591.845112408466,1881.67027847285,1447.0,1862.0,0.05266287413392589,0.5,test,-9.810001520620935
3943,qyjYj78Q,2025-09-18 19:48:32.394000+00:00,player_654f485eb7,player_8517557152,0.0,0.8280925231514207,0.8562520600981506,1587.113638941164,1314.0,1624.0,1314.0,0.8618278475799177,0.5,test,-10.028457538397856
3944,t7irTSpm,2025-09-18 19:48:32.394000+00:00,player_95ff970eac,player_d6e4fb2db5,1.0,0.5344510941044849,0.5373473171664928,1334.3691487841954,1310.392084727132,1308.0,1282.0,0.554469374021676,0.5,test,-9.991686192711503
3945,IqTsa29r,2025-09-18 19:49:09.652000+00:00,player_642d7c533c,player_b57b1c0a49,0.0,0.10289400484905525,0.12377068106893543,1655.8185248892216,2032.0,1692.0,2032.0,0.12885220159544447,0.5,test,-10.021048563429911
3946,JsAix1v3,2025-09-18 19:49:09.652000+00:00,player_aeacea3497,player_ea0bb659d0,1.0,0.8401549055222655,0.7245382428425361,1994.3114723537772,1706.0474504125093,1886.0,1718.0,0.6788169197947567,0.5,test,-10.234283390513959
3947,KG5eh3XK,2025-09-18 19:49:09.652000+00:00,player_0e778d3f65,player_d7aa45b051,1.0,0.5576628364921974,0.3612622508882752,2039.6665236199326,1999.4192137358023,1852.0,1951.0,0.3124617517876582,0.5,test,-10.813555867188086
3948,Ll3Wc7LE,2025-09-18 19:49:09.652000+00:00,player_6393a121b1,player_be6f3b962a,0.0,0.015633612092035693,0.01859298663965645,1372.99641959488,2092.6353972146,1397.0,2086.0,0.019452201908438133,0.5,test,-10.817442647232644
3949,RuEdjT8j,2025-09-18 19:49:09.652000+00:00,player_8f770a31d9,player_e9951c4d68,0.0,0.11446261743335488,0.12628957905491864,1554.1329015829244,1909.5501922630392,1553.0,1889.0,0.13545299458869567,0.5,test,-10.841431643311113
3950,SMdSYOEV,2025-09-18 19:49:09.652000+00:00,player_a43116799c,player_a5275371e3,1.0,0.2014173519928275,0.3249597989597013,1534.9138943534854,1774.2030892900598,1733.0,1860.0,0.3746486066924632,0.5,test,-10.220822238904749
3951,YbYNfCR6,2025-09-18 19:49:09.652000+00:00,player_7edad124da,player_2ff21a918f,0.0,0.6499675528070261,0.7898441797581306,1773.4754538060088,1665.96210486334,1816.0,1586.0,0.8230246289217321,0.5,test,-10.902837518915288
3952,dPsC9diS,2025-09-18 19:49:09.652000+00:00,player_4fa5c9174b,player_03462e4ffd,0.0,0.11812104926691841,0.08809469239657637,1359.0,1708.2326722244063,1359.0,1765.0,0.08226538120060121,0.5,test,-10.862984058884615
3953,glGqu34x,2025-09-18 19:49:09.652000+00:00,player_8c73f75e20,player_7296c8c2a7,1.0,0.38830045629110815,0.3612622508882752,1846.0975176855018,1925.0456199476566,1799.0,1898.0,0.35596614617770733,0.5,test,-10.949927839397201
3954,icOwzG8A,2025-09-18 19:49:09.652000+00:00,player_b10b6ca0e2,player_c82858060a,1.0,0.6043428523868343,0.7741479777018306,1685.8312282479912,1612.2454785280083,1720.0,1506.0,0.8238615285055724,0.5,test,-10.640067044831753
3955,piFcRAnx,2025-09-18 19:49:09.652000+00:00,player_d030fe4bc1,player_39eaa03f9e,0.0,0.0038923335079232603,0.002976496637590829,1260.7009202861673,2223.939415353417,1212.0,2222.0,0.0028104619732101915,0.5,test,-10.638981535216333
3956,sYE6xKRe,2025-09-18 19:49:09.652000+00:00,player_6e7ce99497,player_76190258fa,1.0,0.18192128808416494,0.1423366814461431,1766.9764200605462,2028.1410477494337,1709.0,2021.0,0.1347802947714417,0.5,test,-10.93890963911939
3957,u5QRE3eZ,2025-09-18 19:49:09.652000+00:00,player_7f5cbf43bb,player_a235f79571,1.0,0.8158568126194972,0.7670249181450214,1966.3547854524568,1707.7714701856364,1885.0,1678.0,0.7565805942950526,0.5,test,-11.01433944065088
3958,vsPmagBk,2025-09-18 19:49:09.652000+00:00,player_f7db316c11,player_cd4070b519,1.0,0.7544738947763201,0.7081663882812006,1483.5968390179517,1288.5782218729682,1488.0,1334.0,0.7057813597120025,0.5,test,-11.081054618154951
3959,5tit0f7V,2025-09-18 19:49:48.106000+00:00,player_97f46d52b9,player_c0c8a08a0d,0.0,0.37072693296808246,0.27089003710224746,1607.2312275093886,1699.1452299167333,1589.0,1761.0,0.24554595805781354,0.5,test,-10.899625545061404
3960,9NiwvQs1,2025-09-18 19:49:48.106000+00:00,player_a516df6252,player_e8ff39ceb6,1.0,0.32300537029306664,0.3507050528890364,1787.4498077369608,1916.0,1809.0,1916.0,0.35596614617770733,0.5,test,-10.802458863116396
3961,9z7wxSwH,2025-09-18 19:49:48.106000+00:00,player_23cb130ca5,player_3794ccac0e,1.0,0.8689223006735834,0.8490204427886767,1879.6000688324905,1551.0192154815104,1888.0,1588.0,0.8460451004320948,0.5,test,-10.829139903652157
3962,BuINwFm7,2025-09-18 19:49:48.106000+00:00,player_3b38c16574,player_db00527c42,0.0,0.09775386622419616,0.04851775409661937,1562.8332457998113,1948.9096804879139,1532.0,2049.0,0.04299464504873258,0.5,test,-10.77021827507628
3963,FnCvw7H9,2025-09-18 19:49:48.106000+00:00,player_9193b074e9,player_49b78ee6d5,1.0,0.6487147525816985,0.6035363185261781,1870.7556439902812,1764.198098828612,1838.0,1765.0,0.5938553852361779,0.5,test,-10.858575546276473
3964,KIqwieaV,2025-09-18 19:49:48.106000+00:00,player_4fb35a570a,player_8f396e4253,1.0,0.6037147350729514,0.5700528235839882,1820.790759876661,1747.6612191996512,1825.0,1776.0,0.5516235473109605,0.5,test,-10.94881150560612
3965,MWtfU4E3,2025-09-18 19:49:48.106000+00:00,player_eecd96faf6,player_e3357e2a45,0.0,0.38089477478797085,0.40060320329074317,1628.6472407948033,1713.0310225986302,1662.0,1732.0,0.39784190682528303,0.5,test,-10.976566732029623
3966,NzavgwYm,2025-09-18 19:49:48.106000+00:00,player_343e0b1ee2,player_a71ab86adb,0.0,0.7920769107091509,0.8452938106179996,1729.716246669594,1497.3703928980192,1788.0,1493.0,0.8526729520561114,0.5,test,-11.321080048841722
3967,XYN49xC7,2025-09-18 19:49:48.106000+00:00,player_d63844d204,player_7cc55356e9,0.0,0.22533505008107504,0.3075366074204823,1563.9999079764818,1778.513970609486,1645.0,1786.0,0.32875941918416823,0.5,test,-11.464383048610957
3968,ahedyahw,2025-09-18 19:49:48.106000+00:00,player_e384688a60,player_6cf377a2da,0.0,0.1889919728553833,0.13817215242008227,1733.1098993571256,1986.142617034443,1682.0,2000.0,0.12190992605740426,0.5,test,-11.384911822227947
3969,cCgQYs1y,2025-09-18 19:49:48.106000+00:00,player_d0047f4ae9,player_d39c4ff769,1.0,0.5562806011000816,0.5700528235839882,1895.4565915825747,1856.182391869814,1905.0,1856.0,0.7741479777018306,0.5,test,-11.054421626431498
3970,irkYZcRr,2025-09-18 19:49:48.106000+00:00,player_9e20f9b28a,player_411191eb69,1.0,0.7019910846000126,0.7336337024138074,1834.561690281251,1685.7207544053772,1848.0,1672.0,0.7403284195148304,0.5,test,-11.001248432477889
3971,k6bLLcM3,2025-09-18 19:49:48.106000+00:00,player_db90f327bd,player_c3a149acc0,0.0,0.04580911582925893,0.032773891454587506,1291.0382082679566,1818.5115497766294,1258.0,1846.0,0.030997377503811954,0.5,test,-10.985844853858964
3972,lZVVSgWp,2025-09-18 19:49:48.106000+00:00,player_4b16968a9e,player_5b34aa5dfc,0.0,0.32030347547853943,0.2340053292335112,1390.0953497877692,1520.796709076664,1401.0,1607.0,0.21497326300182792,0.5,test,-10.841773487872118
3973,pXnhks8X,2025-09-18 19:49:48.106000+00:00,player_be6cb720c5,player_1d9e1a3cc1,1.0,0.11614318600356882,0.11067748628905313,1313.311231487551,1665.8665031374078,1325.0,1687.0,0.10954936127707525,0.5,test,-10.900222044278948
3974,zn5rIqMi,2025-09-18 19:49:48.106000+00:00,player_09fe126b7a,player_9ff72376af,0.0,0.36932549252596697,0.30144137358197703,1695.4268931096901,1788.3852895265645,1660.0,1806.0,0.2942186402879975,0.5,test,-10.787706436978631
3975,3ui0cibX,2025-09-18 19:50:26.480000+00:00,player_17d7f84176,player_0c78212bc3,0.0,0.09047111502209154,0.07517277876028843,1969.1480596108472,2370.0706808727828,1925.0,2361.0,0.07203315850384262,0.5,test,-10.767637192615116
3976,8YH6dkHW,2025-09-18 19:50:26.480000+00:00,player_592792b68b,player_abbe762f0d,1.0,0.8705271616541148,0.9294909043747703,2005.9582956277948,1674.9168326666095,2021.0,1573.0,0.9393504414906022,0.5,test,-10.691547536987223
3977,BoordsVm,2025-09-18 19:50:26.480000+00:00,player_d539a5e529,player_04d4b5b801,0.0,0.22507003654700064,0.20261368597229626,1591.6323043334198,1806.4102132119954,1477.0,1715.0,0.18464818471669944,0.5,test,-10.64070049722875
3978,DafFxwP4,2025-09-18 19:50:26.480000+00:00,player_c95ae88f67,player_e558f7f0c0,1.0,0.7705866662397911,0.8255259873611817,2164.0316892741607,1953.5505556762014,2089.0,1819.0,0.8497568518427462,0.5,test,-10.542902374275572
3979,FsxCpn5z,2025-09-18 19:50:26.480000+00:00,player_80535e6838,player_cc32fbb2f4,1.0,0.5083986515479529,0.5993967967092568,1795.2641024159798,1789.4275726139024,1829.0,1759.0,0.626699081666732,0.5,test,-10.333701769360578
3980,P3ADwGE1,2025-09-18 19:50:26.480000+00:00,player_1aaaee5c2a,player_c2fc886ecf,0.0,0.024057502079439453,0.022395622457170423,1479.9821555051458,2123.251634699574,1466.0,2122.0,0.021896998648233378,0.5,test,-10.331490455128234
3981,QRngnAAZ,2025-09-18 19:50:26.480000+00:00,player_b3832d9015,player_98688a5bf7,0.0,0.257962378305821,0.30509028727049736,1759.16769255643,1942.7155135546686,1841.0,1984.0,0.3249597989597013,0.5,test,-10.426118153906327
3982,RzgbPEYE,2025-09-18 19:50:26.480000+00:00,player_d1a9c42e72,player_c343e7f336,1.0,0.7370234290738679,0.8631931113967899,1979.4770708951,1800.4513766301072,2037.0,1717.0,0.8876112598598545,0.5,test,-10.2402039586639
3983,g3JanceG,2025-09-18 19:50:26.480000+00:00,player_df147156b7,player_7f5ab1205b,0.5,0.4315657032034522,0.47555453887933863,2009.346719950113,2057.200059836091,1930.0,1947.0,0.45265148195413535,0.5,test,-10.235252599465326
3984,iXJsbd8i,2025-09-18 19:50:26.480000+00:00,player_819e24ef50,player_bf79f2e0ca,1.0,0.337295319089472,0.21888459727003834,1675.1289459316445,1792.4528355258408,1623.0,1844.0,0.1970908298461841,0.5,test,-10.772546776159212
3985,jTNuw3aA,2025-09-18 19:50:26.480000+00:00,player_fb1aa778b6,player_b3dd53c1c0,1.0,0.8366926501347256,0.8162168965756028,2089.6263243856756,1805.802235267674,2058.0,1799.0,0.8109791581199478,0.5,test,-10.803761220276403
3986,nDwi6PGS,2025-09-18 19:50:26.480000+00:00,player_4d66dc48f8,player_333b727a80,0.0,0.6082242974792601,0.5993967967092568,1771.3401369492065,1694.9296299898983,1789.0,1719.0,0.5924662305843318,0.5,test,-10.764326909878953
3987,nYXOIdeL,2025-09-18 19:50:26.480000+00:00,player_6a3f628a42,player_6c4dd897f2,0.0,0.7136501184310562,0.7859966022821575,2025.7847585847614,1867.1494248367753,2076.0,1850.0,0.809207997485838,0.5,test,-11.170357492538791
3988,pJ5TTIgg,2025-09-18 19:50:26.480000+00:00,player_d2ed955a08,player_1556d7324c,0.0,0.3053177727284911,0.39784190682528303,1630.2904023469705,1773.1040433334963,1588.0,1660.0,0.41589904118632204,0.5,test,-11.343738164027924
3989,pMp8v7lf,2025-09-18 19:50:26.480000+00:00,player_a20e19ed65,player_ac62c002a3,0.0,0.43127542412345365,0.5100724469274385,1336.3481773015546,1384.4070911293634,1327.0,1320.0,0.5100724469274385,0.5,test,-11.492876902237077
3990,pTtJDqaY,2025-09-18 19:50:26.480000+00:00,player_7fd295e0b4,player_47d110307f,0.0,0.8885906731033677,0.8893225137109468,2169.45199989778,1808.73991985873,2217.0,1855.0,0.8887546456176784,0.5,test,-11.494349788798566
3991,wvRd9bqj,2025-09-18 19:50:26.480000+00:00,player_e29c1979bc,player_06cd8b8e81,1.0,0.7594106081857304,0.8705002577432696,2141.5453454830217,1941.8652714056097,2103.0,1772.0,0.8691968654550538,0.5,test,-11.359322763531646
3992,5TNCsSwj,2025-09-18 19:51:12.107000+00:00,player_81ac4606ec,player_d6bca84ead,0.0,0.003948577777607056,0.005372303610543144,1115.263574833134,2076.0,1169.0,2076.0,0.0057873438628595454,0.5,test,-11.36117052497035
3993,75rPKXoE,2025-09-18 19:51:12.107000+00:00,player_1d9e1a3cc1,player_ec9ab3f8cf,1.0,0.7195371924862624,0.7761545753418307,1609.2996670416362,1445.628478975874,1677.0,1461.0,0.8019966441144332,0.5,test,-11.25267431862822
3994,DIg4cbvS,2025-09-18 19:51:12.107000+00:00,player_7c9c160dc6,player_21dce45a29,0.0,0.08023741719162435,0.09577985563038598,1327.910562525451,1751.6300814955628,1360.0,1750.0,0.09932696400964386,0.5,test,-11.273647591587737
3995,Hp7aeJlO,2025-09-18 19:51:12.107000+00:00,player_bd9a49b1b8,player_16ec20cd15,1.0,0.6179723854602236,0.5700528235839882,2341.7555355197997,2258.2058106759414,2216.0,2167.0,0.5615679389736461,0.5,test,-11.369358601965923
3996,I5Uf2SDf,2025-09-18 19:51:12.107000+00:00,player_8ed1a7354e,player_0008d08957,0.0,0.5428703890834653,0.4712494361077314,1670.1927219423624,1640.3300020567651,1619.0,1639.0,0.43843206102635396,0.5,test,-11.163592802798693
3997,JsJcKDbM,2025-09-18 19:51:12.107000+00:00,player_777c270dae,player_8d4df04e81,0.0,0.11641058990745651,0.08855822999698423,1749.551056898081,2101.6542617593263,1693.0,2098.0,0.08313877240427012,0.5,test,-11.126629161559178
3998,NDiBEyZ4,2025-09-18 19:51:12.107000+00:00,player_95f21b86f5,player_206a863fb3,1.0,0.3923639495711119,0.48992755307256153,1611.9294190908024,1687.9111929601695,1621.0,1628.0,0.5172625244323762,0.5,test,-10.85026848356513
3999,QZ2uqjSL,2025-09-18 19:51:12.107000+00:00,player_6fffeaa105,player_f055c06ad8,0.0,0.4331306112539484,0.4555054269169921,1907.70634521578,1954.45199608083,1893.0,1924.0,0.47842666694885455,0.5,test,-10.933547521791752
4000,UWoUjz7F,2025-09-18 19:51:12.107000+00:00,player_30f0782407,player_d8064a3fec,0.0,0.2824909166393933,0.3937121762145718,1806.1399166041992,1968.0690828348263,1864.0,1939.0,0.43701527189640416,0.5,test,-11.176080627235773
4001,bfJK7ep7,2025-09-18 19:51:12.107000+00:00,player_a2f078f954,player_0dace005af,0.0,0.28030723417564035,0.3038712295704002,1222.1948675598044,1386.0,1242.0,1386.0,0.308763847585237,0.5,test,-11.216423514081807
4002,dJNMFszt,2025-09-18 19:51:12.107000+00:00,player_84e2d11da4,player_be6cb720c5,0.0,0.9577262040213897,0.9495878577870241,1911.9461168159257,1369.8780675833225,1845.0,1335.0,0.9440870944880482,0.5,test,-10.93679570641593
4003,fmMGVyL3,2025-09-18 19:51:12.107000+00:00,player_c82858060a,player_db06ce1c13,0.0,0.064116380807118,0.07319608607220641,1586.9234210807658,2052.624559569386,1503.0,1944.0,0.06901488036818262,0.5,test,-10.942043542754025
4004,pir4wDK6,2025-09-18 19:51:12.107000+00:00,player_085c0b189a,player_ca06dcd8b5,0.0,0.6686013554350558,0.8047246934992595,1860.499101096908,1738.5724911425236,1948.0,1702.0,0.8352528323139615,0.5,test,-11.640953576062977
4005,qH1L1QSz,2025-09-18 19:51:12.107000+00:00,player_063cef7e75,player_cfde590949,0.0,0.1500348057954981,0.16794015946966684,1521.037780941352,1822.3214295000273,1541.0,1819.0,0.1761384714944276,0.5,test,-11.672146508856537
4006,vNHWeOzA,2025-09-18 19:51:12.107000+00:00,player_44d7b741dc,player_4b3170bd7c,1.0,0.5910755963149433,0.5910755963149433,1921.0,1857.0,1921.0,1857.0,0.5910755963149433,0.5,test,-11.672146508856537
4007,wqUFQ8uv,2025-09-18 19:51:12.107000+00:00,player_7ac78dcfca,player_15e747c062,0.0,0.6383758860008422,0.7033850034718286,2111.2652303789346,2012.5375939745802,1991.0,1841.0,0.7222345336491706,0.5,test,-11.935974710694808
4008,wqXfArPC,2025-09-18 19:51:12.107000+00:00,player_c115812a60,player_a5f43760a2,0.0,0.3607091748463156,0.12949974225673044,1510.2692433149075,1609.6857563820477,1392.0,1723.0,0.09283006384728522,0.5,test,-11.586004393707396
4009,yA0TofDD,2025-09-18 19:51:12.107000+00:00,player_05bddac032,player_2ff421b778,1.0,0.6958810851573098,0.7403284195148304,2111.236493168835,1967.4398532217263,2127.0,1945.0,0.7711142606875975,0.5,test,-11.483346624163985
4010,2O1CA8f5,2025-09-18 19:51:51.455000+00:00,player_37bee017ff,player_d360f2bc80,1.0,0.5565185064614325,0.5910755963149433,2146.9308437539103,2107.4891999628385,2135.0,2071.0,0.5827018849642301,0.5,test,-11.437371340400357
4011,r3IgIrRP,2025-09-18 19:51:51.455000+00:00,player_b21cbf6e60,player_85b73e0103,0.0,0.05265369168335267,0.12885220159544447,1640.33052430818,2142.362500706655,1677.0,2009.0,0.15774132752957445,0.5,test,-11.55494887759597
4012,BIaqPDrg,2025-09-18 19:51:51.456000+00:00,player_591a410960,player_a5275371e3,0.0,0.5264792323921433,0.34808796012533627,1741.5106852600954,1723.0937998176007,1743.0,1852.0,0.3038712295704002,0.5,test,-11.169609990838257
4013,DQguD5nt,2025-09-18 19:51:51.456000+00:00,player_076a4e5b74,player_25ebcf566a,0.0,0.28657751878064064,0.3679299878999264,1819.181304783351,1977.6231737538847,1854.0,1948.0,0.3868631798468569,0.5,test,-11.321095667378449
4014,DmbKphFd,2025-09-18 19:51:51.456000+00:00,player_39aa036cb7,player_789b2b0faf,0.0,0.330359628058198,0.3136997423166875,1257.4462864426212,1380.188150629785,1157.0,1293.0,0.3063120835780346,0.5,test,-11.285814306147362
4015,RebLrwWY,2025-09-18 19:51:51.456000+00:00,player_85f9dfd862,player_ae01e72a3a,1.0,0.792199889811759,0.8038185194246843,1888.2517777275843,1655.7761760671488,1916.0,1671.0,0.8065275228171078,0.5,test,-11.26789002901511
4016,aimwYKIG,2025-09-18 19:51:51.456000+00:00,player_11bf4ccb6b,player_2e7c08a0b7,0.0,0.7185424535561988,0.8980682790110263,1542.6486757791806,1379.8328617255902,1671.0,1293.0,0.9244260414259254,0.5,test,-12.582759892760556
4017,bY9lwwWh,2025-09-18 19:51:51.456000+00:00,player_21bfa90b90,player_8517557152,0.0,0.3634905756764272,0.3572869311673796,1269.6732482618702,1366.9979214816908,1226.0,1328.0,0.36259162325551547,0.5,test,-12.581348573177188
4018,cmKoDvWT,2025-09-18 19:51:51.456000+00:00,player_343e0b1ee2,player_a43116799c,0.0,0.6307304770676202,0.5558909611168531,1679.0233243842083,1586.0231838259444,1779.0,1740.0,0.5129491448928637,0.5,test,-12.304506822143818
4019,fNU5aO1C,2025-09-18 19:51:51.456000+00:00,player_8824ea67c7,player_f226a787f8,0.0,0.46505638351543677,0.36259162325551547,1769.7439070749292,1794.0648668363956,1718.0,1816.0,0.33900090875364175,0.5,test,-12.092915708703115
4020,fhUawMaI,2025-09-18 19:51:51.456000+00:00,player_54801e8a74,player_8196d7f874,0.0,0.1882488701347767,0.1437479399018495,1606.082152426106,1859.958361838714,1599.0,1909.0,0.13545299458869567,0.5,test,-12.029903834982676
4021,gkPbDpAE,2025-09-18 19:51:51.456000+00:00,player_39eaa03f9e,player_1c762c8a8b,1.0,0.9970589603765683,0.9981520224493885,2224.188524697924,1212.100538638502,2222.0,1129.0,0.9983336136712032,0.5,test,-12.028626238298601
4022,k6qeLdFD,2025-09-18 19:51:51.456000+00:00,player_21f2010af5,player_ec3fd5d597,1.0,0.6102348977184384,0.7222345336491706,1903.445414457877,1825.567779132293,1973.0,1807.0,0.7512407935337106,0.5,test,-11.820743968658602
4023,nWOBLTgY,2025-09-18 19:51:51.456000+00:00,player_f3ee2283ce,player_654f485eb7,0.0,0.14358918478563235,0.09984313269951924,1223.8915521333345,1534.1157174594732,1232.0,1614.0,0.09138595328508632,0.5,test,-11.76157374104889
4024,uGPpK3k3,2025-09-18 19:51:51.456000+00:00,player_4bca831314,player_a71ab86adb,1.0,0.7605777891794692,0.8467934030726807,1748.8549959818752,1548.063315183405,1800.0,1503.0,0.8590630023766738,0.5,test,-11.639809871250984
4025,0txXspLM,2025-09-18 19:52:28.804000+00:00,player_96762f0425,player_56487e0825,1.0,0.9197313305282813,0.969855570799269,1598.95006916819,1175.3041024790778,1729.0,1126.0,0.97644157445654,0.5,test,-11.579976549668906
4026,4kmvfMfV,2025-09-18 19:52:28.804000+00:00,player_b069a4b90e,player_93f647bc64,1.0,0.6406058569072199,0.45979177167625435,1656.6634472605006,1556.255483382225,1620.0,1648.0,0.43135860811633236,0.5,test,-11.975451148102879
4027,7JADw43X,2025-09-18 19:52:28.804000+00:00,player_aaeeb9d45b,player_0b1e14e955,1.0,0.8203331435191367,0.654519994382466,1428.2582368698481,1164.4493211886434,1408.0,1297.0,0.8780900739425958,0.5,test,-11.907412500154159
4028,ItYmhE1H,2025-09-18 19:52:28.804000+00:00,player_5f93c621f7,player_ce59f0ca7a,1.0,0.7079172427760712,0.7336337024138074,1791.2254399354656,1637.434811557522,1801.0,1625.0,0.730245413297424,0.5,test,-11.876359038036556
4029,KNFvyEcM,2025-09-18 19:52:28.804000+00:00,player_912f690b63,player_ba1bfc0b56,0.0,0.6315182901269831,0.6334077000711676,1831.7117290777633,1738.1237301637861,1813.0,1718.0,0.641390111955618,0.5,test,-11.903514979626479
4030,M6Y2PO7x,2025-09-18 19:52:28.804000+00:00,player_2ece99a10a,player_3dedf8fe4b,0.0,0.13878454063698625,0.1314590000241483,1408.9235361779965,1726.0318261022724,1401.0,1729.0,0.12756539636424022,0.5,test,-11.89057199749675
4031,PlXAu8PH,2025-09-18 19:52:28.804000+00:00,player_04d4b5b801,player_8d1936f6be,1.0,0.44069716265352066,0.31992932426277854,1820.8146955510033,1862.2174027979274,1717.0,1848.0,0.29781739790947936,0.5,test,-12.282449391052898
4032,PvvIUOcn,2025-09-18 19:52:28.804000+00:00,player_ac5b2e1faf,player_c2594467fb,0.0,0.8244181050145959,0.8056276940436502,1806.1194816590503,1537.4523661170742,1806.0,1559.0,0.8001620559151359,0.5,test,-12.153048204692169
4033,VLEk1V95,2025-09-18 19:52:28.804000+00:00,player_eb7a60a326,player_3a5f3f5148,1.0,0.3524428095860311,0.5516235473109605,2097.3047251273806,2202.980515300321,2071.0,2035.0,0.6131368201531431,0.5,test,-11.599348462801618
4034,VQpooPwo,2025-09-18 19:52:28.804000+00:00,player_5fcd7a95e8,player_d1e535cc67,1.0,0.7566728313804084,0.7325072897556676,2276.501491440437,2079.414476204993,2276.0,2101.0,0.726830072276731,0.5,test,-11.63958671983342
4035,VWWGdmyo,2025-09-18 19:52:28.804000+00:00,player_c48220c312,player_edf86a185e,0.0,0.8200736828666451,0.8118599983337865,1775.8777278983287,1512.3744540925059,1728.0,1474.0,0.8019966441144332,0.5,test,-11.543850158190304
4036,dssb0Mmi,2025-09-18 19:52:28.804000+00:00,player_60ce907576,player_d92364fe1d,1.0,0.972970019657407,0.9730453871658749,2057.0,1434.498508559563,2057.0,1434.0,0.9728939944716963,0.5,test,-11.543928298476775
4037,o4qyqGzb,2025-09-18 19:52:28.804000+00:00,player_635e2ad905,player_07b647559a,1.0,0.9396787447441646,0.8954031473673285,1710.4503168906156,1233.446703713881,1676.0,1303.0,0.8893225137109468,0.5,test,-11.599006402115583
4038,oeu6ScSi,2025-09-18 19:52:28.804000+00:00,player_3e22e2375b,player_f3f0ff27f9,0.0,0.01939258612887992,0.015690318403647745,1110.3949491013384,1791.9387264754544,1071.0,1790.0,0.014825628234724655,0.5,test,-11.594359939172346
4039,rm7ZlCHv,2025-09-18 19:52:28.804000+00:00,player_468c46e5dc,player_8c73f75e20,1.0,0.5136341426631532,0.5784967523447427,1894.7226103633302,1885.2462884828708,1861.0,1806.0,0.5952430396515719,0.5,test,-11.446901374339363
4040,zAnY0wca,2025-09-18 19:52:28.804000+00:00,player_b99e1146b7,player_3430d7eb2d,1.0,0.6552854029939671,0.7869632793894692,1964.2653633601456,1852.6770354695927,1917.0,1690.0,0.8029091701538159,0.5,test,-11.243730650418243
4041,3L5tfHK6,2025-09-18 19:53:06.165000+00:00,player_2f62ca03af,player_0a2953cf24,0.0,0.609621503498041,0.6519120398746636,1159.4297562393006,1082.0,1191.0,1082.0,0.6686949563073317,0.5,test,-11.407807889624696
4042,6gkQ2CRY,2025-09-18 19:53:06.165000+00:00,player_bd9a49b1b8,player_37bee017ff,1.0,0.7500465614476782,0.615864104253756,2366.2053028503456,2175.3136593403788,2221.0,2139.0,0.5827018849642301,0.5,test,-11.660267467135084
4043,Jte64Rat,2025-09-18 19:53:06.165000+00:00,player_8f396e4253,player_55c792da1b,0.0,0.09458208524749807,0.15697803558596385,1722.2989622443201,2114.715041688445,1771.0,2063.0,0.18035418550531074,0.5,test,-11.759791775097307
4044,PP614lwO,2025-09-18 19:53:06.165000+00:00,player_725002b39f,player_84577b4a79,0.5,0.5422509746580948,0.6622877974308888,1548.8323676476134,1519.4032024300939,1571.0,1454.0,0.691236152414763,0.5,test,-11.835287647135477
4045,bwtMkBvt,2025-09-18 19:53:06.165000+00:00,player_d78bcee283,player_4a983ef4e0,0.0,0.36081751073344454,0.3174296145252281,1639.0556982330518,1738.3906033301905,1633.0,1766.0,0.3161836858063414,0.5,test,-11.767788311390852
4046,fR0z8D2K,2025-09-18 19:53:06.165000+00:00,player_710f886203,player_3356c9419b,1.0,0.6959866219869358,0.7279715135441962,1673.2390908989532,1529.3558121742244,1708.0,1537.0,0.7325072897556676,0.5,test,-11.716645457530829
4047,r6bI81BZ,2025-09-18 19:53:06.165000+00:00,player_ae01e72a3a,player_20f46408ba,1.0,0.9029548950221509,0.9150891110604187,1642.4769690151013,1255.0,1668.0,1255.0,0.9177346187993988,0.5,test,-11.700409797006849
4048,wVJilFdx,2025-09-18 19:53:06.165000+00:00,player_987e5d4a79,player_4fb35a570a,1.0,0.8596627048852512,0.8279993802611698,2161.0150105748166,1846.153016831992,2103.0,1830.0,0.8153518152833006,0.5,test,-11.75333021041048
4049,xc2xuDkc,2025-09-18 19:53:06.165000+00:00,player_b10b6ca0e2,player_cee0c9e7a2,0.0,0.3610231620643718,0.44553062597832394,1711.1532856952338,1810.33330574797,1723.0,1761.0,0.46838170217189273,0.5,test,-11.937272670228598
4050,zLZiPSrp,2025-09-18 19:53:06.165000+00:00,player_d68b357b79,player_32458791f8,0.0,0.11199265384329446,0.09678159570481917,1572.9478033485223,1932.6386123436516,1541.0,1929.0,0.08996208018848378,0.5,test,-11.912766417120277
4051,2zh2Bafz,2025-09-18 19:53:44.565000+00:00,player_a3cb35c7d1,player_05b4376c0d,0.0,0.3619976309926855,0.36392310031211805,1964.1476966695323,2062.594321839569,1829.0,1926.0,0.3546475495606176,0.5,test,-11.901311811291395
4052,5lnJU9SZ,2025-09-18 19:53:44.565000+00:00,player_8993b8270f,player_496da5eb68,0.0,0.025175443793462267,0.019896286889966117,1432.2932087722274,2067.472939031014,1407.0,2084.0,0.018488237379830116,0.5,test,-11.89447532577042
4053,IuTh3b6F,2025-09-18 19:53:44.565000+00:00,player_f71b9e07bb,player_54e43be2e2,1.0,0.600059402638314,0.7964546997117258,1561.1236330685783,1490.6441313184516,1671.0,1434.0,0.8328626902603795,0.5,test,-11.56663518952611
4054,RHSyRaW1,2025-09-18 19:53:44.565000+00:00,player_0ab0ebacb4,player_d6a4bed269,0.0,0.3022910234273124,0.4726840269935071,1921.3153206355064,2066.61494448262,2017.0,2036.0,0.5316182978281073,0.5,test,-11.965153699911928
4055,wnaddmyH,2025-09-18 19:53:44.565000+00:00,player_7d30d24744,player_c8dd4feac5,1.0,0.8519307335686469,0.6387377491117249,1894.8731363943232,1590.8973919992939,1779.0,1680.0,0.5473485180458647,0.5,test,-12.40757318076841
4056,xdfnMqlg,2025-09-18 19:53:44.566000+00:00,player_81ac4606ec,player_e6c0205af9,1.0,0.1341310592132946,0.17118235224572423,1115.0108658553672,1438.9799888036466,1169.0,1443.0,0.1812067098656847,0.5,test,-12.106752133479764
4057,6owSMKj3,2025-09-18 19:54:22.936000+00:00,player_8d4df04e81,player_80535e6838,1.0,0.8355519968075195,0.8221846111535023,2109.104539513404,1826.7265887169108,2099.0,1833.0,0.8144835875047122,0.5,test,-12.132290436492578
4058,Pu3rBhuG,2025-09-18 19:54:22.936000+00:00,player_cc32fbb2f4,player_fb1aa778b6,0.0,0.12245762340128111,0.14660537788811823,1757.9650863129714,2100.0779947770534,1754.0,2060.0,0.15024314815725381,0.5,test,-12.16446543117999
4059,cfIeIc6j,2025-09-18 19:54:22.936000+00:00,player_d1ab878e39,player_a44891f56d,0.0,0.2912995538631814,0.22185154578086755,1387.2735535345348,1541.722708201368,1377.0,1595.0,0.20635925681183112,0.5,test,-12.05126747215469
4060,dduHqX2Y,2025-09-18 19:54:22.936000+00:00,player_563ade11f6,player_fc4855a868,0.0,0.35037536018161886,0.4285368825916186,1619.9160024590367,1727.1675751871264,1682.0,1732.0,0.44553062597832394,0.5,test,-12.209650617473823
4061,dkW0lOK1,2025-09-18 19:54:22.936000+00:00,player_80d88cf3a0,player_43291a0190,1.0,0.24169754488085657,0.3520169867496943,1562.402909002926,1761.0309982574681,1588.0,1694.0,0.36259162325551547,0.5,test,-11.804060551252851
4062,jS6LeUaz,2025-09-18 19:54:22.936000+00:00,player_64df42e6aa,player_f5748e2ba0,0.0,0.42067843808334865,0.4271277486054956,1732.6236063841457,1788.2113824392102,1719.0,1770.0,0.4285368825916186,0.5,test,-11.81771830461856
4063,NoSCVSyv,2025-09-18 19:55:02.375000+00:00,player_0f2b14cf25,player_b68be402f1,0.0,0.7949340278007598,0.8652197052285583,1656.6023759693012,1421.2273814099765,1652.0,1329.0,0.8841193563384137,0.5,test,-12.388489320152893
4064,tVQ4TsWk,2025-09-18 19:55:02.375000+00:00,player_4c26ff6930,player_8ed1a7354e,1.0,0.8785582675342196,0.8870357268841216,1979.210063361264,1635.4490170410206,1971.0,1613.0,0.8921239139432269,0.5,test,-12.373166511834938
4065,De7DE28w,2025-09-18 19:56:23.171000+00:00,player_8196d7f874,player_49b78ee6d5,1.0,0.6791813356705422,0.7057813597120025,1872.0062895273397,1741.7158429938409,1911.0,1759.0,0.7069752948085409,0.5,test,-12.333058944989606
4066,ISIWq9DY,2025-09-18 19:56:23.171000+00:00,player_016d70e170,player_edf86a185e,1.0,0.9795910600991486,0.9868402734522945,2237.3489162905644,1564.8591697959712,2233.0,1483.0,0.9875672647455576,0.5,test,-12.324949533299733
4067,SfeOXcTf,2025-09-18 19:56:23.171000+00:00,player_7fd295e0b4,player_81ac4606ec,1.0,0.9956076299726969,0.9973002352568716,2112.5821968191644,1170.4264780657163,2206.0,1179.0,0.9975513019253107,0.5,test,-12.32299918951367
4068,aaGmdmMk,2025-09-18 19:56:23.171000+00:00,player_fca0902753,player_38981dfb5f,0.0,0.6479830132503057,0.6479830132503057,1794.0,1688.0,1794.0,1688.0,0.6479830132503057,0.5,test,-12.32299918951367
4069,mK2x77R1,2025-09-18 19:57:00.830000+00:00,player_b99e1146b7,player_c95ae88f67,0.0,0.24834307328806837,0.2720284864558038,1986.3270975685316,2178.714142634814,1920.0,2091.0,0.27089003710224746,0.5,test,-12.353454633516213
4070,8VGqoMUK,2025-09-18 19:57:38.183000+00:00,player_39b330901c,player_05bddac032,1.0,0.4019181290976702,0.30265492141014677,2061.6508868649407,2130.700103718767,1985.0,2130.0,0.2618909674595814,0.5,test,-12.781774780022651
4071,bmVFKM9b,2025-09-18 19:57:38.183000+00:00,player_9ead8cc339,player_d8064a3fec,0.0,0.5067670654531713,0.45836229728523653,1990.851027334542,1986.1485014997475,1915.0,1944.0,0.44268836623770724,0.5,test,-12.659631756766263
4072,k3hI3yWD,2025-09-18 19:57:38.183000+00:00,player_3b8ae11565,player_7e9ee1a068,0.0,0.6605227041338791,0.6062878237854281,1519.0,1403.3691935631093,1519.0,1444.0,0.5952430396515719,0.5,test,-12.483752037247912
